2026-08-26 14:59:55 [INFO] [task_scheduler.cc:175] Initializing Task #0: "main"
2026-08-26 14:59:55 [INFO] [task_scheduler.cc:47] 
# from tvm.script import ir as I
# from tvm.script import tirx as T
# from tvm.tirx.layout import Axis

@I.ir_module
class Module:
    @T.prim_func(s_tir=True)
    def main(X: T.Buffer((1, 8, 2048, 2048), "float16"), W: T.Buffer((8, 1, 7, 7), "float16"), DepthwiseConv2d: T.Buffer((1, 8, 2048, 2048), "float16")):
        T.func_attr({"tirx.noalias": True})
        # with T.sblock("root"):
        PaddedInput = T.sblock_alloc_buffer((1, 8, 2054, 2054), "float16")
        for i0, i1, i2, i3 in T.grid(1, 8, 2054, 2054):
            with T.sblock("PaddedInput"):
                v_i0, v_i1, v_i2, v_i3 = T.axis.remap("SSSS", [i0, i1, i2, i3])
                T.reads(X[v_i0, v_i1, v_i2 - 3, v_i3 - 3])
                T.writes(PaddedInput[v_i0, v_i1, v_i2, v_i3])
                PaddedInput[v_i0, v_i1, v_i2, v_i3] = T.if_then_else(3 <= v_i2 and v_i2 < 2051 and 3 <= v_i3 and v_i3 < 2051, X[v_i0, v_i1, v_i2 - 3, v_i3 - 3], T.float16(0.0))
        for b, c, i, j, di, dj in T.grid(1, 8, 2048, 2048, 7, 7):
            with T.sblock("DepthwiseConv2d"):
                v_b, v_c, v_i, v_j, v_di, v_dj = T.axis.remap("SSSSRR", [b, c, i, j, di, dj])
                T.reads(PaddedInput[v_b, v_c, v_i + v_di, v_j + v_dj], W[v_c, 0, v_di, v_dj])
                T.writes(DepthwiseConv2d[v_b, v_c, v_i, v_j])
                with T.init():
                    DepthwiseConv2d[v_b, v_c, v_i, v_j] = T.float16(0.0)
                DepthwiseConv2d[v_b, v_c, v_i, v_j] = DepthwiseConv2d[v_b, v_c, v_i, v_j] + PaddedInput[v_b, v_c, v_i + v_di, v_j + v_dj] * W[v_c, 0, v_di, v_dj]
2026-08-26 14:59:55 [INFO] [task_scheduler.cc:179] Total 3 design space(s) generated
2026-08-26 14:59:55 [INFO] [task_scheduler.cc:185] Design space #0:
# from tvm.script import ir as I
# from tvm.script import tirx as T
# from tvm.tirx.layout import Axis

@I.ir_module
class Module:
    @T.prim_func(s_tir=True)
    def main(X: T.Buffer((1, 8, 2048, 2048), "float16"), W: T.Buffer((8, 1, 7, 7), "float16"), DepthwiseConv2d: T.Buffer((1, 8, 2048, 2048), "float16")):
        T.func_attr({"tirx.noalias": True})
        with T.sblock("root"):
            T.reads()
            T.writes()
            T.sblock_attr({"meta_schedule.unroll_explicit": 512})
            DepthwiseConv2d_local = T.sblock_alloc_buffer((1, 8, 2048, 2048), "float16", scope="local")
            PaddedInput_shared = T.sblock_alloc_buffer((1, 8, 2054, 2054), "float16", scope="shared")
            W_shared = T.sblock_alloc_buffer((8, 1, 7, 7), "float16", scope="shared")
            for b_0_c_0_i_0_j_0_fused in T.thread_binding(16, thread="blockIdx.x"):
                for b_1_c_1_i_1_j_1_fused in T.thread_binding(128, thread="vthread.x"):
                    for b_2_c_2_i_2_j_2_fused in T.thread_binding(256, thread="threadIdx.x"):
                        for di_0, dj_0 in T.grid(7, 1):
                            for ax0_ax1_ax2_ax3_fused in range(2121728):
                                with T.sblock("PaddedInput_shared"):
                                    v0 = T.axis.spatial(1, 0)
                                    v1 = T.axis.spatial(8, b_0_c_0_i_0_j_0_fused // 8 * 4 + ax0_ax1_ax2_ax3_fused // 530432)
                                    v2 = T.axis.spatial(2054, di_0 + b_0_c_0_i_0_j_0_fused % 8 // 4 * 1024 + ax0_ax1_ax2_ax3_fused % 530432 // 518)
                                    v3 = T.axis.spatial(2054, b_0_c_0_i_0_j_0_fused % 4 * 512 + ax0_ax1_ax2_ax3_fused % 518)
                                    T.reads(X[v0, v1, v2 - 3, v3 - 3])
                                    T.writes(PaddedInput_shared[v0, v1, v2, v3])
                                    T.sblock_attr({"meta_schedule.cooperative_fetch": 2})
                                    PaddedInput_shared[v0, v1, v2, v3] = T.if_then_else(3 <= v2 and v2 < 2051 and 3 <= v3 and v3 < 2051, X[v0, v1, v2 - 3, v3 - 3], T.float16(0.0))
                            for ax0_ax1_ax2_ax3_fused in range(28):
                                with T.sblock("W_shared"):
                                    v0 = T.axis.spatial(8, b_0_c_0_i_0_j_0_fused // 8 * 4 + ax0_ax1_ax2_ax3_fused // 7)
                                    v1 = T.axis.spatial(1, 0)
                                    v2 = T.axis.spatial(7, di_0)
                                    v3 = T.axis.spatial(7, ax0_ax1_ax2_ax3_fused % 7)
                                    T.reads(W[v0, v1, v2, v3])
                                    T.writes(W_shared[v0, v1, v2, v3])
                                    T.sblock_attr({"meta_schedule.cooperative_fetch": 4})
                                    W_shared[v0, v1, v2, v3] = W[v0, v1, v2, v3]
                            for di_1, dj_1, b_3, c_3, i_3, j_3, di_2, dj_2, b_4, c_4, i_4, j_4 in T.grid(1, 7, 1, 1, 4, 2, 1, 1, 1, 4, 1, 2):
                                with T.sblock("DepthwiseConv2d"):
                                    v_b = T.axis.spatial(1, b_3 + b_4)
                                    v_c = T.axis.spatial(8, b_0_c_0_i_0_j_0_fused // 8 * 4 + c_3 * 4 + c_4)
                                    v_i = T.axis.spatial(2048, b_0_c_0_i_0_j_0_fused % 8 // 4 * 1024 + b_1_c_1_i_1_j_1_fused // 4 * 32 + b_2_c_2_i_2_j_2_fused // 32 * 4 + i_3 + i_4)
                                    v_j = T.axis.spatial(2048, b_0_c_0_i_0_j_0_fused % 4 * 512 + b_1_c_1_i_1_j_1_fused % 4 * 128 + b_2_c_2_i_2_j_2_fused % 32 * 4 + j_3 * 2 + j_4)
                                    v_di = T.axis.reduce(7, di_0 + di_1 + di_2)
                                    v_dj = T.axis.reduce(7, dj_0 * 7 + dj_1 + dj_2)
                                    T.reads(PaddedInput_shared[v_b, v_c, v_i + v_di, v_j + v_dj], W_shared[v_c, 0, v_di, v_dj])
                                    T.writes(DepthwiseConv2d_local[v_b, v_c, v_i, v_j])
                                    T.sblock_attr({"meta_schedule.thread_extent_high_inclusive": 1024, "meta_schedule.thread_extent_low_inclusive": 32, "meta_schedule.tiling_structure": "SSSRRSRS"})
                                    with T.init():
                                        DepthwiseConv2d_local[v_b, v_c, v_i, v_j] = T.float16(0.0)
                                    DepthwiseConv2d_local[v_b, v_c, v_i, v_j] = DepthwiseConv2d_local[v_b, v_c, v_i, v_j] + PaddedInput_shared[v_b, v_c, v_i + v_di, v_j + v_dj] * W_shared[v_c, 0, v_di, v_dj]
                        for ax0, ax1, ax2, ax3 in T.grid(1, 4, 4, 4):
                            with T.sblock("DepthwiseConv2d_local"):
                                v0 = T.axis.spatial(1, ax0)
                                v1 = T.axis.spatial(8, b_0_c_0_i_0_j_0_fused // 8 * 4 + ax1)
                                v2 = T.axis.spatial(2048, b_0_c_0_i_0_j_0_fused % 8 // 4 * 1024 + b_1_c_1_i_1_j_1_fused // 4 * 32 + b_2_c_2_i_2_j_2_fused // 32 * 4 + ax2)
                                v3 = T.axis.spatial(2048, b_0_c_0_i_0_j_0_fused % 4 * 512 + b_1_c_1_i_1_j_1_fused % 4 * 128 + b_2_c_2_i_2_j_2_fused % 32 * 4 + ax3)
                                T.reads(DepthwiseConv2d_local[v0, v1, v2, v3])
                                T.writes(DepthwiseConv2d[v0, v1, v2, v3])
                                DepthwiseConv2d[v0, v1, v2, v3] = DepthwiseConv2d_local[v0, v1, v2, v3]
b0 = sch.get_sblock(name="PaddedInput", func_name="main")
b1 = sch.get_sblock(name="DepthwiseConv2d", func_name="main")
b2 = sch.get_sblock(name="root", func_name="main")
sch.annotate(block_or_loop=b1, ann_key="meta_schedule.tiling_structure", ann_val="SSSRRSRS")
l3, l4, l5, l6, l7, l8 = sch.get_loops(block=b1)
v9, v10, v11, v12, v13 = sch.sample_perfect_tile(loop=l3, n=5, max_innermost_factor=64, decision=[1, 1, 1, 1, 1])
l14, l15, l16, l17, l18 = sch.split(loop=l3, factors=[v9, v10, v11, v12, v13], preserve_unit_iters=True, disable_predication=False)
v19, v20, v21, v22, v23 = sch.sample_perfect_tile(loop=l4, n=5, max_innermost_factor=64, decision=[2, 1, 1, 1, 4])
l24, l25, l26, l27, l28 = sch.split(loop=l4, factors=[v19, v20, v21, v22, v23], preserve_unit_iters=True, disable_predication=False)
v29, v30, v31, v32, v33 = sch.sample_perfect_tile(loop=l5, n=5, max_innermost_factor=64, decision=[2, 32, 8, 4, 1])
l34, l35, l36, l37, l38 = sch.split(loop=l5, factors=[v29, v30, v31, v32, v33], preserve_unit_iters=True, disable_predication=False)
v39, v40, v41, v42, v43 = sch.sample_perfect_tile(loop=l6, n=5, max_innermost_factor=64, decision=[4, 4, 32, 2, 2])
l44, l45, l46, l47, l48 = sch.split(loop=l6, factors=[v39, v40, v41, v42, v43], preserve_unit_iters=True, disable_predication=False)
v49, v50, v51 = sch.sample_perfect_tile(loop=l7, n=3, max_innermost_factor=64, decision=[7, 1, 1])
l52, l53, l54 = sch.split(loop=l7, factors=[v49, v50, v51], preserve_unit_iters=True, disable_predication=False)
v55, v56, v57 = sch.sample_perfect_tile(loop=l8, n=3, max_innermost_factor=64, decision=[1, 7, 1])
l58, l59, l60 = sch.split(loop=l8, factors=[v55, v56, v57], preserve_unit_iters=True, disable_predication=False)
sch.reorder(l14, l24, l34, l44, l15, l25, l35, l45, l16, l26, l36, l46, l52, l58, l53, l59, l17, l27, l37, l47, l54, l60, l18, l28, l38, l48)
l61 = sch.fuse(l14, l24, l34, l44, preserve_unit_iters=True)
sch.bind(loop=l61, thread_axis="blockIdx.x")
l62 = sch.fuse(l15, l25, l35, l45, preserve_unit_iters=True)
sch.bind(loop=l62, thread_axis="vthread.x")
l63 = sch.fuse(l16, l26, l36, l46, preserve_unit_iters=True)
sch.bind(loop=l63, thread_axis="threadIdx.x")
sch.annotate(block_or_loop=b1, ann_key="meta_schedule.thread_extent_low_inclusive", ann_val=32)
sch.annotate(block_or_loop=b1, ann_key="meta_schedule.thread_extent_high_inclusive", ann_val=1024)
b64 = sch.cache_write(block=b1, write_buffer_index=0, storage_scope="local")
sch.reverse_compute_at(block=b64, loop=l63, preserve_unit_loops=True, index=-1)
b65 = sch.cache_read(block=b1, read_buffer_index=0, storage_scope="shared", consumer_blocks=[b1])
sch.compute_at(block=b65, loop=l58, preserve_unit_loops=True, index=-1)
l66, l67, l68, l69, l70, l71, l72, l73, l74 = sch.get_loops(block=b65)
l75 = sch.fuse(l71, l72, l73, l74, preserve_unit_iters=True)
v76 = sch.sample_categorical(candidates=[1, 2, 4, 8], probs=[0.25, 0.25, 0.25, 0.25], decision=1)
sch.annotate(block_or_loop=b65, ann_key="meta_schedule.cooperative_fetch", ann_val=v76)
b77 = sch.cache_read(block=b1, read_buffer_index=1, storage_scope="shared", consumer_blocks=[b1])
sch.compute_at(block=b77, loop=l58, preserve_unit_loops=True, index=-1)
l78, l79, l80, l81, l82, l83, l84, l85, l86 = sch.get_loops(block=b77)
l87 = sch.fuse(l83, l84, l85, l86, preserve_unit_iters=True)
v88 = sch.sample_categorical(candidates=[1, 2, 4, 8], probs=[0.25, 0.25, 0.25, 0.25], decision=2)
sch.annotate(block_or_loop=b77, ann_key="meta_schedule.cooperative_fetch", ann_val=v88)
sch.compute_inline(block=b0)
v89 = sch.sample_categorical(candidates=[0, 16, 32, 64, 128, 256, 512, 1024], probs=[0.125, 0.125, 0.125, 0.125, 0.125, 0.125, 0.125, 0.125], decision=6)
sch.annotate(block_or_loop=b2, ann_key="meta_schedule.unroll_explicit", ann_val=v89)
2026-08-26 14:59:55 [INFO] [task_scheduler.cc:185] Design space #1:
# from tvm.script import ir as I
# from tvm.script import tirx as T
# from tvm.tirx.layout import Axis

@I.ir_module
class Module:
    @T.prim_func(s_tir=True)
    def main(X: T.Buffer((1, 8, 2048, 2048), "float16"), W: T.Buffer((8, 1, 7, 7), "float16"), DepthwiseConv2d: T.Buffer((1, 8, 2048, 2048), "float16")):
        T.func_attr({"tirx.noalias": True})
        with T.sblock("root"):
            T.reads()
            T.writes()
            T.sblock_attr({"meta_schedule.unroll_explicit": 32})
            DepthwiseConv2d_local = T.sblock_alloc_buffer((1, 8, 2048, 2048), "float16", scope="local")
            PaddedInput_shared = T.sblock_alloc_buffer((1, 8, 2054, 2054), "float16", scope="shared")
            W_shared = T.sblock_alloc_buffer((8, 1, 7, 7), "float16", scope="shared")
            for b_0_c_0_i_0_j_0_fused in T.thread_binding(16, thread="blockIdx.x"):
                for b_1_c_1_i_1_j_1_fused in T.thread_binding(128, thread="vthread.x"):
                    for b_2_c_2_i_2_j_2_fused in T.thread_binding(256, thread="threadIdx.x"):
                        for di_0_dj_0_fused in T.serial(7, annotations={"software_pipeline_async_stages": [0], "software_pipeline_order": [0, 1, 2], "software_pipeline_stage": [0, 0, 2]}):
                            for ax0_ax1_ax2_ax3_fused in range(2121728):
                                with T.sblock("PaddedInput_shared"):
                                    v0 = T.axis.spatial(1, 0)
                                    v1 = T.axis.spatial(8, b_0_c_0_i_0_j_0_fused // 8 * 4 + ax0_ax1_ax2_ax3_fused // 530432)
                                    v2 = T.axis.spatial(2054, di_0_dj_0_fused + b_0_c_0_i_0_j_0_fused % 8 // 4 * 1024 + ax0_ax1_ax2_ax3_fused % 530432 // 518)
                                    v3 = T.axis.spatial(2054, b_0_c_0_i_0_j_0_fused % 4 * 512 + ax0_ax1_ax2_ax3_fused % 518)
                                    T.reads(X[v0, v1, v2 - 3, v3 - 3])
                                    T.writes(PaddedInput_shared[v0, v1, v2, v3])
                                    T.sblock_attr({"meta_schedule.cooperative_fetch": 2})
                                    PaddedInput_shared[v0, v1, v2, v3] = T.if_then_else(3 <= v2 and v2 < 2051 and 3 <= v3 and v3 < 2051, X[v0, v1, v2 - 3, v3 - 3], T.float16(0.0))
                            for ax0_ax1_ax2_ax3_fused in range(28):
                                with T.sblock("W_shared"):
                                    v0 = T.axis.spatial(8, b_0_c_0_i_0_j_0_fused // 8 * 4 + ax0_ax1_ax2_ax3_fused // 7)
                                    v1 = T.axis.spatial(1, 0)
                                    v2 = T.axis.spatial(7, di_0_dj_0_fused)
                                    v3 = T.axis.spatial(7, ax0_ax1_ax2_ax3_fused % 7)
                                    T.reads(W[v0, v1, v2, v3])
                                    T.writes(W_shared[v0, v1, v2, v3])
                                    T.sblock_attr({"meta_schedule.cooperative_fetch": 4})
                                    W_shared[v0, v1, v2, v3] = W[v0, v1, v2, v3]
                            for di_1, dj_1, b_3, c_3, i_3, j_3, di_2, dj_2, b_4, c_4, i_4, j_4 in T.grid(1, 7, 1, 1, 4, 2, 1, 1, 1, 4, 1, 2):
                                with T.sblock("DepthwiseConv2d"):
                                    v_b = T.axis.spatial(1, b_3 + b_4)
                                    v_c = T.axis.spatial(8, b_0_c_0_i_0_j_0_fused // 8 * 4 + c_3 * 4 + c_4)
                                    v_i = T.axis.spatial(2048, b_0_c_0_i_0_j_0_fused % 8 // 4 * 1024 + b_1_c_1_i_1_j_1_fused // 4 * 32 + b_2_c_2_i_2_j_2_fused // 32 * 4 + i_3 + i_4)
                                    v_j = T.axis.spatial(2048, b_0_c_0_i_0_j_0_fused % 4 * 512 + b_1_c_1_i_1_j_1_fused % 4 * 128 + b_2_c_2_i_2_j_2_fused % 32 * 4 + j_3 * 2 + j_4)
                                    v_di = T.axis.reduce(7, di_0_dj_0_fused + di_1 + di_2)
                                    v_dj = T.axis.reduce(7, dj_1 + dj_2)
                                    T.reads(PaddedInput_shared[v_b, v_c, v_i + v_di, v_j + v_dj], W_shared[v_c, 0, v_di, v_dj])
                                    T.writes(DepthwiseConv2d_local[v_b, v_c, v_i, v_j])
                                    T.sblock_attr({"meta_schedule.thread_extent_high_inclusive": 1024, "meta_schedule.thread_extent_low_inclusive": 32, "meta_schedule.tiling_structure": "SSSRRSRS"})
                                    with T.init():
                                        DepthwiseConv2d_local[v_b, v_c, v_i, v_j] = T.float16(0.0)
                                    DepthwiseConv2d_local[v_b, v_c, v_i, v_j] = DepthwiseConv2d_local[v_b, v_c, v_i, v_j] + PaddedInput_shared[v_b, v_c, v_i + v_di, v_j + v_dj] * W_shared[v_c, 0, v_di, v_dj]
                        for ax0, ax1, ax2, ax3 in T.grid(1, 4, 4, 4):
                            with T.sblock("DepthwiseConv2d_local"):
                                v0 = T.axis.spatial(1, ax0)
                                v1 = T.axis.spatial(8, b_0_c_0_i_0_j_0_fused // 8 * 4 + ax1)
                                v2 = T.axis.spatial(2048, b_0_c_0_i_0_j_0_fused % 8 // 4 * 1024 + b_1_c_1_i_1_j_1_fused // 4 * 32 + b_2_c_2_i_2_j_2_fused // 32 * 4 + ax2)
                                v3 = T.axis.spatial(2048, b_0_c_0_i_0_j_0_fused % 4 * 512 + b_1_c_1_i_1_j_1_fused % 4 * 128 + b_2_c_2_i_2_j_2_fused % 32 * 4 + ax3)
                                T.reads(DepthwiseConv2d_local[v0, v1, v2, v3])
                                T.writes(DepthwiseConv2d[v0, v1, v2, v3])
                                DepthwiseConv2d[v0, v1, v2, v3] = DepthwiseConv2d_local[v0, v1, v2, v3]
b0 = sch.get_sblock(name="PaddedInput", func_name="main")
b1 = sch.get_sblock(name="DepthwiseConv2d", func_name="main")
b2 = sch.get_sblock(name="root", func_name="main")
sch.annotate(block_or_loop=b1, ann_key="meta_schedule.tiling_structure", ann_val="SSSRRSRS")
l3, l4, l5, l6, l7, l8 = sch.get_loops(block=b1)
v9, v10, v11, v12, v13 = sch.sample_perfect_tile(loop=l3, n=5, max_innermost_factor=64, decision=[1, 1, 1, 1, 1])
l14, l15, l16, l17, l18 = sch.split(loop=l3, factors=[v9, v10, v11, v12, v13], preserve_unit_iters=True, disable_predication=False)
v19, v20, v21, v22, v23 = sch.sample_perfect_tile(loop=l4, n=5, max_innermost_factor=64, decision=[2, 1, 1, 1, 4])
l24, l25, l26, l27, l28 = sch.split(loop=l4, factors=[v19, v20, v21, v22, v23], preserve_unit_iters=True, disable_predication=False)
v29, v30, v31, v32, v33 = sch.sample_perfect_tile(loop=l5, n=5, max_innermost_factor=64, decision=[2, 32, 8, 4, 1])
l34, l35, l36, l37, l38 = sch.split(loop=l5, factors=[v29, v30, v31, v32, v33], preserve_unit_iters=True, disable_predication=False)
v39, v40, v41, v42, v43 = sch.sample_perfect_tile(loop=l6, n=5, max_innermost_factor=64, decision=[4, 4, 32, 2, 2])
l44, l45, l46, l47, l48 = sch.split(loop=l6, factors=[v39, v40, v41, v42, v43], preserve_unit_iters=True, disable_predication=False)
v49, v50, v51 = sch.sample_perfect_tile(loop=l7, n=3, max_innermost_factor=64, decision=[7, 1, 1])
l52, l53, l54 = sch.split(loop=l7, factors=[v49, v50, v51], preserve_unit_iters=True, disable_predication=False)
v55, v56, v57 = sch.sample_perfect_tile(loop=l8, n=3, max_innermost_factor=64, decision=[1, 7, 1])
l58, l59, l60 = sch.split(loop=l8, factors=[v55, v56, v57], preserve_unit_iters=True, disable_predication=False)
sch.reorder(l14, l24, l34, l44, l15, l25, l35, l45, l16, l26, l36, l46, l52, l58, l53, l59, l17, l27, l37, l47, l54, l60, l18, l28, l38, l48)
l61 = sch.fuse(l14, l24, l34, l44, preserve_unit_iters=True)
sch.bind(loop=l61, thread_axis="blockIdx.x")
l62 = sch.fuse(l15, l25, l35, l45, preserve_unit_iters=True)
sch.bind(loop=l62, thread_axis="vthread.x")
l63 = sch.fuse(l16, l26, l36, l46, preserve_unit_iters=True)
sch.bind(loop=l63, thread_axis="threadIdx.x")
sch.annotate(block_or_loop=b1, ann_key="meta_schedule.thread_extent_low_inclusive", ann_val=32)
sch.annotate(block_or_loop=b1, ann_key="meta_schedule.thread_extent_high_inclusive", ann_val=1024)
b64 = sch.cache_write(block=b1, write_buffer_index=0, storage_scope="local")
sch.reverse_compute_at(block=b64, loop=l63, preserve_unit_loops=True, index=-1)
b65 = sch.cache_read(block=b1, read_buffer_index=0, storage_scope="shared", consumer_blocks=[b1])
sch.compute_at(block=b65, loop=l58, preserve_unit_loops=True, index=-1)
l66, l67, l68, l69, l70, l71, l72, l73, l74 = sch.get_loops(block=b65)
l75 = sch.fuse(l71, l72, l73, l74, preserve_unit_iters=True)
v76 = sch.sample_categorical(candidates=[1, 2, 4, 8], probs=[0.25, 0.25, 0.25, 0.25], decision=1)
sch.annotate(block_or_loop=b65, ann_key="meta_schedule.cooperative_fetch", ann_val=v76)
b77 = sch.cache_read(block=b1, read_buffer_index=1, storage_scope="shared", consumer_blocks=[b1])
sch.compute_at(block=b77, loop=l58, preserve_unit_loops=True, index=-1)
l78, l79, l80, l81, l82, l83, l84, l85, l86 = sch.get_loops(block=b77)
l87 = sch.fuse(l83, l84, l85, l86, preserve_unit_iters=True)
v88 = sch.sample_categorical(candidates=[1, 2, 4, 8], probs=[0.25, 0.25, 0.25, 0.25], decision=2)
sch.annotate(block_or_loop=b77, ann_key="meta_schedule.cooperative_fetch", ann_val=v88)
l89 = sch.fuse(l52, l58, preserve_unit_iters=True)
sch.annotate(block_or_loop=l89, ann_key="software_pipeline_stage", ann_val=[0, 0, 2])
sch.annotate(block_or_loop=l89, ann_key="software_pipeline_order", ann_val=[0, 1, 2])
sch.annotate(block_or_loop=l89, ann_key="software_pipeline_async_stages", ann_val=[0])
sch.compute_inline(block=b0)
v90 = sch.sample_categorical(candidates=[0, 16, 32, 64, 128, 256, 512, 1024], probs=[0.125, 0.125, 0.125, 0.125, 0.125, 0.125, 0.125, 0.125], decision=2)
sch.annotate(block_or_loop=b2, ann_key="meta_schedule.unroll_explicit", ann_val=v90)
2026-08-26 14:59:55 [INFO] [task_scheduler.cc:185] Design space #2:
# from tvm.script import ir as I
# from tvm.script import tirx as T
# from tvm.tirx.layout import Axis

@I.ir_module
class Module:
    @T.prim_func(s_tir=True)
    def main(X: T.Buffer((1, 8, 2048, 2048), "float16"), W: T.Buffer((8, 1, 7, 7), "float16"), DepthwiseConv2d: T.Buffer((1, 8, 2048, 2048), "float16")):
        T.func_attr({"tirx.noalias": True})
        with T.sblock("root"):
            T.reads()
            T.writes()
            T.sblock_attr({"meta_schedule.unroll_explicit": 128})
            DepthwiseConv2d_local = T.sblock_alloc_buffer((1, 8, 2048, 2048), "float16", scope="local")
            PaddedInput_shared = T.sblock_alloc_buffer((1, 8, 2054, 2054), "float16", scope="shared")
            W_shared = T.sblock_alloc_buffer((8, 1, 7, 7), "float16", scope="shared")
            for b_0_c_0_i_0_j_0_fused in T.thread_binding(16, thread="blockIdx.x"):
                for b_1_c_1_i_1_j_1_fused in T.thread_binding(128, thread="vthread.x"):
                    for b_2_c_2_i_2_j_2_fused in T.thread_binding(256, thread="threadIdx.x"):
                        for di_0_dj_0_fused in T.serial(7, annotations={"software_pipeline_async_stages": [0], "software_pipeline_order": [0, 1, 2], "software_pipeline_stage": [0, 0, 3]}):
                            for ax0_ax1_ax2_ax3_fused in range(2121728):
                                with T.sblock("PaddedInput_shared"):
                                    v0 = T.axis.spatial(1, 0)
                                    v1 = T.axis.spatial(8, b_0_c_0_i_0_j_0_fused // 8 * 4 + ax0_ax1_ax2_ax3_fused // 530432)
                                    v2 = T.axis.spatial(2054, di_0_dj_0_fused + b_0_c_0_i_0_j_0_fused % 8 // 4 * 1024 + ax0_ax1_ax2_ax3_fused % 530432 // 518)
                                    v3 = T.axis.spatial(2054, b_0_c_0_i_0_j_0_fused % 4 * 512 + ax0_ax1_ax2_ax3_fused % 518)
                                    T.reads(X[v0, v1, v2 - 3, v3 - 3])
                                    T.writes(PaddedInput_shared[v0, v1, v2, v3])
                                    T.sblock_attr({"meta_schedule.cooperative_fetch": 2})
                                    PaddedInput_shared[v0, v1, v2, v3] = T.if_then_else(3 <= v2 and v2 < 2051 and 3 <= v3 and v3 < 2051, X[v0, v1, v2 - 3, v3 - 3], T.float16(0.0))
                            for ax0_ax1_ax2_ax3_fused in range(28):
                                with T.sblock("W_shared"):
                                    v0 = T.axis.spatial(8, b_0_c_0_i_0_j_0_fused // 8 * 4 + ax0_ax1_ax2_ax3_fused // 7)
                                    v1 = T.axis.spatial(1, 0)
                                    v2 = T.axis.spatial(7, di_0_dj_0_fused)
                                    v3 = T.axis.spatial(7, ax0_ax1_ax2_ax3_fused % 7)
                                    T.reads(W[v0, v1, v2, v3])
                                    T.writes(W_shared[v0, v1, v2, v3])
                                    T.sblock_attr({"meta_schedule.cooperative_fetch": 4})
                                    W_shared[v0, v1, v2, v3] = W[v0, v1, v2, v3]
                            for di_1, dj_1, b_3, c_3, i_3, j_3, di_2, dj_2, b_4, c_4, i_4, j_4 in T.grid(1, 7, 1, 1, 4, 2, 1, 1, 1, 4, 1, 2):
                                with T.sblock("DepthwiseConv2d"):
                                    v_b = T.axis.spatial(1, b_3 + b_4)
                                    v_c = T.axis.spatial(8, b_0_c_0_i_0_j_0_fused // 8 * 4 + c_3 * 4 + c_4)
                                    v_i = T.axis.spatial(2048, b_0_c_0_i_0_j_0_fused % 8 // 4 * 1024 + b_1_c_1_i_1_j_1_fused // 4 * 32 + b_2_c_2_i_2_j_2_fused // 32 * 4 + i_3 + i_4)
                                    v_j = T.axis.spatial(2048, b_0_c_0_i_0_j_0_fused % 4 * 512 + b_1_c_1_i_1_j_1_fused % 4 * 128 + b_2_c_2_i_2_j_2_fused % 32 * 4 + j_3 * 2 + j_4)
                                    v_di = T.axis.reduce(7, di_0_dj_0_fused + di_1 + di_2)
                                    v_dj = T.axis.reduce(7, dj_1 + dj_2)
                                    T.reads(PaddedInput_shared[v_b, v_c, v_i + v_di, v_j + v_dj], W_shared[v_c, 0, v_di, v_dj])
                                    T.writes(DepthwiseConv2d_local[v_b, v_c, v_i, v_j])
                                    T.sblock_attr({"meta_schedule.thread_extent_high_inclusive": 1024, "meta_schedule.thread_extent_low_inclusive": 32, "meta_schedule.tiling_structure": "SSSRRSRS"})
                                    with T.init():
                                        DepthwiseConv2d_local[v_b, v_c, v_i, v_j] = T.float16(0.0)
                                    DepthwiseConv2d_local[v_b, v_c, v_i, v_j] = DepthwiseConv2d_local[v_b, v_c, v_i, v_j] + PaddedInput_shared[v_b, v_c, v_i + v_di, v_j + v_dj] * W_shared[v_c, 0, v_di, v_dj]
                        for ax0, ax1, ax2, ax3 in T.grid(1, 4, 4, 4):
                            with T.sblock("DepthwiseConv2d_local"):
                                v0 = T.axis.spatial(1, ax0)
                                v1 = T.axis.spatial(8, b_0_c_0_i_0_j_0_fused // 8 * 4 + ax1)
                                v2 = T.axis.spatial(2048, b_0_c_0_i_0_j_0_fused % 8 // 4 * 1024 + b_1_c_1_i_1_j_1_fused // 4 * 32 + b_2_c_2_i_2_j_2_fused // 32 * 4 + ax2)
                                v3 = T.axis.spatial(2048, b_0_c_0_i_0_j_0_fused % 4 * 512 + b_1_c_1_i_1_j_1_fused % 4 * 128 + b_2_c_2_i_2_j_2_fused % 32 * 4 + ax3)
                                T.reads(DepthwiseConv2d_local[v0, v1, v2, v3])
                                T.writes(DepthwiseConv2d[v0, v1, v2, v3])
                                DepthwiseConv2d[v0, v1, v2, v3] = DepthwiseConv2d_local[v0, v1, v2, v3]
b0 = sch.get_sblock(name="PaddedInput", func_name="main")
b1 = sch.get_sblock(name="DepthwiseConv2d", func_name="main")
b2 = sch.get_sblock(name="root", func_name="main")
sch.annotate(block_or_loop=b1, ann_key="meta_schedule.tiling_structure", ann_val="SSSRRSRS")
l3, l4, l5, l6, l7, l8 = sch.get_loops(block=b1)
v9, v10, v11, v12, v13 = sch.sample_perfect_tile(loop=l3, n=5, max_innermost_factor=64, decision=[1, 1, 1, 1, 1])
l14, l15, l16, l17, l18 = sch.split(loop=l3, factors=[v9, v10, v11, v12, v13], preserve_unit_iters=True, disable_predication=False)
v19, v20, v21, v22, v23 = sch.sample_perfect_tile(loop=l4, n=5, max_innermost_factor=64, decision=[2, 1, 1, 1, 4])
l24, l25, l26, l27, l28 = sch.split(loop=l4, factors=[v19, v20, v21, v22, v23], preserve_unit_iters=True, disable_predication=False)
v29, v30, v31, v32, v33 = sch.sample_perfect_tile(loop=l5, n=5, max_innermost_factor=64, decision=[2, 32, 8, 4, 1])
l34, l35, l36, l37, l38 = sch.split(loop=l5, factors=[v29, v30, v31, v32, v33], preserve_unit_iters=True, disable_predication=False)
v39, v40, v41, v42, v43 = sch.sample_perfect_tile(loop=l6, n=5, max_innermost_factor=64, decision=[4, 4, 32, 2, 2])
l44, l45, l46, l47, l48 = sch.split(loop=l6, factors=[v39, v40, v41, v42, v43], preserve_unit_iters=True, disable_predication=False)
v49, v50, v51 = sch.sample_perfect_tile(loop=l7, n=3, max_innermost_factor=64, decision=[7, 1, 1])
l52, l53, l54 = sch.split(loop=l7, factors=[v49, v50, v51], preserve_unit_iters=True, disable_predication=False)
v55, v56, v57 = sch.sample_perfect_tile(loop=l8, n=3, max_innermost_factor=64, decision=[1, 7, 1])
l58, l59, l60 = sch.split(loop=l8, factors=[v55, v56, v57], preserve_unit_iters=True, disable_predication=False)
sch.reorder(l14, l24, l34, l44, l15, l25, l35, l45, l16, l26, l36, l46, l52, l58, l53, l59, l17, l27, l37, l47, l54, l60, l18, l28, l38, l48)
l61 = sch.fuse(l14, l24, l34, l44, preserve_unit_iters=True)
sch.bind(loop=l61, thread_axis="blockIdx.x")
l62 = sch.fuse(l15, l25, l35, l45, preserve_unit_iters=True)
sch.bind(loop=l62, thread_axis="vthread.x")
l63 = sch.fuse(l16, l26, l36, l46, preserve_unit_iters=True)
sch.bind(loop=l63, thread_axis="threadIdx.x")
sch.annotate(block_or_loop=b1, ann_key="meta_schedule.thread_extent_low_inclusive", ann_val=32)
sch.annotate(block_or_loop=b1, ann_key="meta_schedule.thread_extent_high_inclusive", ann_val=1024)
b64 = sch.cache_write(block=b1, write_buffer_index=0, storage_scope="local")
sch.reverse_compute_at(block=b64, loop=l63, preserve_unit_loops=True, index=-1)
b65 = sch.cache_read(block=b1, read_buffer_index=0, storage_scope="shared", consumer_blocks=[b1])
sch.compute_at(block=b65, loop=l58, preserve_unit_loops=True, index=-1)
l66, l67, l68, l69, l70, l71, l72, l73, l74 = sch.get_loops(block=b65)
l75 = sch.fuse(l71, l72, l73, l74, preserve_unit_iters=True)
v76 = sch.sample_categorical(candidates=[1, 2, 4, 8], probs=[0.25, 0.25, 0.25, 0.25], decision=1)
sch.annotate(block_or_loop=b65, ann_key="meta_schedule.cooperative_fetch", ann_val=v76)
b77 = sch.cache_read(block=b1, read_buffer_index=1, storage_scope="shared", consumer_blocks=[b1])
sch.compute_at(block=b77, loop=l58, preserve_unit_loops=True, index=-1)
l78, l79, l80, l81, l82, l83, l84, l85, l86 = sch.get_loops(block=b77)
l87 = sch.fuse(l83, l84, l85, l86, preserve_unit_iters=True)
v88 = sch.sample_categorical(candidates=[1, 2, 4, 8], probs=[0.25, 0.25, 0.25, 0.25], decision=2)
sch.annotate(block_or_loop=b77, ann_key="meta_schedule.cooperative_fetch", ann_val=v88)
l89 = sch.fuse(l52, l58, preserve_unit_iters=True)
sch.annotate(block_or_loop=l89, ann_key="software_pipeline_stage", ann_val=[0, 0, 3])
sch.annotate(block_or_loop=l89, ann_key="software_pipeline_order", ann_val=[0, 1, 2])
sch.annotate(block_or_loop=l89, ann_key="software_pipeline_async_stages", ann_val=[0])
sch.compute_inline(block=b0)
v90 = sch.sample_categorical(candidates=[0, 16, 32, 64, 128, 256, 512, 1024], probs=[0.125, 0.125, 0.125, 0.125, 0.125, 0.125, 0.125, 0.125], decision=4)
sch.annotate(block_or_loop=b2, ann_key="meta_schedule.unroll_explicit", ann_val=v90)
2026-08-26 14:59:55 [INFO] [evolutionary_search.cc:738] Generating candidates......
2026-08-26 14:59:55 [INFO] [evolutionary_search.cc:505] Pick-Best-From-Database summary:
Trace replay failures: 0 failure(s)
Postproc #0 [s_tir.meta_schedule.DisallowDynamicLoop]: 0 failure(s)
Postproc #1 [s_tir.meta_schedule.RewriteCooperativeFetch]: 0 failure(s)
Postproc #2 [s_tir.meta_schedule.RewriteUnboundBlock]: 0 failure(s)
Postproc #3 [s_tir.meta_schedule.RewriteParallelVectorizeUnroll]: 0 failure(s)
Postproc #4 [s_tir.meta_schedule.RewriteReductionBlock]: 0 failure(s)
Postproc #5 [s_tir.meta_schedule.VerifyGPUCode]: 0 failure(s)
Postproc #6 [s_tir.meta_schedule.RewriteTensorize]: 0 failure(s)
2026-08-26 14:59:55 [INFO] [evolutionary_search.cc:740] Picked top 0 candidate(s) from database
2026-08-26 14:59:56 [INFO] [evolutionary_search.cc:551] Sample-Init-Population summary:
Trace replay failures: 0 failure(s)
Postproc #0 [s_tir.meta_schedule.DisallowDynamicLoop]: 0 failure(s)
Postproc #1 [s_tir.meta_schedule.RewriteCooperativeFetch]: 0 failure(s)
Postproc #2 [s_tir.meta_schedule.RewriteUnboundBlock]: 0 failure(s)
Postproc #3 [s_tir.meta_schedule.RewriteParallelVectorizeUnroll]: 0 failure(s)
Postproc #4 [s_tir.meta_schedule.RewriteReductionBlock]: 0 failure(s)
Postproc #5 [s_tir.meta_schedule.VerifyGPUCode]: 510 failure(s)
Postproc #6 [s_tir.meta_schedule.RewriteTensorize]: 0 failure(s)
2026-08-26 14:59:57 [INFO] [evolutionary_search.cc:551] Sample-Init-Population summary:
Trace replay failures: 0 failure(s)
Postproc #0 [s_tir.meta_schedule.DisallowDynamicLoop]: 0 failure(s)
Postproc #1 [s_tir.meta_schedule.RewriteCooperativeFetch]: 0 failure(s)
Postproc #2 [s_tir.meta_schedule.RewriteUnboundBlock]: 0 failure(s)
Postproc #3 [s_tir.meta_schedule.RewriteParallelVectorizeUnroll]: 0 failure(s)
Postproc #4 [s_tir.meta_schedule.RewriteReductionBlock]: 0 failure(s)
Postproc #5 [s_tir.meta_schedule.VerifyGPUCode]: 1020 failure(s)
Postproc #6 [s_tir.meta_schedule.RewriteTensorize]: 0 failure(s)
2026-08-26 14:59:58 [INFO] [evolutionary_search.cc:551] Sample-Init-Population summary:
Trace replay failures: 0 failure(s)
Postproc #0 [s_tir.meta_schedule.DisallowDynamicLoop]: 0 failure(s)
Postproc #1 [s_tir.meta_schedule.RewriteCooperativeFetch]: 0 failure(s)
Postproc #2 [s_tir.meta_schedule.RewriteUnboundBlock]: 0 failure(s)
Postproc #3 [s_tir.meta_schedule.RewriteParallelVectorizeUnroll]: 0 failure(s)
Postproc #4 [s_tir.meta_schedule.RewriteReductionBlock]: 0 failure(s)
Postproc #5 [s_tir.meta_schedule.VerifyGPUCode]: 1525 failure(s)
Postproc #6 [s_tir.meta_schedule.RewriteTensorize]: 0 failure(s)
2026-08-26 14:59:59 [INFO] [evolutionary_search.cc:551] Sample-Init-Population summary:
Trace replay failures: 0 failure(s)
Postproc #0 [s_tir.meta_schedule.DisallowDynamicLoop]: 0 failure(s)
Postproc #1 [s_tir.meta_schedule.RewriteCooperativeFetch]: 0 failure(s)
Postproc #2 [s_tir.meta_schedule.RewriteUnboundBlock]: 0 failure(s)
Postproc #3 [s_tir.meta_schedule.RewriteParallelVectorizeUnroll]: 0 failure(s)
Postproc #4 [s_tir.meta_schedule.RewriteReductionBlock]: 0 failure(s)
Postproc #5 [s_tir.meta_schedule.VerifyGPUCode]: 2032 failure(s)
Postproc #6 [s_tir.meta_schedule.RewriteTensorize]: 0 failure(s)
2026-08-26 15:00:00 [INFO] [evolutionary_search.cc:551] Sample-Init-Population summary:
Trace replay failures: 0 failure(s)
Postproc #0 [s_tir.meta_schedule.DisallowDynamicLoop]: 0 failure(s)
Postproc #1 [s_tir.meta_schedule.RewriteCooperativeFetch]: 0 failure(s)
Postproc #2 [s_tir.meta_schedule.RewriteUnboundBlock]: 0 failure(s)
Postproc #3 [s_tir.meta_schedule.RewriteParallelVectorizeUnroll]: 0 failure(s)
Postproc #4 [s_tir.meta_schedule.RewriteReductionBlock]: 0 failure(s)
Postproc #5 [s_tir.meta_schedule.VerifyGPUCode]: 2540 failure(s)
Postproc #6 [s_tir.meta_schedule.RewriteTensorize]: 0 failure(s)
2026-08-26 15:00:01 [INFO] [evolutionary_search.cc:551] Sample-Init-Population summary:
Trace replay failures: 0 failure(s)
Postproc #0 [s_tir.meta_schedule.DisallowDynamicLoop]: 0 failure(s)
Postproc #1 [s_tir.meta_schedule.RewriteCooperativeFetch]: 0 failure(s)
Postproc #2 [s_tir.meta_schedule.RewriteUnboundBlock]: 0 failure(s)
Postproc #3 [s_tir.meta_schedule.RewriteParallelVectorizeUnroll]: 0 failure(s)
Postproc #4 [s_tir.meta_schedule.RewriteReductionBlock]: 0 failure(s)
Postproc #5 [s_tir.meta_schedule.VerifyGPUCode]: 3048 failure(s)
Postproc #6 [s_tir.meta_schedule.RewriteTensorize]: 0 failure(s)
2026-08-26 15:00:02 [INFO] [evolutionary_search.cc:551] Sample-Init-Population summary:
Trace replay failures: 0 failure(s)
Postproc #0 [s_tir.meta_schedule.DisallowDynamicLoop]: 0 failure(s)
Postproc #1 [s_tir.meta_schedule.RewriteCooperativeFetch]: 0 failure(s)
Postproc #2 [s_tir.meta_schedule.RewriteUnboundBlock]: 0 failure(s)
Postproc #3 [s_tir.meta_schedule.RewriteParallelVectorizeUnroll]: 0 failure(s)
Postproc #4 [s_tir.meta_schedule.RewriteReductionBlock]: 0 failure(s)
Postproc #5 [s_tir.meta_schedule.VerifyGPUCode]: 3557 failure(s)
Postproc #6 [s_tir.meta_schedule.RewriteTensorize]: 0 failure(s)
2026-08-26 15:00:03 [INFO] [evolutionary_search.cc:551] Sample-Init-Population summary:
Trace replay failures: 0 failure(s)
Postproc #0 [s_tir.meta_schedule.DisallowDynamicLoop]: 0 failure(s)
Postproc #1 [s_tir.meta_schedule.RewriteCooperativeFetch]: 0 failure(s)
Postproc #2 [s_tir.meta_schedule.RewriteUnboundBlock]: 0 failure(s)
Postproc #3 [s_tir.meta_schedule.RewriteParallelVectorizeUnroll]: 0 failure(s)
Postproc #4 [s_tir.meta_schedule.RewriteReductionBlock]: 0 failure(s)
Postproc #5 [s_tir.meta_schedule.VerifyGPUCode]: 4068 failure(s)
Postproc #6 [s_tir.meta_schedule.RewriteTensorize]: 0 failure(s)
2026-08-26 15:00:04 [INFO] [evolutionary_search.cc:551] Sample-Init-Population summary:
Trace replay failures: 0 failure(s)
Postproc #0 [s_tir.meta_schedule.DisallowDynamicLoop]: 0 failure(s)
Postproc #1 [s_tir.meta_schedule.RewriteCooperativeFetch]: 0 failure(s)
Postproc #2 [s_tir.meta_schedule.RewriteUnboundBlock]: 0 failure(s)
Postproc #3 [s_tir.meta_schedule.RewriteParallelVectorizeUnroll]: 0 failure(s)
Postproc #4 [s_tir.meta_schedule.RewriteReductionBlock]: 0 failure(s)
Postproc #5 [s_tir.meta_schedule.VerifyGPUCode]: 4580 failure(s)
Postproc #6 [s_tir.meta_schedule.RewriteTensorize]: 0 failure(s)
2026-08-26 15:00:05 [INFO] [evolutionary_search.cc:551] Sample-Init-Population summary:
Trace replay failures: 0 failure(s)
Postproc #0 [s_tir.meta_schedule.DisallowDynamicLoop]: 0 failure(s)
Postproc #1 [s_tir.meta_schedule.RewriteCooperativeFetch]: 0 failure(s)
Postproc #2 [s_tir.meta_schedule.RewriteUnboundBlock]: 0 failure(s)
Postproc #3 [s_tir.meta_schedule.RewriteParallelVectorizeUnroll]: 0 failure(s)
Postproc #4 [s_tir.meta_schedule.RewriteReductionBlock]: 0 failure(s)
Postproc #5 [s_tir.meta_schedule.VerifyGPUCode]: 5091 failure(s)
Postproc #6 [s_tir.meta_schedule.RewriteTensorize]: 0 failure(s)
2026-08-26 15:00:06 [INFO] [evolutionary_search.cc:551] Sample-Init-Population summary:
Trace replay failures: 0 failure(s)
Postproc #0 [s_tir.meta_schedule.DisallowDynamicLoop]: 0 failure(s)
Postproc #1 [s_tir.meta_schedule.RewriteCooperativeFetch]: 0 failure(s)
Postproc #2 [s_tir.meta_schedule.RewriteUnboundBlock]: 0 failure(s)
Postproc #3 [s_tir.meta_schedule.RewriteParallelVectorizeUnroll]: 0 failure(s)
Postproc #4 [s_tir.meta_schedule.RewriteReductionBlock]: 0 failure(s)
Postproc #5 [s_tir.meta_schedule.VerifyGPUCode]: 5601 failure(s)
Postproc #6 [s_tir.meta_schedule.RewriteTensorize]: 0 failure(s)
2026-08-26 15:00:07 [INFO] [evolutionary_search.cc:551] Sample-Init-Population summary:
Trace replay failures: 0 failure(s)
Postproc #0 [s_tir.meta_schedule.DisallowDynamicLoop]: 0 failure(s)
Postproc #1 [s_tir.meta_schedule.RewriteCooperativeFetch]: 0 failure(s)
Postproc #2 [s_tir.meta_schedule.RewriteUnboundBlock]: 0 failure(s)
Postproc #3 [s_tir.meta_schedule.RewriteParallelVectorizeUnroll]: 0 failure(s)
Postproc #4 [s_tir.meta_schedule.RewriteReductionBlock]: 0 failure(s)
Postproc #5 [s_tir.meta_schedule.VerifyGPUCode]: 6108 failure(s)
Postproc #6 [s_tir.meta_schedule.RewriteTensorize]: 0 failure(s)
2026-08-26 15:00:09 [INFO] [evolutionary_search.cc:551] Sample-Init-Population summary:
Trace replay failures: 0 failure(s)
Postproc #0 [s_tir.meta_schedule.DisallowDynamicLoop]: 0 failure(s)
Postproc #1 [s_tir.meta_schedule.RewriteCooperativeFetch]: 0 failure(s)
Postproc #2 [s_tir.meta_schedule.RewriteUnboundBlock]: 0 failure(s)
Postproc #3 [s_tir.meta_schedule.RewriteParallelVectorizeUnroll]: 0 failure(s)
Postproc #4 [s_tir.meta_schedule.RewriteReductionBlock]: 0 failure(s)
Postproc #5 [s_tir.meta_schedule.VerifyGPUCode]: 6613 failure(s)
Postproc #6 [s_tir.meta_schedule.RewriteTensorize]: 0 failure(s)
2026-08-26 15:00:10 [INFO] [evolutionary_search.cc:551] Sample-Init-Population summary:
Trace replay failures: 0 failure(s)
Postproc #0 [s_tir.meta_schedule.DisallowDynamicLoop]: 0 failure(s)
Postproc #1 [s_tir.meta_schedule.RewriteCooperativeFetch]: 0 failure(s)
Postproc #2 [s_tir.meta_schedule.RewriteUnboundBlock]: 0 failure(s)
Postproc #3 [s_tir.meta_schedule.RewriteParallelVectorizeUnroll]: 0 failure(s)
Postproc #4 [s_tir.meta_schedule.RewriteReductionBlock]: 0 failure(s)
Postproc #5 [s_tir.meta_schedule.VerifyGPUCode]: 7121 failure(s)
Postproc #6 [s_tir.meta_schedule.RewriteTensorize]: 0 failure(s)
2026-08-26 15:00:11 [INFO] [evolutionary_search.cc:551] Sample-Init-Population summary:
Trace replay failures: 0 failure(s)
Postproc #0 [s_tir.meta_schedule.DisallowDynamicLoop]: 0 failure(s)
Postproc #1 [s_tir.meta_schedule.RewriteCooperativeFetch]: 0 failure(s)
Postproc #2 [s_tir.meta_schedule.RewriteUnboundBlock]: 0 failure(s)
Postproc #3 [s_tir.meta_schedule.RewriteParallelVectorizeUnroll]: 0 failure(s)
Postproc #4 [s_tir.meta_schedule.RewriteReductionBlock]: 0 failure(s)
Postproc #5 [s_tir.meta_schedule.VerifyGPUCode]: 7631 failure(s)
Postproc #6 [s_tir.meta_schedule.RewriteTensorize]: 0 failure(s)
2026-08-26 15:00:12 [INFO] [evolutionary_search.cc:551] Sample-Init-Population summary:
Trace replay failures: 0 failure(s)
Postproc #0 [s_tir.meta_schedule.DisallowDynamicLoop]: 0 failure(s)
Postproc #1 [s_tir.meta_schedule.RewriteCooperativeFetch]: 0 failure(s)
Postproc #2 [s_tir.meta_schedule.RewriteUnboundBlock]: 0 failure(s)
Postproc #3 [s_tir.meta_schedule.RewriteParallelVectorizeUnroll]: 0 failure(s)
Postproc #4 [s_tir.meta_schedule.RewriteReductionBlock]: 0 failure(s)
Postproc #5 [s_tir.meta_schedule.VerifyGPUCode]: 8139 failure(s)
Postproc #6 [s_tir.meta_schedule.RewriteTensorize]: 0 failure(s)
2026-08-26 15:00:12 [INFO] [evolutionary_search.cc:748] Sampled 53 candidate(s)
2026-08-26 15:00:14 [INFO] [evolutionary_search.cc:645] Evolve iter #0 done. Summary:
Trace replay failures: 0 failure(s)
Postproc #0 [s_tir.meta_schedule.DisallowDynamicLoop]: 0 failure(s)
Postproc #1 [s_tir.meta_schedule.RewriteCooperativeFetch]: 0 failure(s)
Postproc #2 [s_tir.meta_schedule.RewriteUnboundBlock]: 0 failure(s)
Postproc #3 [s_tir.meta_schedule.RewriteParallelVectorizeUnroll]: 0 failure(s)
Postproc #4 [s_tir.meta_schedule.RewriteReductionBlock]: 0 failure(s)
Postproc #5 [s_tir.meta_schedule.VerifyGPUCode]: 118 failure(s)
Postproc #6 [s_tir.meta_schedule.RewriteTensorize]: 0 failure(s)
2026-08-26 15:00:16 [INFO] [evolutionary_search.cc:645] Evolve iter #1 done. Summary:
Trace replay failures: 0 failure(s)
Postproc #0 [s_tir.meta_schedule.DisallowDynamicLoop]: 0 failure(s)
Postproc #1 [s_tir.meta_schedule.RewriteCooperativeFetch]: 0 failure(s)
Postproc #2 [s_tir.meta_schedule.RewriteUnboundBlock]: 0 failure(s)
Postproc #3 [s_tir.meta_schedule.RewriteParallelVectorizeUnroll]: 0 failure(s)
Postproc #4 [s_tir.meta_schedule.RewriteReductionBlock]: 0 failure(s)
Postproc #5 [s_tir.meta_schedule.VerifyGPUCode]: 87 failure(s)
Postproc #6 [s_tir.meta_schedule.RewriteTensorize]: 0 failure(s)
2026-08-26 15:00:17 [INFO] [evolutionary_search.cc:645] Evolve iter #2 done. Summary:
Trace replay failures: 0 failure(s)
Postproc #0 [s_tir.meta_schedule.DisallowDynamicLoop]: 0 failure(s)
Postproc #1 [s_tir.meta_schedule.RewriteCooperativeFetch]: 0 failure(s)
Postproc #2 [s_tir.meta_schedule.RewriteUnboundBlock]: 0 failure(s)
Postproc #3 [s_tir.meta_schedule.RewriteParallelVectorizeUnroll]: 0 failure(s)
Postproc #4 [s_tir.meta_schedule.RewriteReductionBlock]: 0 failure(s)
Postproc #5 [s_tir.meta_schedule.VerifyGPUCode]: 88 failure(s)
Postproc #6 [s_tir.meta_schedule.RewriteTensorize]: 0 failure(s)
2026-08-26 15:00:19 [INFO] [evolutionary_search.cc:645] Evolve iter #3 done. Summary:
Trace replay failures: 0 failure(s)
Postproc #0 [s_tir.meta_schedule.DisallowDynamicLoop]: 0 failure(s)
Postproc #1 [s_tir.meta_schedule.RewriteCooperativeFetch]: 0 failure(s)
Postproc #2 [s_tir.meta_schedule.RewriteUnboundBlock]: 0 failure(s)
Postproc #3 [s_tir.meta_schedule.RewriteParallelVectorizeUnroll]: 0 failure(s)
Postproc #4 [s_tir.meta_schedule.RewriteReductionBlock]: 0 failure(s)
Postproc #5 [s_tir.meta_schedule.VerifyGPUCode]: 81 failure(s)
Postproc #6 [s_tir.meta_schedule.RewriteTensorize]: 0 failure(s)
2026-08-26 15:00:19 [INFO] [evolutionary_search.cc:673] Scores of the best 64 candidates:
[1 : 16]:	0.9994  0.9989  0.9989  0.9988  0.9982  0.9977  0.9973  0.9962  0.9959  0.9955  0.9945  0.9944  0.9920  0.9913  0.9903  0.9899
[17 : 32]:	0.9892  0.9888  0.9875  0.9864  0.9860  0.9858  0.9856  0.9850  0.9849  0.9845  0.9843  0.9842  0.9829  0.9819  0.9817  0.9806
[33 : 48]:	0.9805  0.9802  0.9797  0.9792  0.9791  0.9782  0.9777  0.9767  0.9761  0.9754  0.9747  0.9733  0.9730  0.9713  0.9711  0.9711
[49 : 64]:	0.9706  0.9694  0.9691  0.9685  0.9682  0.9660  0.9653  0.9649  0.9642  0.9639  0.9639  0.9633  0.9625  0.9624  0.9624  0.9621
2026-08-26 15:00:19 [INFO] [evolutionary_search.cc:752] Got 64 candidate(s) with evolutionary search
2026-08-26 15:00:20 [INFO] [evolutionary_search.cc:755] Sending 63 candidates(s) for measurement
2026-08-26 15:01:09 [INFO] [task_scheduler.cc:144] [Task #0: main] Trial #1: GFLOPs: 1064.2939. Time: 3089.6863 us. Best GFLOPs: 1064.2939
2026-08-26 15:01:09 [INFO] [task_scheduler.cc:144] [Task #0: main] Trial #2: GFLOPs: 946.1089. Time: 3475.6406 us. Best GFLOPs: 1064.2939
2026-08-26 15:01:09 [INFO] [task_scheduler.cc:144] [Task #0: main] Trial #3: GFLOPs: 398.1918. Time: 8258.1664 us. Best GFLOPs: 1064.2939
2026-08-26 15:01:09 [INFO] [task_scheduler.cc:144] [Task #0: main] Trial #4: GFLOPs: 331.3836. Time: 9923.0457 us. Best GFLOPs: 1064.2939
2026-08-26 15:01:09 [INFO] [task_scheduler.cc:144] [Task #0: main] Trial #5: GFLOPs: 2222.1829. Time: 1479.7766 us. Best GFLOPs: 2222.1829
2026-08-26 15:01:09 [INFO] [task_scheduler.cc:144] [Task #0: main] Trial #6: GFLOPs: 1113.9983. Time: 2951.8307 us. Best GFLOPs: 2222.1829
2026-08-26 15:01:09 [INFO] [task_scheduler.cc:144] [Task #0: main] Trial #7: GFLOPs: 206.5084. Time: 15923.4924 us. Best GFLOPs: 2222.1829
2026-08-26 15:01:09 [INFO] [task_scheduler.cc:144] [Task #0: main] Trial #8: GFLOPs: 2224.8390. Time: 1478.0100 us. Best GFLOPs: 2224.8390
2026-08-26 15:01:09 [INFO] [task_scheduler.cc:144] [Task #0: main] Trial #9: GFLOPs: 1958.5821. Time: 1678.9362 us. Best GFLOPs: 2224.8390
2026-08-26 15:01:09 [INFO] [task_scheduler.cc:144] [Task #0: main] Trial #10: GFLOPs: 775.6910. Time: 4239.2320 us. Best GFLOPs: 2224.8390
2026-08-26 15:01:09 [INFO] [task_scheduler.cc:144] [Task #0: main] Trial #11: GFLOPs: 2263.4741. Time: 1452.7820 us. Best GFLOPs: 2263.4741
2026-08-26 15:01:09 [INFO] [task_scheduler.cc:144] [Task #0: main] Trial #12: GFLOPs: 1397.9526. Time: 2352.2503 us. Best GFLOPs: 2263.4741
2026-08-26 15:01:09 [INFO] [task_scheduler.cc:144] [Task #0: main] Trial #13: GFLOPs: 717.5687. Time: 4582.6057 us. Best GFLOPs: 2263.4741
2026-08-26 15:01:09 [INFO] [task_scheduler.cc:144] [Task #0: main] Trial #14: GFLOPs: 1444.5946. Time: 2276.3025 us. Best GFLOPs: 2263.4741
2026-08-26 15:01:09 [INFO] [task_scheduler.cc:144] [Task #0: main] Trial #15: GFLOPs: 4816.1848. Time: 682.7675 us. Best GFLOPs: 4816.1848
2026-08-26 15:01:09 [INFO] [task_scheduler.cc:144] [Task #0: main] Trial #16: GFLOPs: 961.1529. Time: 3421.2395 us. Best GFLOPs: 4816.1848
2026-08-26 15:01:09 [INFO] [task_scheduler.cc:144] [Task #0: main] Trial #17: GFLOPs: 1045.4777. Time: 3145.2935 us. Best GFLOPs: 4816.1848
2026-08-26 15:01:09 [INFO] [task_scheduler.cc:144] [Task #0: main] Trial #18: GFLOPs: 2271.5339. Time: 1447.6272 us. Best GFLOPs: 4816.1848
2026-08-26 15:01:09 [INFO] [task_scheduler.cc:144] [Task #0: main] Trial #19: GFLOPs: 1215.2965. Time: 2705.7876 us. Best GFLOPs: 4816.1848
2026-08-26 15:01:09 [INFO] [task_scheduler.cc:144] [Task #0: main] Trial #20: GFLOPs: 2243.5771. Time: 1465.6659 us. Best GFLOPs: 4816.1848
2026-08-26 15:01:09 [INFO] [task_scheduler.cc:144] [Task #0: main] Trial #21: GFLOPs: 2181.3376. Time: 1507.4853 us. Best GFLOPs: 4816.1848
2026-08-26 15:01:09 [INFO] [task_scheduler.cc:144] [Task #0: main] Trial #22: GFLOPs: 299.0394. Time: 10996.3264 us. Best GFLOPs: 4816.1848
2026-08-26 15:01:09 [INFO] [task_scheduler.cc:144] [Task #0: main] Trial #23: GFLOPs: 3091.0462. Time: 1063.8257 us. Best GFLOPs: 4816.1848
2026-08-26 15:01:09 [INFO] [task_scheduler.cc:144] [Task #0: main] Trial #24: GFLOPs: 1379.6387. Time: 2383.4750 us. Best GFLOPs: 4816.1848
2026-08-26 15:01:09 [INFO] [task_scheduler.cc:144] [Task #0: main] Trial #25: GFLOPs: 5076.1128. Time: 647.8056 us. Best GFLOPs: 5076.1128
2026-08-26 15:01:09 [INFO] [task_scheduler.cc:144] [Task #0: main] Trial #26: GFLOPs: 194.7047. Time: 16888.8320 us. Best GFLOPs: 5076.1128
2026-08-26 15:01:09 [INFO] [task_scheduler.cc:144] [Task #0: main] Trial #27: GFLOPs: 1600.3540. Time: 2054.7544 us. Best GFLOPs: 5076.1128
2026-08-26 15:01:09 [INFO] [task_scheduler.cc:144] [Task #0: main] Trial #28: GFLOPs: 1197.1239. Time: 2746.8622 us. Best GFLOPs: 5076.1128
2026-08-26 15:01:09 [INFO] [task_scheduler.cc:144] [Task #0: main] Trial #29: GFLOPs: 2810.6919. Time: 1169.9377 us. Best GFLOPs: 5076.1128
2026-08-26 15:01:09 [INFO] [task_scheduler.cc:144] [Task #0: main] Trial #30: GFLOPs: 2271.9095. Time: 1447.3879 us. Best GFLOPs: 5076.1128
2026-08-26 15:01:09 [INFO] [task_scheduler.cc:144] [Task #0: main] Trial #31: GFLOPs: 5680.9868. Time: 578.8315 us. Best GFLOPs: 5680.9868
2026-08-26 15:01:09 [INFO] [task_scheduler.cc:144] [Task #0: main] Trial #32: GFLOPs: 614.5341. Time: 5350.9389 us. Best GFLOPs: 5680.9868
2026-08-26 15:01:09 [INFO] [task_scheduler.cc:144] [Task #0: main] Trial #33: GFLOPs: 1846.0891. Time: 1781.2436 us. Best GFLOPs: 5680.9868
2026-08-26 15:01:09 [INFO] [task_scheduler.cc:144] [Task #0: main] Trial #34: GFLOPs: 840.6538. Time: 3911.6393 us. Best GFLOPs: 5680.9868
2026-08-26 15:01:09 [INFO] [task_scheduler.cc:144] [Task #0: main] Trial #35: GFLOPs: 5648.4383. Time: 582.1670 us. Best GFLOPs: 5680.9868
2026-08-26 15:01:09 [INFO] [task_scheduler.cc:144] [Task #0: main] Trial #36: GFLOPs: 2996.7244. Time: 1097.3096 us. Best GFLOPs: 5680.9868
2026-08-26 15:01:09 [INFO] [task_scheduler.cc:144] [Task #0: main] Trial #37: GFLOPs: 917.7475. Time: 3583.0492 us. Best GFLOPs: 5680.9868
2026-08-26 15:01:09 [INFO] [task_scheduler.cc:144] [Task #0: main] Trial #38: GFLOPs: 1225.9033. Time: 2682.3767 us. Best GFLOPs: 5680.9868
2026-08-26 15:01:09 [INFO] [task_scheduler.cc:144] [Task #0: main] Trial #39: GFLOPs: 2147.9193. Time: 1530.9394 us. Best GFLOPs: 5680.9868
2026-08-26 15:01:09 [INFO] [task_scheduler.cc:144] [Task #0: main] Trial #40: GFLOPs: 5042.2824. Time: 652.1520 us. Best GFLOPs: 5680.9868
2026-08-26 15:01:09 [INFO] [task_scheduler.cc:144] [Task #0: main] Trial #41: GFLOPs: 2092.7816. Time: 1571.2745 us. Best GFLOPs: 5680.9868
2026-08-26 15:01:09 [INFO] [task_scheduler.cc:144] [Task #0: main] Trial #42: GFLOPs: 1477.9056. Time: 2224.9961 us. Best GFLOPs: 5680.9868
2026-08-26 15:01:09 [INFO] [task_scheduler.cc:144] [Task #0: main] Trial #43: GFLOPs: 439.0760. Time: 7489.2136 us. Best GFLOPs: 5680.9868
2026-08-26 15:01:09 [INFO] [task_scheduler.cc:144] [Task #0: main] Trial #44: GFLOPs: 3127.3861. Time: 1051.4642 us. Best GFLOPs: 5680.9868
2026-08-26 15:01:09 [INFO] [task_scheduler.cc:144] [Task #0: main] Trial #45: GFLOPs: 3127.5259. Time: 1051.4171 us. Best GFLOPs: 5680.9868
2026-08-26 15:01:09 [INFO] [task_scheduler.cc:144] [Task #0: main] Trial #46: GFLOPs: 962.3000. Time: 3417.1614 us. Best GFLOPs: 5680.9868
2026-08-26 15:01:09 [INFO] [task_scheduler.cc:144] [Task #0: main] Trial #47: GFLOPs: 2587.1472. Time: 1271.0272 us. Best GFLOPs: 5680.9868
2026-08-26 15:01:09 [INFO] [task_scheduler.cc:144] [Task #0: main] Trial #48: GFLOPs: 684.2516. Time: 4805.7383 us. Best GFLOPs: 5680.9868
2026-08-26 15:01:09 [INFO] [task_scheduler.cc:144] [Task #0: main] Trial #49: GFLOPs: 880.7291. Time: 3733.6502 us. Best GFLOPs: 5680.9868
2026-08-26 15:01:09 [INFO] [task_scheduler.cc:144] [Task #0: main] Trial #50: GFLOPs: 2222.2159. Time: 1479.7546 us. Best GFLOPs: 5680.9868
2026-08-26 15:01:09 [INFO] [task_scheduler.cc:144] [Task #0: main] Trial #51: GFLOPs: 2239.2636. Time: 1468.4892 us. Best GFLOPs: 5680.9868
2026-08-26 15:01:09 [INFO] [task_scheduler.cc:144] [Task #0: main] Trial #52: GFLOPs: 2520.7155. Time: 1304.5242 us. Best GFLOPs: 5680.9868
2026-08-26 15:01:09 [INFO] [task_scheduler.cc:144] [Task #0: main] Trial #53: GFLOPs: 190.8216. Time: 17232.5070 us. Best GFLOPs: 5680.9868
2026-08-26 15:01:09 [INFO] [task_scheduler.cc:144] [Task #0: main] Trial #54: GFLOPs: 2217.3518. Time: 1483.0007 us. Best GFLOPs: 5680.9868
2026-08-26 15:01:09 [INFO] [task_scheduler.cc:144] [Task #0: main] Trial #55: GFLOPs: 1701.8694. Time: 1932.1896 us. Best GFLOPs: 5680.9868
2026-08-26 15:01:09 [INFO] [task_scheduler.cc:144] [Task #0: main] Trial #56: GFLOPs: 341.7957. Time: 9620.7594 us. Best GFLOPs: 5680.9868
2026-08-26 15:01:09 [INFO] [task_scheduler.cc:144] [Task #0: main] Trial #57: GFLOPs: 843.0999. Time: 3900.2903 us. Best GFLOPs: 5680.9868
2026-08-26 15:01:09 [INFO] [task_scheduler.cc:144] [Task #0: main] Trial #58: GFLOPs: 4923.1279. Time: 667.9360 us. Best GFLOPs: 5680.9868
2026-08-26 15:01:09 [INFO] [task_scheduler.cc:144] [Task #0: main] Trial #59: GFLOPs: 6779.8248. Time: 485.0176 us. Best GFLOPs: 6779.8248
2026-08-26 15:01:09 [INFO] [task_scheduler.cc:144] [Task #0: main] Trial #60: GFLOPs: 1190.3937. Time: 2762.3922 us. Best GFLOPs: 6779.8248
2026-08-26 15:01:09 [INFO] [task_scheduler.cc:144] [Task #0: main] Trial #61: GFLOPs: 440.6019. Time: 7463.2775 us. Best GFLOPs: 6779.8248
2026-08-26 15:01:09 [INFO] [task_scheduler.cc:144] [Task #0: main] Trial #62: GFLOPs: 2870.9182. Time: 1145.3946 us. Best GFLOPs: 6779.8248
2026-08-26 15:01:09 [INFO] [task_scheduler.cc:144] [Task #0: main] Trial #63: GFLOPs: 2474.0334. Time: 1329.1390 us. Best GFLOPs: 6779.8248
2026-08-26 15:01:09 [INFO] [evolutionary_search.cc:738] Generating candidates......
2026-08-26 15:01:10 [INFO] [evolutionary_search.cc:505] Pick-Best-From-Database summary:
Trace replay failures: 0 failure(s)
Postproc #0 [s_tir.meta_schedule.DisallowDynamicLoop]: 0 failure(s)
Postproc #1 [s_tir.meta_schedule.RewriteCooperativeFetch]: 0 failure(s)
Postproc #2 [s_tir.meta_schedule.RewriteUnboundBlock]: 0 failure(s)
Postproc #3 [s_tir.meta_schedule.RewriteParallelVectorizeUnroll]: 0 failure(s)
Postproc #4 [s_tir.meta_schedule.RewriteReductionBlock]: 0 failure(s)
Postproc #5 [s_tir.meta_schedule.VerifyGPUCode]: 0 failure(s)
Postproc #6 [s_tir.meta_schedule.RewriteTensorize]: 0 failure(s)
2026-08-26 15:01:10 [INFO] [evolutionary_search.cc:740] Picked top 63 candidate(s) from database
2026-08-26 15:01:11 [INFO] [evolutionary_search.cc:551] Sample-Init-Population summary:
Trace replay failures: 0 failure(s)
Postproc #0 [s_tir.meta_schedule.DisallowDynamicLoop]: 0 failure(s)
Postproc #1 [s_tir.meta_schedule.RewriteCooperativeFetch]: 0 failure(s)
Postproc #2 [s_tir.meta_schedule.RewriteUnboundBlock]: 0 failure(s)
Postproc #3 [s_tir.meta_schedule.RewriteParallelVectorizeUnroll]: 0 failure(s)
Postproc #4 [s_tir.meta_schedule.RewriteReductionBlock]: 0 failure(s)
Postproc #5 [s_tir.meta_schedule.VerifyGPUCode]: 446 failure(s)
Postproc #6 [s_tir.meta_schedule.RewriteTensorize]: 0 failure(s)
2026-08-26 15:01:12 [INFO] [evolutionary_search.cc:551] Sample-Init-Population summary:
Trace replay failures: 0 failure(s)
Postproc #0 [s_tir.meta_schedule.DisallowDynamicLoop]: 0 failure(s)
Postproc #1 [s_tir.meta_schedule.RewriteCooperativeFetch]: 0 failure(s)
Postproc #2 [s_tir.meta_schedule.RewriteUnboundBlock]: 0 failure(s)
Postproc #3 [s_tir.meta_schedule.RewriteParallelVectorizeUnroll]: 0 failure(s)
Postproc #4 [s_tir.meta_schedule.RewriteReductionBlock]: 0 failure(s)
Postproc #5 [s_tir.meta_schedule.VerifyGPUCode]: 895 failure(s)
Postproc #6 [s_tir.meta_schedule.RewriteTensorize]: 0 failure(s)
2026-08-26 15:01:13 [INFO] [evolutionary_search.cc:551] Sample-Init-Population summary:
Trace replay failures: 0 failure(s)
Postproc #0 [s_tir.meta_schedule.DisallowDynamicLoop]: 0 failure(s)
Postproc #1 [s_tir.meta_schedule.RewriteCooperativeFetch]: 0 failure(s)
Postproc #2 [s_tir.meta_schedule.RewriteUnboundBlock]: 0 failure(s)
Postproc #3 [s_tir.meta_schedule.RewriteParallelVectorizeUnroll]: 0 failure(s)
Postproc #4 [s_tir.meta_schedule.RewriteReductionBlock]: 0 failure(s)
Postproc #5 [s_tir.meta_schedule.VerifyGPUCode]: 1341 failure(s)
Postproc #6 [s_tir.meta_schedule.RewriteTensorize]: 0 failure(s)
2026-08-26 15:01:14 [INFO] [evolutionary_search.cc:551] Sample-Init-Population summary:
Trace replay failures: 0 failure(s)
Postproc #0 [s_tir.meta_schedule.DisallowDynamicLoop]: 0 failure(s)
Postproc #1 [s_tir.meta_schedule.RewriteCooperativeFetch]: 0 failure(s)
Postproc #2 [s_tir.meta_schedule.RewriteUnboundBlock]: 0 failure(s)
Postproc #3 [s_tir.meta_schedule.RewriteParallelVectorizeUnroll]: 0 failure(s)
Postproc #4 [s_tir.meta_schedule.RewriteReductionBlock]: 0 failure(s)
Postproc #5 [s_tir.meta_schedule.VerifyGPUCode]: 1789 failure(s)
Postproc #6 [s_tir.meta_schedule.RewriteTensorize]: 0 failure(s)
2026-08-26 15:01:15 [INFO] [evolutionary_search.cc:551] Sample-Init-Population summary:
Trace replay failures: 0 failure(s)
Postproc #0 [s_tir.meta_schedule.DisallowDynamicLoop]: 0 failure(s)
Postproc #1 [s_tir.meta_schedule.RewriteCooperativeFetch]: 0 failure(s)
Postproc #2 [s_tir.meta_schedule.RewriteUnboundBlock]: 0 failure(s)
Postproc #3 [s_tir.meta_schedule.RewriteParallelVectorizeUnroll]: 0 failure(s)
Postproc #4 [s_tir.meta_schedule.RewriteReductionBlock]: 0 failure(s)
Postproc #5 [s_tir.meta_schedule.VerifyGPUCode]: 2236 failure(s)
Postproc #6 [s_tir.meta_schedule.RewriteTensorize]: 0 failure(s)
2026-08-26 15:01:16 [INFO] [evolutionary_search.cc:551] Sample-Init-Population summary:
Trace replay failures: 0 failure(s)
Postproc #0 [s_tir.meta_schedule.DisallowDynamicLoop]: 0 failure(s)
Postproc #1 [s_tir.meta_schedule.RewriteCooperativeFetch]: 0 failure(s)
Postproc #2 [s_tir.meta_schedule.RewriteUnboundBlock]: 0 failure(s)
Postproc #3 [s_tir.meta_schedule.RewriteParallelVectorizeUnroll]: 0 failure(s)
Postproc #4 [s_tir.meta_schedule.RewriteReductionBlock]: 0 failure(s)
Postproc #5 [s_tir.meta_schedule.VerifyGPUCode]: 2678 failure(s)
Postproc #6 [s_tir.meta_schedule.RewriteTensorize]: 0 failure(s)
2026-08-26 15:01:17 [INFO] [evolutionary_search.cc:551] Sample-Init-Population summary:
Trace replay failures: 0 failure(s)
Postproc #0 [s_tir.meta_schedule.DisallowDynamicLoop]: 0 failure(s)
Postproc #1 [s_tir.meta_schedule.RewriteCooperativeFetch]: 0 failure(s)
Postproc #2 [s_tir.meta_schedule.RewriteUnboundBlock]: 0 failure(s)
Postproc #3 [s_tir.meta_schedule.RewriteParallelVectorizeUnroll]: 0 failure(s)
Postproc #4 [s_tir.meta_schedule.RewriteReductionBlock]: 0 failure(s)
Postproc #5 [s_tir.meta_schedule.VerifyGPUCode]: 3125 failure(s)
Postproc #6 [s_tir.meta_schedule.RewriteTensorize]: 0 failure(s)
2026-08-26 15:01:18 [INFO] [evolutionary_search.cc:551] Sample-Init-Population summary:
Trace replay failures: 0 failure(s)
Postproc #0 [s_tir.meta_schedule.DisallowDynamicLoop]: 0 failure(s)
Postproc #1 [s_tir.meta_schedule.RewriteCooperativeFetch]: 0 failure(s)
Postproc #2 [s_tir.meta_schedule.RewriteUnboundBlock]: 0 failure(s)
Postproc #3 [s_tir.meta_schedule.RewriteParallelVectorizeUnroll]: 0 failure(s)
Postproc #4 [s_tir.meta_schedule.RewriteReductionBlock]: 0 failure(s)
Postproc #5 [s_tir.meta_schedule.VerifyGPUCode]: 3571 failure(s)
Postproc #6 [s_tir.meta_schedule.RewriteTensorize]: 0 failure(s)
2026-08-26 15:01:19 [INFO] [evolutionary_search.cc:551] Sample-Init-Population summary:
Trace replay failures: 0 failure(s)
Postproc #0 [s_tir.meta_schedule.DisallowDynamicLoop]: 0 failure(s)
Postproc #1 [s_tir.meta_schedule.RewriteCooperativeFetch]: 0 failure(s)
Postproc #2 [s_tir.meta_schedule.RewriteUnboundBlock]: 0 failure(s)
Postproc #3 [s_tir.meta_schedule.RewriteParallelVectorizeUnroll]: 0 failure(s)
Postproc #4 [s_tir.meta_schedule.RewriteReductionBlock]: 0 failure(s)
Postproc #5 [s_tir.meta_schedule.VerifyGPUCode]: 4015 failure(s)
Postproc #6 [s_tir.meta_schedule.RewriteTensorize]: 0 failure(s)
2026-08-26 15:01:20 [INFO] [evolutionary_search.cc:551] Sample-Init-Population summary:
Trace replay failures: 0 failure(s)
Postproc #0 [s_tir.meta_schedule.DisallowDynamicLoop]: 0 failure(s)
Postproc #1 [s_tir.meta_schedule.RewriteCooperativeFetch]: 0 failure(s)
Postproc #2 [s_tir.meta_schedule.RewriteUnboundBlock]: 0 failure(s)
Postproc #3 [s_tir.meta_schedule.RewriteParallelVectorizeUnroll]: 0 failure(s)
Postproc #4 [s_tir.meta_schedule.RewriteReductionBlock]: 0 failure(s)
Postproc #5 [s_tir.meta_schedule.VerifyGPUCode]: 4460 failure(s)
Postproc #6 [s_tir.meta_schedule.RewriteTensorize]: 0 failure(s)
2026-08-26 15:01:20 [INFO] [evolutionary_search.cc:551] Sample-Init-Population summary:
Trace replay failures: 0 failure(s)
Postproc #0 [s_tir.meta_schedule.DisallowDynamicLoop]: 0 failure(s)
Postproc #1 [s_tir.meta_schedule.RewriteCooperativeFetch]: 0 failure(s)
Postproc #2 [s_tir.meta_schedule.RewriteUnboundBlock]: 0 failure(s)
Postproc #3 [s_tir.meta_schedule.RewriteParallelVectorizeUnroll]: 0 failure(s)
Postproc #4 [s_tir.meta_schedule.RewriteReductionBlock]: 0 failure(s)
Postproc #5 [s_tir.meta_schedule.VerifyGPUCode]: 4906 failure(s)
Postproc #6 [s_tir.meta_schedule.RewriteTensorize]: 0 failure(s)
2026-08-26 15:01:21 [INFO] [evolutionary_search.cc:551] Sample-Init-Population summary:
Trace replay failures: 0 failure(s)
Postproc #0 [s_tir.meta_schedule.DisallowDynamicLoop]: 0 failure(s)
Postproc #1 [s_tir.meta_schedule.RewriteCooperativeFetch]: 0 failure(s)
Postproc #2 [s_tir.meta_schedule.RewriteUnboundBlock]: 0 failure(s)
Postproc #3 [s_tir.meta_schedule.RewriteParallelVectorizeUnroll]: 0 failure(s)
Postproc #4 [s_tir.meta_schedule.RewriteReductionBlock]: 0 failure(s)
Postproc #5 [s_tir.meta_schedule.VerifyGPUCode]: 5353 failure(s)
Postproc #6 [s_tir.meta_schedule.RewriteTensorize]: 0 failure(s)
2026-08-26 15:01:22 [INFO] [evolutionary_search.cc:551] Sample-Init-Population summary:
Trace replay failures: 0 failure(s)
Postproc #0 [s_tir.meta_schedule.DisallowDynamicLoop]: 0 failure(s)
Postproc #1 [s_tir.meta_schedule.RewriteCooperativeFetch]: 0 failure(s)
Postproc #2 [s_tir.meta_schedule.RewriteUnboundBlock]: 0 failure(s)
Postproc #3 [s_tir.meta_schedule.RewriteParallelVectorizeUnroll]: 0 failure(s)
Postproc #4 [s_tir.meta_schedule.RewriteReductionBlock]: 0 failure(s)
Postproc #5 [s_tir.meta_schedule.VerifyGPUCode]: 5801 failure(s)
Postproc #6 [s_tir.meta_schedule.RewriteTensorize]: 0 failure(s)
2026-08-26 15:01:23 [INFO] [evolutionary_search.cc:551] Sample-Init-Population summary:
Trace replay failures: 0 failure(s)
Postproc #0 [s_tir.meta_schedule.DisallowDynamicLoop]: 0 failure(s)
Postproc #1 [s_tir.meta_schedule.RewriteCooperativeFetch]: 0 failure(s)
Postproc #2 [s_tir.meta_schedule.RewriteUnboundBlock]: 0 failure(s)
Postproc #3 [s_tir.meta_schedule.RewriteParallelVectorizeUnroll]: 0 failure(s)
Postproc #4 [s_tir.meta_schedule.RewriteReductionBlock]: 0 failure(s)
Postproc #5 [s_tir.meta_schedule.VerifyGPUCode]: 6249 failure(s)
Postproc #6 [s_tir.meta_schedule.RewriteTensorize]: 0 failure(s)
2026-08-26 15:01:24 [INFO] [evolutionary_search.cc:551] Sample-Init-Population summary:
Trace replay failures: 0 failure(s)
Postproc #0 [s_tir.meta_schedule.DisallowDynamicLoop]: 0 failure(s)
Postproc #1 [s_tir.meta_schedule.RewriteCooperativeFetch]: 0 failure(s)
Postproc #2 [s_tir.meta_schedule.RewriteUnboundBlock]: 0 failure(s)
Postproc #3 [s_tir.meta_schedule.RewriteParallelVectorizeUnroll]: 0 failure(s)
Postproc #4 [s_tir.meta_schedule.RewriteReductionBlock]: 0 failure(s)
Postproc #5 [s_tir.meta_schedule.VerifyGPUCode]: 6693 failure(s)
Postproc #6 [s_tir.meta_schedule.RewriteTensorize]: 0 failure(s)
2026-08-26 15:01:25 [INFO] [evolutionary_search.cc:551] Sample-Init-Population summary:
Trace replay failures: 0 failure(s)
Postproc #0 [s_tir.meta_schedule.DisallowDynamicLoop]: 0 failure(s)
Postproc #1 [s_tir.meta_schedule.RewriteCooperativeFetch]: 0 failure(s)
Postproc #2 [s_tir.meta_schedule.RewriteUnboundBlock]: 0 failure(s)
Postproc #3 [s_tir.meta_schedule.RewriteParallelVectorizeUnroll]: 0 failure(s)
Postproc #4 [s_tir.meta_schedule.RewriteReductionBlock]: 0 failure(s)
Postproc #5 [s_tir.meta_schedule.VerifyGPUCode]: 7140 failure(s)
Postproc #6 [s_tir.meta_schedule.RewriteTensorize]: 0 failure(s)
2026-08-26 15:01:26 [INFO] [evolutionary_search.cc:551] Sample-Init-Population summary:
Trace replay failures: 0 failure(s)
Postproc #0 [s_tir.meta_schedule.DisallowDynamicLoop]: 0 failure(s)
Postproc #1 [s_tir.meta_schedule.RewriteCooperativeFetch]: 0 failure(s)
Postproc #2 [s_tir.meta_schedule.RewriteUnboundBlock]: 0 failure(s)
Postproc #3 [s_tir.meta_schedule.RewriteParallelVectorizeUnroll]: 0 failure(s)
Postproc #4 [s_tir.meta_schedule.RewriteReductionBlock]: 0 failure(s)
Postproc #5 [s_tir.meta_schedule.VerifyGPUCode]: 7587 failure(s)
Postproc #6 [s_tir.meta_schedule.RewriteTensorize]: 0 failure(s)
2026-08-26 15:01:27 [INFO] [evolutionary_search.cc:551] Sample-Init-Population summary:
Trace replay failures: 0 failure(s)
Postproc #0 [s_tir.meta_schedule.DisallowDynamicLoop]: 0 failure(s)
Postproc #1 [s_tir.meta_schedule.RewriteCooperativeFetch]: 0 failure(s)
Postproc #2 [s_tir.meta_schedule.RewriteUnboundBlock]: 0 failure(s)
Postproc #3 [s_tir.meta_schedule.RewriteParallelVectorizeUnroll]: 0 failure(s)
Postproc #4 [s_tir.meta_schedule.RewriteReductionBlock]: 0 failure(s)
Postproc #5 [s_tir.meta_schedule.VerifyGPUCode]: 8031 failure(s)
Postproc #6 [s_tir.meta_schedule.RewriteTensorize]: 0 failure(s)
2026-08-26 15:01:27 [INFO] [evolutionary_search.cc:748] Sampled 51 candidate(s)
2026-08-26 15:01:29 [INFO] [evolutionary_search.cc:645] Evolve iter #0 done. Summary:
Trace replay failures: 0 failure(s)
Postproc #0 [s_tir.meta_schedule.DisallowDynamicLoop]: 0 failure(s)
Postproc #1 [s_tir.meta_schedule.RewriteCooperativeFetch]: 0 failure(s)
Postproc #2 [s_tir.meta_schedule.RewriteUnboundBlock]: 0 failure(s)
Postproc #3 [s_tir.meta_schedule.RewriteParallelVectorizeUnroll]: 0 failure(s)
Postproc #4 [s_tir.meta_schedule.RewriteReductionBlock]: 0 failure(s)
Postproc #5 [s_tir.meta_schedule.VerifyGPUCode]: 107 failure(s)
Postproc #6 [s_tir.meta_schedule.RewriteTensorize]: 0 failure(s)
2026-08-26 15:01:31 [INFO] [evolutionary_search.cc:645] Evolve iter #1 done. Summary:
Trace replay failures: 0 failure(s)
Postproc #0 [s_tir.meta_schedule.DisallowDynamicLoop]: 0 failure(s)
Postproc #1 [s_tir.meta_schedule.RewriteCooperativeFetch]: 0 failure(s)
Postproc #2 [s_tir.meta_schedule.RewriteUnboundBlock]: 0 failure(s)
Postproc #3 [s_tir.meta_schedule.RewriteParallelVectorizeUnroll]: 0 failure(s)
Postproc #4 [s_tir.meta_schedule.RewriteReductionBlock]: 0 failure(s)
Postproc #5 [s_tir.meta_schedule.VerifyGPUCode]: 76 failure(s)
Postproc #6 [s_tir.meta_schedule.RewriteTensorize]: 0 failure(s)
2026-08-26 15:01:33 [INFO] [evolutionary_search.cc:645] Evolve iter #2 done. Summary:
Trace replay failures: 0 failure(s)
Postproc #0 [s_tir.meta_schedule.DisallowDynamicLoop]: 0 failure(s)
Postproc #1 [s_tir.meta_schedule.RewriteCooperativeFetch]: 0 failure(s)
Postproc #2 [s_tir.meta_schedule.RewriteUnboundBlock]: 0 failure(s)
Postproc #3 [s_tir.meta_schedule.RewriteParallelVectorizeUnroll]: 0 failure(s)
Postproc #4 [s_tir.meta_schedule.RewriteReductionBlock]: 0 failure(s)
Postproc #5 [s_tir.meta_schedule.VerifyGPUCode]: 84 failure(s)
Postproc #6 [s_tir.meta_schedule.RewriteTensorize]: 0 failure(s)
2026-08-26 15:01:35 [INFO] [evolutionary_search.cc:645] Evolve iter #3 done. Summary:
Trace replay failures: 0 failure(s)
Postproc #0 [s_tir.meta_schedule.DisallowDynamicLoop]: 0 failure(s)
Postproc #1 [s_tir.meta_schedule.RewriteCooperativeFetch]: 0 failure(s)
Postproc #2 [s_tir.meta_schedule.RewriteUnboundBlock]: 0 failure(s)
Postproc #3 [s_tir.meta_schedule.RewriteParallelVectorizeUnroll]: 0 failure(s)
Postproc #4 [s_tir.meta_schedule.RewriteReductionBlock]: 0 failure(s)
Postproc #5 [s_tir.meta_schedule.VerifyGPUCode]: 94 failure(s)
Postproc #6 [s_tir.meta_schedule.RewriteTensorize]: 0 failure(s)
2026-08-26 15:01:35 [INFO] [evolutionary_search.cc:673] Scores of the best 64 candidates:
[1 : 16]:	0.9996  0.9994  0.9988  0.9968  0.9959  0.9952  0.9946  0.9945  0.9935  0.9930  0.9917  0.9916  0.9915  0.9913  0.9911  0.9903
[17 : 32]:	0.9894  0.9868  0.9868  0.9866  0.9858  0.9845  0.9844  0.9832  0.9825  0.9812  0.9806  0.9797  0.9788  0.9779  0.9776  0.9774
[33 : 48]:	0.9748  0.9748  0.9747  0.9737  0.9721  0.9713  0.9712  0.9687  0.9687  0.9686  0.9684  0.9680  0.9657  0.9657  0.9655  0.9652
[49 : 64]:	0.9649  0.9645  0.9644  0.9643  0.9641  0.9636  0.9616  0.9605  0.9603  0.9602  0.9597  0.9591  0.9588  0.9581  0.9580  0.9579
2026-08-26 15:02:00 [INFO] [task_scheduler.cc:175] Initializing Task #0: "main"
2026-08-26 15:02:00 [INFO] [task_scheduler.cc:47] 
# from tvm.script import ir as I
# from tvm.script import tirx as T
# from tvm.tirx.layout import Axis

@I.ir_module
class Module:
    @T.prim_func(s_tir=True)
    def main(X: T.Buffer((1, 8, 2048, 2048), "float16"), W: T.Buffer((8, 1, 7, 7), "float16"), DepthwiseConv2d: T.Buffer((1, 8, 2048, 2048), "float16")):
        T.func_attr({"tirx.noalias": True})
        # with T.sblock("root"):
        PaddedInput = T.sblock_alloc_buffer((1, 8, 2054, 2054), "float16")
        for i0, i1, i2, i3 in T.grid(1, 8, 2054, 2054):
            with T.sblock("PaddedInput"):
                v_i0, v_i1, v_i2, v_i3 = T.axis.remap("SSSS", [i0, i1, i2, i3])
                T.reads(X[v_i0, v_i1, v_i2 - 3, v_i3 - 3])
                T.writes(PaddedInput[v_i0, v_i1, v_i2, v_i3])
                PaddedInput[v_i0, v_i1, v_i2, v_i3] = T.if_then_else(3 <= v_i2 and v_i2 < 2051 and 3 <= v_i3 and v_i3 < 2051, X[v_i0, v_i1, v_i2 - 3, v_i3 - 3], T.float16(0.0))
        for b, c, i, j, di, dj in T.grid(1, 8, 2048, 2048, 7, 7):
            with T.sblock("DepthwiseConv2d"):
                v_b, v_c, v_i, v_j, v_di, v_dj = T.axis.remap("SSSSRR", [b, c, i, j, di, dj])
                T.reads(PaddedInput[v_b, v_c, v_i + v_di, v_j + v_dj], W[v_c, 0, v_di, v_dj])
                T.writes(DepthwiseConv2d[v_b, v_c, v_i, v_j])
                with T.init():
                    DepthwiseConv2d[v_b, v_c, v_i, v_j] = T.float16(0.0)
                DepthwiseConv2d[v_b, v_c, v_i, v_j] = DepthwiseConv2d[v_b, v_c, v_i, v_j] + PaddedInput[v_b, v_c, v_i + v_di, v_j + v_dj] * W[v_c, 0, v_di, v_dj]
2026-08-26 15:02:00 [INFO] [task_scheduler.cc:179] Total 3 design space(s) generated
2026-08-26 15:02:00 [INFO] [task_scheduler.cc:185] Design space #0:
# from tvm.script import ir as I
# from tvm.script import tirx as T
# from tvm.tirx.layout import Axis

@I.ir_module
class Module:
    @T.prim_func(s_tir=True)
    def main(X: T.Buffer((1, 8, 2048, 2048), "float16"), W: T.Buffer((8, 1, 7, 7), "float16"), DepthwiseConv2d: T.Buffer((1, 8, 2048, 2048), "float16")):
        T.func_attr({"tirx.noalias": True})
        with T.sblock("root"):
            T.reads()
            T.writes()
            T.sblock_attr({"meta_schedule.unroll_explicit": 512})
            DepthwiseConv2d_local = T.sblock_alloc_buffer((1, 8, 2048, 2048), "float16", scope="local")
            PaddedInput_shared = T.sblock_alloc_buffer((1, 8, 2054, 2054), "float16", scope="shared")
            W_shared = T.sblock_alloc_buffer((8, 1, 7, 7), "float16", scope="shared")
            for b_0_c_0_i_0_j_0_fused in T.thread_binding(16, thread="blockIdx.x"):
                for b_1_c_1_i_1_j_1_fused in T.thread_binding(128, thread="vthread.x"):
                    for b_2_c_2_i_2_j_2_fused in T.thread_binding(256, thread="threadIdx.x"):
                        for di_0, dj_0 in T.grid(7, 1):
                            for ax0_ax1_ax2_ax3_fused in range(2121728):
                                with T.sblock("PaddedInput_shared"):
                                    v0 = T.axis.spatial(1, 0)
                                    v1 = T.axis.spatial(8, b_0_c_0_i_0_j_0_fused // 8 * 4 + ax0_ax1_ax2_ax3_fused // 530432)
                                    v2 = T.axis.spatial(2054, di_0 + b_0_c_0_i_0_j_0_fused % 8 // 4 * 1024 + ax0_ax1_ax2_ax3_fused % 530432 // 518)
                                    v3 = T.axis.spatial(2054, b_0_c_0_i_0_j_0_fused % 4 * 512 + ax0_ax1_ax2_ax3_fused % 518)
                                    T.reads(X[v0, v1, v2 - 3, v3 - 3])
                                    T.writes(PaddedInput_shared[v0, v1, v2, v3])
                                    T.sblock_attr({"meta_schedule.cooperative_fetch": 2})
                                    PaddedInput_shared[v0, v1, v2, v3] = T.if_then_else(3 <= v2 and v2 < 2051 and 3 <= v3 and v3 < 2051, X[v0, v1, v2 - 3, v3 - 3], T.float16(0.0))
                            for ax0_ax1_ax2_ax3_fused in range(28):
                                with T.sblock("W_shared"):
                                    v0 = T.axis.spatial(8, b_0_c_0_i_0_j_0_fused // 8 * 4 + ax0_ax1_ax2_ax3_fused // 7)
                                    v1 = T.axis.spatial(1, 0)
                                    v2 = T.axis.spatial(7, di_0)
                                    v3 = T.axis.spatial(7, ax0_ax1_ax2_ax3_fused % 7)
                                    T.reads(W[v0, v1, v2, v3])
                                    T.writes(W_shared[v0, v1, v2, v3])
                                    T.sblock_attr({"meta_schedule.cooperative_fetch": 4})
                                    W_shared[v0, v1, v2, v3] = W[v0, v1, v2, v3]
                            for di_1, dj_1, b_3, c_3, i_3, j_3, di_2, dj_2, b_4, c_4, i_4, j_4 in T.grid(1, 7, 1, 1, 4, 2, 1, 1, 1, 4, 1, 2):
                                with T.sblock("DepthwiseConv2d"):
                                    v_b = T.axis.spatial(1, b_3 + b_4)
                                    v_c = T.axis.spatial(8, b_0_c_0_i_0_j_0_fused // 8 * 4 + c_3 * 4 + c_4)
                                    v_i = T.axis.spatial(2048, b_0_c_0_i_0_j_0_fused % 8 // 4 * 1024 + b_1_c_1_i_1_j_1_fused // 4 * 32 + b_2_c_2_i_2_j_2_fused // 32 * 4 + i_3 + i_4)
                                    v_j = T.axis.spatial(2048, b_0_c_0_i_0_j_0_fused % 4 * 512 + b_1_c_1_i_1_j_1_fused % 4 * 128 + b_2_c_2_i_2_j_2_fused % 32 * 4 + j_3 * 2 + j_4)
                                    v_di = T.axis.reduce(7, di_0 + di_1 + di_2)
                                    v_dj = T.axis.reduce(7, dj_0 * 7 + dj_1 + dj_2)
                                    T.reads(PaddedInput_shared[v_b, v_c, v_i + v_di, v_j + v_dj], W_shared[v_c, 0, v_di, v_dj])
                                    T.writes(DepthwiseConv2d_local[v_b, v_c, v_i, v_j])
                                    T.sblock_attr({"meta_schedule.thread_extent_high_inclusive": 1024, "meta_schedule.thread_extent_low_inclusive": 32, "meta_schedule.tiling_structure": "SSSRRSRS"})
                                    with T.init():
                                        DepthwiseConv2d_local[v_b, v_c, v_i, v_j] = T.float16(0.0)
                                    DepthwiseConv2d_local[v_b, v_c, v_i, v_j] = DepthwiseConv2d_local[v_b, v_c, v_i, v_j] + PaddedInput_shared[v_b, v_c, v_i + v_di, v_j + v_dj] * W_shared[v_c, 0, v_di, v_dj]
                        for ax0, ax1, ax2, ax3 in T.grid(1, 4, 4, 4):
                            with T.sblock("DepthwiseConv2d_local"):
                                v0 = T.axis.spatial(1, ax0)
                                v1 = T.axis.spatial(8, b_0_c_0_i_0_j_0_fused // 8 * 4 + ax1)
                                v2 = T.axis.spatial(2048, b_0_c_0_i_0_j_0_fused % 8 // 4 * 1024 + b_1_c_1_i_1_j_1_fused // 4 * 32 + b_2_c_2_i_2_j_2_fused // 32 * 4 + ax2)
                                v3 = T.axis.spatial(2048, b_0_c_0_i_0_j_0_fused % 4 * 512 + b_1_c_1_i_1_j_1_fused % 4 * 128 + b_2_c_2_i_2_j_2_fused % 32 * 4 + ax3)
                                T.reads(DepthwiseConv2d_local[v0, v1, v2, v3])
                                T.writes(DepthwiseConv2d[v0, v1, v2, v3])
                                DepthwiseConv2d[v0, v1, v2, v3] = DepthwiseConv2d_local[v0, v1, v2, v3]
b0 = sch.get_sblock(name="PaddedInput", func_name="main")
b1 = sch.get_sblock(name="DepthwiseConv2d", func_name="main")
b2 = sch.get_sblock(name="root", func_name="main")
sch.annotate(block_or_loop=b1, ann_key="meta_schedule.tiling_structure", ann_val="SSSRRSRS")
l3, l4, l5, l6, l7, l8 = sch.get_loops(block=b1)
v9, v10, v11, v12, v13 = sch.sample_perfect_tile(loop=l3, n=5, max_innermost_factor=64, decision=[1, 1, 1, 1, 1])
l14, l15, l16, l17, l18 = sch.split(loop=l3, factors=[v9, v10, v11, v12, v13], preserve_unit_iters=True, disable_predication=False)
v19, v20, v21, v22, v23 = sch.sample_perfect_tile(loop=l4, n=5, max_innermost_factor=64, decision=[2, 1, 1, 1, 4])
l24, l25, l26, l27, l28 = sch.split(loop=l4, factors=[v19, v20, v21, v22, v23], preserve_unit_iters=True, disable_predication=False)
v29, v30, v31, v32, v33 = sch.sample_perfect_tile(loop=l5, n=5, max_innermost_factor=64, decision=[2, 32, 8, 4, 1])
l34, l35, l36, l37, l38 = sch.split(loop=l5, factors=[v29, v30, v31, v32, v33], preserve_unit_iters=True, disable_predication=False)
v39, v40, v41, v42, v43 = sch.sample_perfect_tile(loop=l6, n=5, max_innermost_factor=64, decision=[4, 4, 32, 2, 2])
l44, l45, l46, l47, l48 = sch.split(loop=l6, factors=[v39, v40, v41, v42, v43], preserve_unit_iters=True, disable_predication=False)
v49, v50, v51 = sch.sample_perfect_tile(loop=l7, n=3, max_innermost_factor=64, decision=[7, 1, 1])
l52, l53, l54 = sch.split(loop=l7, factors=[v49, v50, v51], preserve_unit_iters=True, disable_predication=False)
v55, v56, v57 = sch.sample_perfect_tile(loop=l8, n=3, max_innermost_factor=64, decision=[1, 7, 1])
l58, l59, l60 = sch.split(loop=l8, factors=[v55, v56, v57], preserve_unit_iters=True, disable_predication=False)
sch.reorder(l14, l24, l34, l44, l15, l25, l35, l45, l16, l26, l36, l46, l52, l58, l53, l59, l17, l27, l37, l47, l54, l60, l18, l28, l38, l48)
l61 = sch.fuse(l14, l24, l34, l44, preserve_unit_iters=True)
sch.bind(loop=l61, thread_axis="blockIdx.x")
l62 = sch.fuse(l15, l25, l35, l45, preserve_unit_iters=True)
sch.bind(loop=l62, thread_axis="vthread.x")
l63 = sch.fuse(l16, l26, l36, l46, preserve_unit_iters=True)
sch.bind(loop=l63, thread_axis="threadIdx.x")
sch.annotate(block_or_loop=b1, ann_key="meta_schedule.thread_extent_low_inclusive", ann_val=32)
sch.annotate(block_or_loop=b1, ann_key="meta_schedule.thread_extent_high_inclusive", ann_val=1024)
b64 = sch.cache_write(block=b1, write_buffer_index=0, storage_scope="local")
sch.reverse_compute_at(block=b64, loop=l63, preserve_unit_loops=True, index=-1)
b65 = sch.cache_read(block=b1, read_buffer_index=0, storage_scope="shared", consumer_blocks=[b1])
sch.compute_at(block=b65, loop=l58, preserve_unit_loops=True, index=-1)
l66, l67, l68, l69, l70, l71, l72, l73, l74 = sch.get_loops(block=b65)
l75 = sch.fuse(l71, l72, l73, l74, preserve_unit_iters=True)
v76 = sch.sample_categorical(candidates=[1, 2, 4, 8], probs=[0.25, 0.25, 0.25, 0.25], decision=1)
sch.annotate(block_or_loop=b65, ann_key="meta_schedule.cooperative_fetch", ann_val=v76)
b77 = sch.cache_read(block=b1, read_buffer_index=1, storage_scope="shared", consumer_blocks=[b1])
sch.compute_at(block=b77, loop=l58, preserve_unit_loops=True, index=-1)
l78, l79, l80, l81, l82, l83, l84, l85, l86 = sch.get_loops(block=b77)
l87 = sch.fuse(l83, l84, l85, l86, preserve_unit_iters=True)
v88 = sch.sample_categorical(candidates=[1, 2, 4, 8], probs=[0.25, 0.25, 0.25, 0.25], decision=2)
sch.annotate(block_or_loop=b77, ann_key="meta_schedule.cooperative_fetch", ann_val=v88)
sch.compute_inline(block=b0)
v89 = sch.sample_categorical(candidates=[0, 16, 32, 64, 128, 256, 512, 1024], probs=[0.125, 0.125, 0.125, 0.125, 0.125, 0.125, 0.125, 0.125], decision=6)
sch.annotate(block_or_loop=b2, ann_key="meta_schedule.unroll_explicit", ann_val=v89)
2026-08-26 15:02:00 [INFO] [task_scheduler.cc:185] Design space #1:
# from tvm.script import ir as I
# from tvm.script import tirx as T
# from tvm.tirx.layout import Axis

@I.ir_module
class Module:
    @T.prim_func(s_tir=True)
    def main(X: T.Buffer((1, 8, 2048, 2048), "float16"), W: T.Buffer((8, 1, 7, 7), "float16"), DepthwiseConv2d: T.Buffer((1, 8, 2048, 2048), "float16")):
        T.func_attr({"tirx.noalias": True})
        with T.sblock("root"):
            T.reads()
            T.writes()
            T.sblock_attr({"meta_schedule.unroll_explicit": 32})
            DepthwiseConv2d_local = T.sblock_alloc_buffer((1, 8, 2048, 2048), "float16", scope="local")
            PaddedInput_shared = T.sblock_alloc_buffer((1, 8, 2054, 2054), "float16", scope="shared")
            W_shared = T.sblock_alloc_buffer((8, 1, 7, 7), "float16", scope="shared")
            for b_0_c_0_i_0_j_0_fused in T.thread_binding(16, thread="blockIdx.x"):
                for b_1_c_1_i_1_j_1_fused in T.thread_binding(128, thread="vthread.x"):
                    for b_2_c_2_i_2_j_2_fused in T.thread_binding(256, thread="threadIdx.x"):
                        for di_0_dj_0_fused in T.serial(7, annotations={"software_pipeline_async_stages": [0], "software_pipeline_order": [0, 1, 2], "software_pipeline_stage": [0, 0, 2]}):
                            for ax0_ax1_ax2_ax3_fused in range(2121728):
                                with T.sblock("PaddedInput_shared"):
                                    v0 = T.axis.spatial(1, 0)
                                    v1 = T.axis.spatial(8, b_0_c_0_i_0_j_0_fused // 8 * 4 + ax0_ax1_ax2_ax3_fused // 530432)
                                    v2 = T.axis.spatial(2054, di_0_dj_0_fused + b_0_c_0_i_0_j_0_fused % 8 // 4 * 1024 + ax0_ax1_ax2_ax3_fused % 530432 // 518)
                                    v3 = T.axis.spatial(2054, b_0_c_0_i_0_j_0_fused % 4 * 512 + ax0_ax1_ax2_ax3_fused % 518)
                                    T.reads(X[v0, v1, v2 - 3, v3 - 3])
                                    T.writes(PaddedInput_shared[v0, v1, v2, v3])
                                    T.sblock_attr({"meta_schedule.cooperative_fetch": 2})
                                    PaddedInput_shared[v0, v1, v2, v3] = T.if_then_else(3 <= v2 and v2 < 2051 and 3 <= v3 and v3 < 2051, X[v0, v1, v2 - 3, v3 - 3], T.float16(0.0))
                            for ax0_ax1_ax2_ax3_fused in range(28):
                                with T.sblock("W_shared"):
                                    v0 = T.axis.spatial(8, b_0_c_0_i_0_j_0_fused // 8 * 4 + ax0_ax1_ax2_ax3_fused // 7)
                                    v1 = T.axis.spatial(1, 0)
                                    v2 = T.axis.spatial(7, di_0_dj_0_fused)
                                    v3 = T.axis.spatial(7, ax0_ax1_ax2_ax3_fused % 7)
                                    T.reads(W[v0, v1, v2, v3])
                                    T.writes(W_shared[v0, v1, v2, v3])
                                    T.sblock_attr({"meta_schedule.cooperative_fetch": 4})
                                    W_shared[v0, v1, v2, v3] = W[v0, v1, v2, v3]
                            for di_1, dj_1, b_3, c_3, i_3, j_3, di_2, dj_2, b_4, c_4, i_4, j_4 in T.grid(1, 7, 1, 1, 4, 2, 1, 1, 1, 4, 1, 2):
                                with T.sblock("DepthwiseConv2d"):
                                    v_b = T.axis.spatial(1, b_3 + b_4)
                                    v_c = T.axis.spatial(8, b_0_c_0_i_0_j_0_fused // 8 * 4 + c_3 * 4 + c_4)
                                    v_i = T.axis.spatial(2048, b_0_c_0_i_0_j_0_fused % 8 // 4 * 1024 + b_1_c_1_i_1_j_1_fused // 4 * 32 + b_2_c_2_i_2_j_2_fused // 32 * 4 + i_3 + i_4)
                                    v_j = T.axis.spatial(2048, b_0_c_0_i_0_j_0_fused % 4 * 512 + b_1_c_1_i_1_j_1_fused % 4 * 128 + b_2_c_2_i_2_j_2_fused % 32 * 4 + j_3 * 2 + j_4)
                                    v_di = T.axis.reduce(7, di_0_dj_0_fused + di_1 + di_2)
                                    v_dj = T.axis.reduce(7, dj_1 + dj_2)
                                    T.reads(PaddedInput_shared[v_b, v_c, v_i + v_di, v_j + v_dj], W_shared[v_c, 0, v_di, v_dj])
                                    T.writes(DepthwiseConv2d_local[v_b, v_c, v_i, v_j])
                                    T.sblock_attr({"meta_schedule.thread_extent_high_inclusive": 1024, "meta_schedule.thread_extent_low_inclusive": 32, "meta_schedule.tiling_structure": "SSSRRSRS"})
                                    with T.init():
                                        DepthwiseConv2d_local[v_b, v_c, v_i, v_j] = T.float16(0.0)
                                    DepthwiseConv2d_local[v_b, v_c, v_i, v_j] = DepthwiseConv2d_local[v_b, v_c, v_i, v_j] + PaddedInput_shared[v_b, v_c, v_i + v_di, v_j + v_dj] * W_shared[v_c, 0, v_di, v_dj]
                        for ax0, ax1, ax2, ax3 in T.grid(1, 4, 4, 4):
                            with T.sblock("DepthwiseConv2d_local"):
                                v0 = T.axis.spatial(1, ax0)
                                v1 = T.axis.spatial(8, b_0_c_0_i_0_j_0_fused // 8 * 4 + ax1)
                                v2 = T.axis.spatial(2048, b_0_c_0_i_0_j_0_fused % 8 // 4 * 1024 + b_1_c_1_i_1_j_1_fused // 4 * 32 + b_2_c_2_i_2_j_2_fused // 32 * 4 + ax2)
                                v3 = T.axis.spatial(2048, b_0_c_0_i_0_j_0_fused % 4 * 512 + b_1_c_1_i_1_j_1_fused % 4 * 128 + b_2_c_2_i_2_j_2_fused % 32 * 4 + ax3)
                                T.reads(DepthwiseConv2d_local[v0, v1, v2, v3])
                                T.writes(DepthwiseConv2d[v0, v1, v2, v3])
                                DepthwiseConv2d[v0, v1, v2, v3] = DepthwiseConv2d_local[v0, v1, v2, v3]
b0 = sch.get_sblock(name="PaddedInput", func_name="main")
b1 = sch.get_sblock(name="DepthwiseConv2d", func_name="main")
b2 = sch.get_sblock(name="root", func_name="main")
sch.annotate(block_or_loop=b1, ann_key="meta_schedule.tiling_structure", ann_val="SSSRRSRS")
l3, l4, l5, l6, l7, l8 = sch.get_loops(block=b1)
v9, v10, v11, v12, v13 = sch.sample_perfect_tile(loop=l3, n=5, max_innermost_factor=64, decision=[1, 1, 1, 1, 1])
l14, l15, l16, l17, l18 = sch.split(loop=l3, factors=[v9, v10, v11, v12, v13], preserve_unit_iters=True, disable_predication=False)
v19, v20, v21, v22, v23 = sch.sample_perfect_tile(loop=l4, n=5, max_innermost_factor=64, decision=[2, 1, 1, 1, 4])
l24, l25, l26, l27, l28 = sch.split(loop=l4, factors=[v19, v20, v21, v22, v23], preserve_unit_iters=True, disable_predication=False)
v29, v30, v31, v32, v33 = sch.sample_perfect_tile(loop=l5, n=5, max_innermost_factor=64, decision=[2, 32, 8, 4, 1])
l34, l35, l36, l37, l38 = sch.split(loop=l5, factors=[v29, v30, v31, v32, v33], preserve_unit_iters=True, disable_predication=False)
v39, v40, v41, v42, v43 = sch.sample_perfect_tile(loop=l6, n=5, max_innermost_factor=64, decision=[4, 4, 32, 2, 2])
l44, l45, l46, l47, l48 = sch.split(loop=l6, factors=[v39, v40, v41, v42, v43], preserve_unit_iters=True, disable_predication=False)
v49, v50, v51 = sch.sample_perfect_tile(loop=l7, n=3, max_innermost_factor=64, decision=[7, 1, 1])
l52, l53, l54 = sch.split(loop=l7, factors=[v49, v50, v51], preserve_unit_iters=True, disable_predication=False)
v55, v56, v57 = sch.sample_perfect_tile(loop=l8, n=3, max_innermost_factor=64, decision=[1, 7, 1])
l58, l59, l60 = sch.split(loop=l8, factors=[v55, v56, v57], preserve_unit_iters=True, disable_predication=False)
sch.reorder(l14, l24, l34, l44, l15, l25, l35, l45, l16, l26, l36, l46, l52, l58, l53, l59, l17, l27, l37, l47, l54, l60, l18, l28, l38, l48)
l61 = sch.fuse(l14, l24, l34, l44, preserve_unit_iters=True)
sch.bind(loop=l61, thread_axis="blockIdx.x")
l62 = sch.fuse(l15, l25, l35, l45, preserve_unit_iters=True)
sch.bind(loop=l62, thread_axis="vthread.x")
l63 = sch.fuse(l16, l26, l36, l46, preserve_unit_iters=True)
sch.bind(loop=l63, thread_axis="threadIdx.x")
sch.annotate(block_or_loop=b1, ann_key="meta_schedule.thread_extent_low_inclusive", ann_val=32)
sch.annotate(block_or_loop=b1, ann_key="meta_schedule.thread_extent_high_inclusive", ann_val=1024)
b64 = sch.cache_write(block=b1, write_buffer_index=0, storage_scope="local")
sch.reverse_compute_at(block=b64, loop=l63, preserve_unit_loops=True, index=-1)
b65 = sch.cache_read(block=b1, read_buffer_index=0, storage_scope="shared", consumer_blocks=[b1])
sch.compute_at(block=b65, loop=l58, preserve_unit_loops=True, index=-1)
l66, l67, l68, l69, l70, l71, l72, l73, l74 = sch.get_loops(block=b65)
l75 = sch.fuse(l71, l72, l73, l74, preserve_unit_iters=True)
v76 = sch.sample_categorical(candidates=[1, 2, 4, 8], probs=[0.25, 0.25, 0.25, 0.25], decision=1)
sch.annotate(block_or_loop=b65, ann_key="meta_schedule.cooperative_fetch", ann_val=v76)
b77 = sch.cache_read(block=b1, read_buffer_index=1, storage_scope="shared", consumer_blocks=[b1])
sch.compute_at(block=b77, loop=l58, preserve_unit_loops=True, index=-1)
l78, l79, l80, l81, l82, l83, l84, l85, l86 = sch.get_loops(block=b77)
l87 = sch.fuse(l83, l84, l85, l86, preserve_unit_iters=True)
v88 = sch.sample_categorical(candidates=[1, 2, 4, 8], probs=[0.25, 0.25, 0.25, 0.25], decision=2)
sch.annotate(block_or_loop=b77, ann_key="meta_schedule.cooperative_fetch", ann_val=v88)
l89 = sch.fuse(l52, l58, preserve_unit_iters=True)
sch.annotate(block_or_loop=l89, ann_key="software_pipeline_stage", ann_val=[0, 0, 2])
sch.annotate(block_or_loop=l89, ann_key="software_pipeline_order", ann_val=[0, 1, 2])
sch.annotate(block_or_loop=l89, ann_key="software_pipeline_async_stages", ann_val=[0])
sch.compute_inline(block=b0)
v90 = sch.sample_categorical(candidates=[0, 16, 32, 64, 128, 256, 512, 1024], probs=[0.125, 0.125, 0.125, 0.125, 0.125, 0.125, 0.125, 0.125], decision=2)
sch.annotate(block_or_loop=b2, ann_key="meta_schedule.unroll_explicit", ann_val=v90)
2026-08-26 15:02:00 [INFO] [task_scheduler.cc:185] Design space #2:
# from tvm.script import ir as I
# from tvm.script import tirx as T
# from tvm.tirx.layout import Axis

@I.ir_module
class Module:
    @T.prim_func(s_tir=True)
    def main(X: T.Buffer((1, 8, 2048, 2048), "float16"), W: T.Buffer((8, 1, 7, 7), "float16"), DepthwiseConv2d: T.Buffer((1, 8, 2048, 2048), "float16")):
        T.func_attr({"tirx.noalias": True})
        with T.sblock("root"):
            T.reads()
            T.writes()
            T.sblock_attr({"meta_schedule.unroll_explicit": 128})
            DepthwiseConv2d_local = T.sblock_alloc_buffer((1, 8, 2048, 2048), "float16", scope="local")
            PaddedInput_shared = T.sblock_alloc_buffer((1, 8, 2054, 2054), "float16", scope="shared")
            W_shared = T.sblock_alloc_buffer((8, 1, 7, 7), "float16", scope="shared")
            for b_0_c_0_i_0_j_0_fused in T.thread_binding(16, thread="blockIdx.x"):
                for b_1_c_1_i_1_j_1_fused in T.thread_binding(128, thread="vthread.x"):
                    for b_2_c_2_i_2_j_2_fused in T.thread_binding(256, thread="threadIdx.x"):
                        for di_0_dj_0_fused in T.serial(7, annotations={"software_pipeline_async_stages": [0], "software_pipeline_order": [0, 1, 2], "software_pipeline_stage": [0, 0, 3]}):
                            for ax0_ax1_ax2_ax3_fused in range(2121728):
                                with T.sblock("PaddedInput_shared"):
                                    v0 = T.axis.spatial(1, 0)
                                    v1 = T.axis.spatial(8, b_0_c_0_i_0_j_0_fused // 8 * 4 + ax0_ax1_ax2_ax3_fused // 530432)
                                    v2 = T.axis.spatial(2054, di_0_dj_0_fused + b_0_c_0_i_0_j_0_fused % 8 // 4 * 1024 + ax0_ax1_ax2_ax3_fused % 530432 // 518)
                                    v3 = T.axis.spatial(2054, b_0_c_0_i_0_j_0_fused % 4 * 512 + ax0_ax1_ax2_ax3_fused % 518)
                                    T.reads(X[v0, v1, v2 - 3, v3 - 3])
                                    T.writes(PaddedInput_shared[v0, v1, v2, v3])
                                    T.sblock_attr({"meta_schedule.cooperative_fetch": 2})
                                    PaddedInput_shared[v0, v1, v2, v3] = T.if_then_else(3 <= v2 and v2 < 2051 and 3 <= v3 and v3 < 2051, X[v0, v1, v2 - 3, v3 - 3], T.float16(0.0))
                            for ax0_ax1_ax2_ax3_fused in range(28):
                                with T.sblock("W_shared"):
                                    v0 = T.axis.spatial(8, b_0_c_0_i_0_j_0_fused // 8 * 4 + ax0_ax1_ax2_ax3_fused // 7)
                                    v1 = T.axis.spatial(1, 0)
                                    v2 = T.axis.spatial(7, di_0_dj_0_fused)
                                    v3 = T.axis.spatial(7, ax0_ax1_ax2_ax3_fused % 7)
                                    T.reads(W[v0, v1, v2, v3])
                                    T.writes(W_shared[v0, v1, v2, v3])
                                    T.sblock_attr({"meta_schedule.cooperative_fetch": 4})
                                    W_shared[v0, v1, v2, v3] = W[v0, v1, v2, v3]
                            for di_1, dj_1, b_3, c_3, i_3, j_3, di_2, dj_2, b_4, c_4, i_4, j_4 in T.grid(1, 7, 1, 1, 4, 2, 1, 1, 1, 4, 1, 2):
                                with T.sblock("DepthwiseConv2d"):
                                    v_b = T.axis.spatial(1, b_3 + b_4)
                                    v_c = T.axis.spatial(8, b_0_c_0_i_0_j_0_fused // 8 * 4 + c_3 * 4 + c_4)
                                    v_i = T.axis.spatial(2048, b_0_c_0_i_0_j_0_fused % 8 // 4 * 1024 + b_1_c_1_i_1_j_1_fused // 4 * 32 + b_2_c_2_i_2_j_2_fused // 32 * 4 + i_3 + i_4)
                                    v_j = T.axis.spatial(2048, b_0_c_0_i_0_j_0_fused % 4 * 512 + b_1_c_1_i_1_j_1_fused % 4 * 128 + b_2_c_2_i_2_j_2_fused % 32 * 4 + j_3 * 2 + j_4)
                                    v_di = T.axis.reduce(7, di_0_dj_0_fused + di_1 + di_2)
                                    v_dj = T.axis.reduce(7, dj_1 + dj_2)
                                    T.reads(PaddedInput_shared[v_b, v_c, v_i + v_di, v_j + v_dj], W_shared[v_c, 0, v_di, v_dj])
                                    T.writes(DepthwiseConv2d_local[v_b, v_c, v_i, v_j])
                                    T.sblock_attr({"meta_schedule.thread_extent_high_inclusive": 1024, "meta_schedule.thread_extent_low_inclusive": 32, "meta_schedule.tiling_structure": "SSSRRSRS"})
                                    with T.init():
                                        DepthwiseConv2d_local[v_b, v_c, v_i, v_j] = T.float16(0.0)
                                    DepthwiseConv2d_local[v_b, v_c, v_i, v_j] = DepthwiseConv2d_local[v_b, v_c, v_i, v_j] + PaddedInput_shared[v_b, v_c, v_i + v_di, v_j + v_dj] * W_shared[v_c, 0, v_di, v_dj]
                        for ax0, ax1, ax2, ax3 in T.grid(1, 4, 4, 4):
                            with T.sblock("DepthwiseConv2d_local"):
                                v0 = T.axis.spatial(1, ax0)
                                v1 = T.axis.spatial(8, b_0_c_0_i_0_j_0_fused // 8 * 4 + ax1)
                                v2 = T.axis.spatial(2048, b_0_c_0_i_0_j_0_fused % 8 // 4 * 1024 + b_1_c_1_i_1_j_1_fused // 4 * 32 + b_2_c_2_i_2_j_2_fused // 32 * 4 + ax2)
                                v3 = T.axis.spatial(2048, b_0_c_0_i_0_j_0_fused % 4 * 512 + b_1_c_1_i_1_j_1_fused % 4 * 128 + b_2_c_2_i_2_j_2_fused % 32 * 4 + ax3)
                                T.reads(DepthwiseConv2d_local[v0, v1, v2, v3])
                                T.writes(DepthwiseConv2d[v0, v1, v2, v3])
                                DepthwiseConv2d[v0, v1, v2, v3] = DepthwiseConv2d_local[v0, v1, v2, v3]
b0 = sch.get_sblock(name="PaddedInput", func_name="main")
b1 = sch.get_sblock(name="DepthwiseConv2d", func_name="main")
b2 = sch.get_sblock(name="root", func_name="main")
sch.annotate(block_or_loop=b1, ann_key="meta_schedule.tiling_structure", ann_val="SSSRRSRS")
l3, l4, l5, l6, l7, l8 = sch.get_loops(block=b1)
v9, v10, v11, v12, v13 = sch.sample_perfect_tile(loop=l3, n=5, max_innermost_factor=64, decision=[1, 1, 1, 1, 1])
l14, l15, l16, l17, l18 = sch.split(loop=l3, factors=[v9, v10, v11, v12, v13], preserve_unit_iters=True, disable_predication=False)
v19, v20, v21, v22, v23 = sch.sample_perfect_tile(loop=l4, n=5, max_innermost_factor=64, decision=[2, 1, 1, 1, 4])
l24, l25, l26, l27, l28 = sch.split(loop=l4, factors=[v19, v20, v21, v22, v23], preserve_unit_iters=True, disable_predication=False)
v29, v30, v31, v32, v33 = sch.sample_perfect_tile(loop=l5, n=5, max_innermost_factor=64, decision=[2, 32, 8, 4, 1])
l34, l35, l36, l37, l38 = sch.split(loop=l5, factors=[v29, v30, v31, v32, v33], preserve_unit_iters=True, disable_predication=False)
v39, v40, v41, v42, v43 = sch.sample_perfect_tile(loop=l6, n=5, max_innermost_factor=64, decision=[4, 4, 32, 2, 2])
l44, l45, l46, l47, l48 = sch.split(loop=l6, factors=[v39, v40, v41, v42, v43], preserve_unit_iters=True, disable_predication=False)
v49, v50, v51 = sch.sample_perfect_tile(loop=l7, n=3, max_innermost_factor=64, decision=[7, 1, 1])
l52, l53, l54 = sch.split(loop=l7, factors=[v49, v50, v51], preserve_unit_iters=True, disable_predication=False)
v55, v56, v57 = sch.sample_perfect_tile(loop=l8, n=3, max_innermost_factor=64, decision=[1, 7, 1])
l58, l59, l60 = sch.split(loop=l8, factors=[v55, v56, v57], preserve_unit_iters=True, disable_predication=False)
sch.reorder(l14, l24, l34, l44, l15, l25, l35, l45, l16, l26, l36, l46, l52, l58, l53, l59, l17, l27, l37, l47, l54, l60, l18, l28, l38, l48)
l61 = sch.fuse(l14, l24, l34, l44, preserve_unit_iters=True)
sch.bind(loop=l61, thread_axis="blockIdx.x")
l62 = sch.fuse(l15, l25, l35, l45, preserve_unit_iters=True)
sch.bind(loop=l62, thread_axis="vthread.x")
l63 = sch.fuse(l16, l26, l36, l46, preserve_unit_iters=True)
sch.bind(loop=l63, thread_axis="threadIdx.x")
sch.annotate(block_or_loop=b1, ann_key="meta_schedule.thread_extent_low_inclusive", ann_val=32)
sch.annotate(block_or_loop=b1, ann_key="meta_schedule.thread_extent_high_inclusive", ann_val=1024)
b64 = sch.cache_write(block=b1, write_buffer_index=0, storage_scope="local")
sch.reverse_compute_at(block=b64, loop=l63, preserve_unit_loops=True, index=-1)
b65 = sch.cache_read(block=b1, read_buffer_index=0, storage_scope="shared", consumer_blocks=[b1])
sch.compute_at(block=b65, loop=l58, preserve_unit_loops=True, index=-1)
l66, l67, l68, l69, l70, l71, l72, l73, l74 = sch.get_loops(block=b65)
l75 = sch.fuse(l71, l72, l73, l74, preserve_unit_iters=True)
v76 = sch.sample_categorical(candidates=[1, 2, 4, 8], probs=[0.25, 0.25, 0.25, 0.25], decision=1)
sch.annotate(block_or_loop=b65, ann_key="meta_schedule.cooperative_fetch", ann_val=v76)
b77 = sch.cache_read(block=b1, read_buffer_index=1, storage_scope="shared", consumer_blocks=[b1])
sch.compute_at(block=b77, loop=l58, preserve_unit_loops=True, index=-1)
l78, l79, l80, l81, l82, l83, l84, l85, l86 = sch.get_loops(block=b77)
l87 = sch.fuse(l83, l84, l85, l86, preserve_unit_iters=True)
v88 = sch.sample_categorical(candidates=[1, 2, 4, 8], probs=[0.25, 0.25, 0.25, 0.25], decision=2)
sch.annotate(block_or_loop=b77, ann_key="meta_schedule.cooperative_fetch", ann_val=v88)
l89 = sch.fuse(l52, l58, preserve_unit_iters=True)
sch.annotate(block_or_loop=l89, ann_key="software_pipeline_stage", ann_val=[0, 0, 3])
sch.annotate(block_or_loop=l89, ann_key="software_pipeline_order", ann_val=[0, 1, 2])
sch.annotate(block_or_loop=l89, ann_key="software_pipeline_async_stages", ann_val=[0])
sch.compute_inline(block=b0)
v90 = sch.sample_categorical(candidates=[0, 16, 32, 64, 128, 256, 512, 1024], probs=[0.125, 0.125, 0.125, 0.125, 0.125, 0.125, 0.125, 0.125], decision=4)
sch.annotate(block_or_loop=b2, ann_key="meta_schedule.unroll_explicit", ann_val=v90)
2026-08-26 15:02:00 [INFO] [evolutionary_search.cc:738] Generating candidates......
2026-08-26 15:02:00 [INFO] [evolutionary_search.cc:505] Pick-Best-From-Database summary:
Trace replay failures: 0 failure(s)
Postproc #0 [s_tir.meta_schedule.DisallowDynamicLoop]: 0 failure(s)
Postproc #1 [s_tir.meta_schedule.RewriteCooperativeFetch]: 0 failure(s)
Postproc #2 [s_tir.meta_schedule.RewriteUnboundBlock]: 0 failure(s)
Postproc #3 [s_tir.meta_schedule.RewriteParallelVectorizeUnroll]: 0 failure(s)
Postproc #4 [s_tir.meta_schedule.RewriteReductionBlock]: 0 failure(s)
Postproc #5 [s_tir.meta_schedule.VerifyGPUCode]: 0 failure(s)
Postproc #6 [s_tir.meta_schedule.RewriteTensorize]: 0 failure(s)
2026-08-26 15:02:00 [INFO] [evolutionary_search.cc:740] Picked top 63 candidate(s) from database
2026-08-26 15:02:01 [INFO] [evolutionary_search.cc:551] Sample-Init-Population summary:
Trace replay failures: 0 failure(s)
Postproc #0 [s_tir.meta_schedule.DisallowDynamicLoop]: 0 failure(s)
Postproc #1 [s_tir.meta_schedule.RewriteCooperativeFetch]: 0 failure(s)
Postproc #2 [s_tir.meta_schedule.RewriteUnboundBlock]: 0 failure(s)
Postproc #3 [s_tir.meta_schedule.RewriteParallelVectorizeUnroll]: 0 failure(s)
Postproc #4 [s_tir.meta_schedule.RewriteReductionBlock]: 0 failure(s)
Postproc #5 [s_tir.meta_schedule.VerifyGPUCode]: 448 failure(s)
Postproc #6 [s_tir.meta_schedule.RewriteTensorize]: 0 failure(s)
2026-08-26 15:02:02 [INFO] [evolutionary_search.cc:551] Sample-Init-Population summary:
Trace replay failures: 0 failure(s)
Postproc #0 [s_tir.meta_schedule.DisallowDynamicLoop]: 0 failure(s)
Postproc #1 [s_tir.meta_schedule.RewriteCooperativeFetch]: 0 failure(s)
Postproc #2 [s_tir.meta_schedule.RewriteUnboundBlock]: 0 failure(s)
Postproc #3 [s_tir.meta_schedule.RewriteParallelVectorizeUnroll]: 0 failure(s)
Postproc #4 [s_tir.meta_schedule.RewriteReductionBlock]: 0 failure(s)
Postproc #5 [s_tir.meta_schedule.VerifyGPUCode]: 894 failure(s)
Postproc #6 [s_tir.meta_schedule.RewriteTensorize]: 0 failure(s)
2026-08-26 15:02:03 [INFO] [evolutionary_search.cc:551] Sample-Init-Population summary:
Trace replay failures: 0 failure(s)
Postproc #0 [s_tir.meta_schedule.DisallowDynamicLoop]: 0 failure(s)
Postproc #1 [s_tir.meta_schedule.RewriteCooperativeFetch]: 0 failure(s)
Postproc #2 [s_tir.meta_schedule.RewriteUnboundBlock]: 0 failure(s)
Postproc #3 [s_tir.meta_schedule.RewriteParallelVectorizeUnroll]: 0 failure(s)
Postproc #4 [s_tir.meta_schedule.RewriteReductionBlock]: 0 failure(s)
Postproc #5 [s_tir.meta_schedule.VerifyGPUCode]: 1342 failure(s)
Postproc #6 [s_tir.meta_schedule.RewriteTensorize]: 0 failure(s)
2026-08-26 15:02:04 [INFO] [evolutionary_search.cc:551] Sample-Init-Population summary:
Trace replay failures: 0 failure(s)
Postproc #0 [s_tir.meta_schedule.DisallowDynamicLoop]: 0 failure(s)
Postproc #1 [s_tir.meta_schedule.RewriteCooperativeFetch]: 0 failure(s)
Postproc #2 [s_tir.meta_schedule.RewriteUnboundBlock]: 0 failure(s)
Postproc #3 [s_tir.meta_schedule.RewriteParallelVectorizeUnroll]: 0 failure(s)
Postproc #4 [s_tir.meta_schedule.RewriteReductionBlock]: 0 failure(s)
Postproc #5 [s_tir.meta_schedule.VerifyGPUCode]: 1789 failure(s)
Postproc #6 [s_tir.meta_schedule.RewriteTensorize]: 0 failure(s)
2026-08-26 15:02:05 [INFO] [evolutionary_search.cc:551] Sample-Init-Population summary:
Trace replay failures: 0 failure(s)
Postproc #0 [s_tir.meta_schedule.DisallowDynamicLoop]: 0 failure(s)
Postproc #1 [s_tir.meta_schedule.RewriteCooperativeFetch]: 0 failure(s)
Postproc #2 [s_tir.meta_schedule.RewriteUnboundBlock]: 0 failure(s)
Postproc #3 [s_tir.meta_schedule.RewriteParallelVectorizeUnroll]: 0 failure(s)
Postproc #4 [s_tir.meta_schedule.RewriteReductionBlock]: 0 failure(s)
Postproc #5 [s_tir.meta_schedule.VerifyGPUCode]: 2231 failure(s)
Postproc #6 [s_tir.meta_schedule.RewriteTensorize]: 0 failure(s)
2026-08-26 15:02:06 [INFO] [evolutionary_search.cc:551] Sample-Init-Population summary:
Trace replay failures: 0 failure(s)
Postproc #0 [s_tir.meta_schedule.DisallowDynamicLoop]: 0 failure(s)
Postproc #1 [s_tir.meta_schedule.RewriteCooperativeFetch]: 0 failure(s)
Postproc #2 [s_tir.meta_schedule.RewriteUnboundBlock]: 0 failure(s)
Postproc #3 [s_tir.meta_schedule.RewriteParallelVectorizeUnroll]: 0 failure(s)
Postproc #4 [s_tir.meta_schedule.RewriteReductionBlock]: 0 failure(s)
Postproc #5 [s_tir.meta_schedule.VerifyGPUCode]: 2678 failure(s)
Postproc #6 [s_tir.meta_schedule.RewriteTensorize]: 0 failure(s)
2026-08-26 15:02:07 [INFO] [evolutionary_search.cc:551] Sample-Init-Population summary:
Trace replay failures: 0 failure(s)
Postproc #0 [s_tir.meta_schedule.DisallowDynamicLoop]: 0 failure(s)
Postproc #1 [s_tir.meta_schedule.RewriteCooperativeFetch]: 0 failure(s)
Postproc #2 [s_tir.meta_schedule.RewriteUnboundBlock]: 0 failure(s)
Postproc #3 [s_tir.meta_schedule.RewriteParallelVectorizeUnroll]: 0 failure(s)
Postproc #4 [s_tir.meta_schedule.RewriteReductionBlock]: 0 failure(s)
Postproc #5 [s_tir.meta_schedule.VerifyGPUCode]: 3123 failure(s)
Postproc #6 [s_tir.meta_schedule.RewriteTensorize]: 0 failure(s)
2026-08-26 15:02:08 [INFO] [evolutionary_search.cc:551] Sample-Init-Population summary:
Trace replay failures: 0 failure(s)
Postproc #0 [s_tir.meta_schedule.DisallowDynamicLoop]: 0 failure(s)
Postproc #1 [s_tir.meta_schedule.RewriteCooperativeFetch]: 0 failure(s)
Postproc #2 [s_tir.meta_schedule.RewriteUnboundBlock]: 0 failure(s)
Postproc #3 [s_tir.meta_schedule.RewriteParallelVectorizeUnroll]: 0 failure(s)
Postproc #4 [s_tir.meta_schedule.RewriteReductionBlock]: 0 failure(s)
Postproc #5 [s_tir.meta_schedule.VerifyGPUCode]: 3567 failure(s)
Postproc #6 [s_tir.meta_schedule.RewriteTensorize]: 0 failure(s)
2026-08-26 15:02:09 [INFO] [evolutionary_search.cc:551] Sample-Init-Population summary:
Trace replay failures: 0 failure(s)
Postproc #0 [s_tir.meta_schedule.DisallowDynamicLoop]: 0 failure(s)
Postproc #1 [s_tir.meta_schedule.RewriteCooperativeFetch]: 0 failure(s)
Postproc #2 [s_tir.meta_schedule.RewriteUnboundBlock]: 0 failure(s)
Postproc #3 [s_tir.meta_schedule.RewriteParallelVectorizeUnroll]: 0 failure(s)
Postproc #4 [s_tir.meta_schedule.RewriteReductionBlock]: 0 failure(s)
Postproc #5 [s_tir.meta_schedule.VerifyGPUCode]: 4013 failure(s)
Postproc #6 [s_tir.meta_schedule.RewriteTensorize]: 0 failure(s)
2026-08-26 15:02:10 [INFO] [evolutionary_search.cc:551] Sample-Init-Population summary:
Trace replay failures: 0 failure(s)
Postproc #0 [s_tir.meta_schedule.DisallowDynamicLoop]: 0 failure(s)
Postproc #1 [s_tir.meta_schedule.RewriteCooperativeFetch]: 0 failure(s)
Postproc #2 [s_tir.meta_schedule.RewriteUnboundBlock]: 0 failure(s)
Postproc #3 [s_tir.meta_schedule.RewriteParallelVectorizeUnroll]: 0 failure(s)
Postproc #4 [s_tir.meta_schedule.RewriteReductionBlock]: 0 failure(s)
Postproc #5 [s_tir.meta_schedule.VerifyGPUCode]: 4456 failure(s)
Postproc #6 [s_tir.meta_schedule.RewriteTensorize]: 0 failure(s)
2026-08-26 15:02:11 [INFO] [evolutionary_search.cc:551] Sample-Init-Population summary:
Trace replay failures: 0 failure(s)
Postproc #0 [s_tir.meta_schedule.DisallowDynamicLoop]: 0 failure(s)
Postproc #1 [s_tir.meta_schedule.RewriteCooperativeFetch]: 0 failure(s)
Postproc #2 [s_tir.meta_schedule.RewriteUnboundBlock]: 0 failure(s)
Postproc #3 [s_tir.meta_schedule.RewriteParallelVectorizeUnroll]: 0 failure(s)
Postproc #4 [s_tir.meta_schedule.RewriteReductionBlock]: 0 failure(s)
Postproc #5 [s_tir.meta_schedule.VerifyGPUCode]: 4902 failure(s)
Postproc #6 [s_tir.meta_schedule.RewriteTensorize]: 0 failure(s)
2026-08-26 15:02:12 [INFO] [evolutionary_search.cc:551] Sample-Init-Population summary:
Trace replay failures: 0 failure(s)
Postproc #0 [s_tir.meta_schedule.DisallowDynamicLoop]: 0 failure(s)
Postproc #1 [s_tir.meta_schedule.RewriteCooperativeFetch]: 0 failure(s)
Postproc #2 [s_tir.meta_schedule.RewriteUnboundBlock]: 0 failure(s)
Postproc #3 [s_tir.meta_schedule.RewriteParallelVectorizeUnroll]: 0 failure(s)
Postproc #4 [s_tir.meta_schedule.RewriteReductionBlock]: 0 failure(s)
Postproc #5 [s_tir.meta_schedule.VerifyGPUCode]: 5345 failure(s)
Postproc #6 [s_tir.meta_schedule.RewriteTensorize]: 0 failure(s)
2026-08-26 15:02:13 [INFO] [evolutionary_search.cc:551] Sample-Init-Population summary:
Trace replay failures: 0 failure(s)
Postproc #0 [s_tir.meta_schedule.DisallowDynamicLoop]: 0 failure(s)
Postproc #1 [s_tir.meta_schedule.RewriteCooperativeFetch]: 0 failure(s)
Postproc #2 [s_tir.meta_schedule.RewriteUnboundBlock]: 0 failure(s)
Postproc #3 [s_tir.meta_schedule.RewriteParallelVectorizeUnroll]: 0 failure(s)
Postproc #4 [s_tir.meta_schedule.RewriteReductionBlock]: 0 failure(s)
Postproc #5 [s_tir.meta_schedule.VerifyGPUCode]: 5793 failure(s)
Postproc #6 [s_tir.meta_schedule.RewriteTensorize]: 0 failure(s)
2026-08-26 15:02:14 [INFO] [evolutionary_search.cc:551] Sample-Init-Population summary:
Trace replay failures: 0 failure(s)
Postproc #0 [s_tir.meta_schedule.DisallowDynamicLoop]: 0 failure(s)
Postproc #1 [s_tir.meta_schedule.RewriteCooperativeFetch]: 0 failure(s)
Postproc #2 [s_tir.meta_schedule.RewriteUnboundBlock]: 0 failure(s)
Postproc #3 [s_tir.meta_schedule.RewriteParallelVectorizeUnroll]: 0 failure(s)
Postproc #4 [s_tir.meta_schedule.RewriteReductionBlock]: 0 failure(s)
Postproc #5 [s_tir.meta_schedule.VerifyGPUCode]: 6239 failure(s)
Postproc #6 [s_tir.meta_schedule.RewriteTensorize]: 0 failure(s)
2026-08-26 15:02:15 [INFO] [evolutionary_search.cc:551] Sample-Init-Population summary:
Trace replay failures: 0 failure(s)
Postproc #0 [s_tir.meta_schedule.DisallowDynamicLoop]: 0 failure(s)
Postproc #1 [s_tir.meta_schedule.RewriteCooperativeFetch]: 0 failure(s)
Postproc #2 [s_tir.meta_schedule.RewriteUnboundBlock]: 0 failure(s)
Postproc #3 [s_tir.meta_schedule.RewriteParallelVectorizeUnroll]: 0 failure(s)
Postproc #4 [s_tir.meta_schedule.RewriteReductionBlock]: 0 failure(s)
Postproc #5 [s_tir.meta_schedule.VerifyGPUCode]: 6682 failure(s)
Postproc #6 [s_tir.meta_schedule.RewriteTensorize]: 0 failure(s)
2026-08-26 15:02:15 [INFO] [evolutionary_search.cc:748] Sampled 53 candidate(s)
2026-08-26 15:02:17 [INFO] [evolutionary_search.cc:645] Evolve iter #0 done. Summary:
Trace replay failures: 0 failure(s)
Postproc #0 [s_tir.meta_schedule.DisallowDynamicLoop]: 0 failure(s)
Postproc #1 [s_tir.meta_schedule.RewriteCooperativeFetch]: 0 failure(s)
Postproc #2 [s_tir.meta_schedule.RewriteUnboundBlock]: 0 failure(s)
Postproc #3 [s_tir.meta_schedule.RewriteParallelVectorizeUnroll]: 0 failure(s)
Postproc #4 [s_tir.meta_schedule.RewriteReductionBlock]: 0 failure(s)
Postproc #5 [s_tir.meta_schedule.VerifyGPUCode]: 80 failure(s)
Postproc #6 [s_tir.meta_schedule.RewriteTensorize]: 0 failure(s)
2026-08-26 15:02:18 [INFO] [evolutionary_search.cc:645] Evolve iter #1 done. Summary:
Trace replay failures: 0 failure(s)
Postproc #0 [s_tir.meta_schedule.DisallowDynamicLoop]: 0 failure(s)
Postproc #1 [s_tir.meta_schedule.RewriteCooperativeFetch]: 0 failure(s)
Postproc #2 [s_tir.meta_schedule.RewriteUnboundBlock]: 0 failure(s)
Postproc #3 [s_tir.meta_schedule.RewriteParallelVectorizeUnroll]: 0 failure(s)
Postproc #4 [s_tir.meta_schedule.RewriteReductionBlock]: 0 failure(s)
Postproc #5 [s_tir.meta_schedule.VerifyGPUCode]: 79 failure(s)
Postproc #6 [s_tir.meta_schedule.RewriteTensorize]: 0 failure(s)
2026-08-26 15:02:20 [INFO] [evolutionary_search.cc:645] Evolve iter #2 done. Summary:
Trace replay failures: 0 failure(s)
Postproc #0 [s_tir.meta_schedule.DisallowDynamicLoop]: 0 failure(s)
Postproc #1 [s_tir.meta_schedule.RewriteCooperativeFetch]: 0 failure(s)
Postproc #2 [s_tir.meta_schedule.RewriteUnboundBlock]: 0 failure(s)
Postproc #3 [s_tir.meta_schedule.RewriteParallelVectorizeUnroll]: 0 failure(s)
Postproc #4 [s_tir.meta_schedule.RewriteReductionBlock]: 0 failure(s)
Postproc #5 [s_tir.meta_schedule.VerifyGPUCode]: 69 failure(s)
Postproc #6 [s_tir.meta_schedule.RewriteTensorize]: 0 failure(s)
2026-08-26 15:02:22 [INFO] [evolutionary_search.cc:645] Evolve iter #3 done. Summary:
Trace replay failures: 0 failure(s)
Postproc #0 [s_tir.meta_schedule.DisallowDynamicLoop]: 0 failure(s)
Postproc #1 [s_tir.meta_schedule.RewriteCooperativeFetch]: 0 failure(s)
Postproc #2 [s_tir.meta_schedule.RewriteUnboundBlock]: 0 failure(s)
Postproc #3 [s_tir.meta_schedule.RewriteParallelVectorizeUnroll]: 0 failure(s)
Postproc #4 [s_tir.meta_schedule.RewriteReductionBlock]: 0 failure(s)
Postproc #5 [s_tir.meta_schedule.VerifyGPUCode]: 88 failure(s)
Postproc #6 [s_tir.meta_schedule.RewriteTensorize]: 0 failure(s)
2026-08-26 15:02:22 [INFO] [evolutionary_search.cc:673] Scores of the best 64 candidates:
[1 : 16]:	0.9977  0.9962  0.9944  0.9943  0.9936  0.9911  0.9908  0.9906  0.9901  0.9900  0.9893  0.9880  0.9872  0.9864  0.9861  0.9861
[17 : 32]:	0.9851  0.9842  0.9841  0.9821  0.9815  0.9815  0.9815  0.9808  0.9786  0.9781  0.9778  0.9764  0.9748  0.9741  0.9740  0.9740
[33 : 48]:	0.9735  0.9731  0.9729  0.9727  0.9726  0.9719  0.9718  0.9687  0.9679  0.9677  0.9675  0.9674  0.9669  0.9649  0.9641  0.9638
[49 : 64]:	0.9638  0.9631  0.9630  0.9626  0.9625  0.9619  0.9616  0.9616  0.9615  0.9611  0.9606  0.9587  0.9583  0.9579  0.9566  0.9553
2026-08-26 15:02:22 [INFO] [evolutionary_search.cc:752] Got 64 candidate(s) with evolutionary search
2026-08-26 15:02:22 [INFO] [evolutionary_search.cc:755] Sending 64 candidates(s) for measurement
2026-08-26 15:03:17 [INFO] [task_scheduler.cc:144] [Task #0: main] Trial #1: GFLOPs: 1059.8152. Time: 3102.7432 us. Best GFLOPs: 1059.8152
2026-08-26 15:03:17 [INFO] [task_scheduler.cc:144] [Task #0: main] Trial #2: GFLOPs: 2978.1284. Time: 1104.1614 us. Best GFLOPs: 2978.1284
2026-08-26 15:03:17 [INFO] [task_scheduler.cc:144] [Task #0: main] Trial #3: GFLOPs: 1201.6310. Time: 2736.5592 us. Best GFLOPs: 2978.1284
2026-08-26 15:03:17 [INFO] [task_scheduler.cc:134] [Task #0: main] Trial #4: Error in building:
LocalBuilder: An exception occurred
Traceback (most recent call last):
  File "/home/raymond/Projects/compiler/PolyLLMAgent/env_pla/lib/python3.11/site-packages/tvm/exec/popen_worker.py", line 106, in main
    result = fn(*args, **kwargs)
             ^^^^^^^^^^^^^^^^^^^
  File "/home/raymond/Projects/compiler/PolyLLMAgent/env_pla/lib/python3.11/site-packages/tvm/s_tir/meta_schedule/builder/local_builder.py", line 170, in <lambda>
    lambda x: _worker_func(*x),
              ^^^^^^^^^^^^^^^^
  File "/home/raymond/Projects/compiler/PolyLLMAgent/env_pla/lib/python3.11/site-packages/tvm/s_tir/meta_schedule/builder/local_builder.py", line 236, in _worker_func
    rt_mod: Module = f_build(mod, target, _deserialize_params(params))
                     ^^^^^^^^^^^^^^^^^^^^^^^^^^^^^^^^^^^^^^^^^^^^^^^^^
  File "python/tvm_ffi/cython/function.pxi", line 988, in tvm_ffi.core.Function.__call__
  File "<unknown>", line 0, in TVMFFIPyCallback(void*, TVMFFIAny const*, int, TVMFFIAny*)
  File "<unknown>", line 0, in TVMFFIPyCallManager::ForwardPyErrorToFFI()
  File "<unknown>", line 0, in TVMFFICyErrorSetRaisedFromPyError(_object*)
  File "/home/raymond/Projects/compiler/PolyLLMAgent/env_pla/lib/python3.11/site-packages/tvm/s_tir/meta_schedule/builder/local_builder.py", line 267, in default_build
    return tvm_build(mod, target=target)
    
  File "/home/raymond/Projects/compiler/PolyLLMAgent/env_pla/lib/python3.11/site-packages/tvm/driver/build_module.py", line 60, in build
    return tvm.tirx.build(mod, target, pipeline)
    
  File "/home/raymond/Projects/compiler/PolyLLMAgent/env_pla/lib/python3.11/site-packages/tvm/tirx/build.py", line 240, in build
    return tir_to_runtime(host_mod, device_mod_dict, target_host)
    
  File "/home/raymond/Projects/compiler/PolyLLMAgent/env_pla/lib/python3.11/site-packages/tvm/tirx/build.py", line 148, in tir_to_runtime
    device_modules.append(codegen_build(device_mod, target))
    
  File "/home/raymond/Projects/compiler/PolyLLMAgent/env_pla/lib/python3.11/site-packages/tvm/tirx/build.py", line 132, in codegen_build
    return bf(mod, target)
    
  File "python/tvm_ffi/cython/function.pxi", line 988, in tvm_ffi.core.Function.__call__
  File "<unknown>", line 0, in TVMFFIPyCallback(void*, TVMFFIAny const*, int, TVMFFIAny*)
  File "<unknown>", line 0, in TVMFFIPyCallManager::ForwardPyErrorToFFI()
  File "<unknown>", line 0, in TVMFFICyErrorSetRaisedFromPyError(_object*)
  File "/home/raymond/Projects/compiler/PolyLLMAgent/env_pla/lib/python3.11/site-packages/tvm/support/nvcc.py", line 925, in tvm_callback_cuda_compile
    return compile_cuda(code, target_format="cubin", compiler="nvrtc")
    
  File "/home/raymond/Projects/compiler/PolyLLMAgent/env_pla/lib/python3.11/site-packages/tvm/support/nvcc.py", line 99, in compile_cuda
    result = _compile_cuda_nvrtc(code, target_format, arch, options, path_target, use_nvshmem)
    
  File "/home/raymond/Projects/compiler/PolyLLMAgent/env_pla/lib/python3.11/site-packages/tvm/support/nvcc.py", line 620, in _compile_cuda_nvrtc
    raise RuntimeError(error_msg)
    
RuntimeError: NVRTC compilation failed:
tvm_kernels.cu(3491): error: too many arguments in function call
                longlong4 v__1 = make_longlong4(7, 7, 7, 7, 7, 7, 7, 7);
                                                            ^

tvm_kernels.cu(3500): error: too many arguments in function call
              longlong4 v__2 = make_longlong4(49, 49, 49, 49, 49, 49, 49, 49);
                                                              ^

tvm_kernels.cu(3509): error: too many arguments in function call
            longlong4 v__3 = make_longlong4((di_0 * 7), (di_0 * 7), (di_0 * 7), (di_0 * 7), (di_0 * 7), (di_0 * 7), (di_0 * 7), (di_0 * 7));
                                                                                            ^

tvm_kernels.cu(3529): error: too many arguments in function call
            longlong4 v__5 = make_longlong4(7, 7, 7, 7, 7, 7, 7, 7);
                                                        ^

tvm_kernels.cu(3546): error: too many arguments in function call
        *(uint4*)(W_shared_ptr + (((int)threadIdx.x) * 8)) = make_uint4(W_ptr[((int2*)(&(__1.x)))->x],W_ptr[((int2*)(&(__1.x)))->y],W_ptr[((int2*)(&(__1.y)))->x],W_ptr[((int2*)(&(__1.y)))->y],W_ptr[((int2*)(&(__1.z)))->x],W_ptr[((int2*)(&(__1.z)))->y],W_ptr[((int2*)(&(__1.w)))->x],W_ptr[((int2*)(&(__1.w)))->y]);
                                                                                                                                                                                                ^

tvm_kernels.cu(3476): warning #177-D: variable "cse_v4" was declared but never referenced
        int cse_v4 = (((int)threadIdx.x) * 8);
            ^

Remark: The warnings can be suppressed with "-diag-suppress <warning-number>"

tvm_kernels.cu(3551): warning #177-D: variable "cse_v55" was declared but never referenced
          int cse_v55 = ((c_3 * 8) + j_3);
              ^

tvm_kernels.cu(3552): warning #177-D: variable "cse_v73" was declared but never referenced
          int cse_v73 = (((((int)threadIdx.x) >> 3) * 14) + (c_3 * 7));
              ^

tvm_kernels.cu(3553): warning #177-D: variable "cse_v179" was declared but never referenced
          int cse_v179 = (((((((int)threadIdx.x) >> 3) * 4480) + (c_3 * 2240)) + ((((int)threadIdx.x) & 7) * 140)) + j_3);
              ^

tvm_kernels.cu(3555): warning #177-D: variable "cse_v74" was declared but never referenced
          int cse_v74 = (((c_3 * 8) + j_3) + 16);
              ^

tvm_kernels.cu(3556): warning #177-D: variable "cse_v181" was declared but never referenced
          int cse_v181 = ((((((((int)threadIdx.x) >> 3) * 4480) + (c_3 * 2240)) + ((((int)threadIdx.x) & 7) * 140)) + j_3) + 4);
              ^

tvm_kernels.cu(3558): warning #177-D: variable "cse_v75" was declared but never referenced
          int cse_v75 = (((c_3 * 8) + j_3) + 32);
              ^

tvm_kernels.cu(3559): warning #177-D: variable "cse_v182" was declared but never referenced
          int cse_v182 = ((((((((int)threadIdx.x) >> 3) * 4480) + (c_3 * 2240)) + ((((int)threadIdx.x) & 7) * 140)) + j_3) + 8);
              ^

tvm_kernels.cu(3561): warning #177-D: variable "cse_v76" was declared but never referenced
          int cse_v76 = (((c_3 * 8) + j_3) + 48);
              ^

tvm_kernels.cu(3562): warning #177-D: variable "cse_v183" was declared but never referenced
          int cse_v183 = ((((((((int)threadIdx.x) >> 3) * 4480) + (c_3 * 2240)) + ((((int)threadIdx.x) & 7) * 140)) + j_3) + 12);
              ^

tvm_kernels.cu(3564): warning #177-D: variable "cse_v77" was declared but never referenced
          int cse_v77 = (((c_3 * 8) + j_3) + 64);
              ^

tvm_kernels.cu(3565): warning #177-D: variable "cse_v184" was declared but never referenced
          int cse_v184 = ((((((((int)threadIdx.x) >> 3) * 4480) + (c_3 * 2240)) + ((((int)threadIdx.x) & 7) * 140)) + j_3) + 16);
              ^

tvm_kernels.cu(3567): warning #177-D: variable "cse_v78" was declared but never referenced
          int cse_v78 = (((c_3 * 8) + j_3) + 80);
              ^

tvm_kernels.cu(3568): warning #177-D: variable "cse_v185" was declared but never referenced
          int cse_v185 = ((((((((int)threadIdx.x) >> 3) * 4480) + (c_3 * 2240)) + ((((int)threadIdx.x) & 7) * 140)) + j_3) + 20);
              ^

tvm_kernels.cu(3570): warning #177-D: variable "cse_v79" was declared but never referenced
          int cse_v79 = (((c_3 * 8) + j_3) + 96);
              ^

tvm_kernels.cu(3571): warning #177-D: variable "cse_v186" was declared but never referenced
          int cse_v186 = ((((((((int)threadIdx.x) >> 3) * 4480) + (c_3 * 2240)) + ((((int)threadIdx.x) & 7) * 140)) + j_3) + 24);
              ^

tvm_kernels.cu(3573): warning #177-D: variable "cse_v80" was declared but never referenced
          int cse_v80 = (((c_3 * 8) + j_3) + 112);
              ^

tvm_kernels.cu(3574): warning #177-D: variable "cse_v187" was declared but never referenced
          int cse_v187 = ((((((((int)threadIdx.x) >> 3) * 4480) + (c_3 * 2240)) + ((((int)threadIdx.x) & 7) * 140)) + j_3) + 28);
              ^

tvm_kernels.cu(3576): warning #177-D: variable "cse_v81" was declared but never referenced
          int cse_v81 = (((c_3 * 8) + j_3) + 128);
              ^

tvm_kernels.cu(3577): warning #177-D: variable "cse_v188" was declared but never referenced
          int cse_v188 = ((((((((int)threadIdx.x) >> 3) * 4480) + (c_3 * 2240)) + ((((int)threadIdx.x) & 7) * 140)) + j_3) + 32);
              ^

tvm_kernels.cu(3579): warning #177-D: variable "cse_v82" was declared but never referenced
          int cse_v82 = (((c_3 * 8) + j_3) + 144);
              ^

tvm_kernels.cu(3580): warning #177-D: variable "cse_v189" was declared but never referenced
          int cse_v189 = ((((((((int)threadIdx.x) >> 3) * 4480) + (c_3 * 2240)) + ((((int)threadIdx.x) & 7) * 140)) + j_3) + 36);
              ^

tvm_kernels.cu(3582): warning #177-D: variable "cse_v83" was declared but never referenced
          int cse_v83 = (((c_3 * 8) + j_3) + 160);
              ^

tvm_kernels.cu(3583): warning #177-D: variable "cse_v190" was declared but never referenced
          int cse_v190 = ((((((((int)threadIdx.x) >> 3) * 4480) + (c_3 * 2240)) + ((((int)threadIdx.x) & 7) * 140)) + j_3) + 40);
              ^

tvm_kernels.cu(3585): warning #177-D: variable "cse_v84" was declared but never referenced
          int cse_v84 = (((c_3 * 8) + j_3) + 176);
              ^

tvm_kernels.cu(3586): warning #177-D: variable "cse_v191" was declared but never referenced
          int cse_v191 = ((((((((int)threadIdx.x) >> 3) * 4480) + (c_3 * 2240)) + ((((int)threadIdx.x) & 7) * 140)) + j_3) + 44);
              ^

tvm_kernels.cu(3588): warning #177-D: variable "cse_v85" was declared but never referenced
          int cse_v85 = (((c_3 * 8) + j_3) + 192);
              ^

tvm_kernels.cu(3589): warning #177-D: variable "cse_v192" was declared but never referenced
          int cse_v192 = ((((((((int)threadIdx.x) >> 3) * 4480) + (c_3 * 2240)) + ((((int)threadIdx.x) & 7) * 140)) + j_3) + 48);
              ^

tvm_kernels.cu(3591): warning #177-D: variable "cse_v86" was declared but never referenced
          int cse_v86 = (((c_3 * 8) + j_3) + 208);
              ^

tvm_kernels.cu(3592): warning #177-D: variable "cse_v193" was declared but never referenced
          int cse_v193 = ((((((((int)threadIdx.x) >> 3) * 4480) + (c_3 * 2240)) + ((((int)threadIdx.x) & 7) * 140)) + j_3) + 52);
              ^

tvm_kernels.cu(3594): warning #177-D: variable "cse_v87" was declared but never referenced
          int cse_v87 = (((c_3 * 8) + j_3) + 224);
              ^

tvm_kernels.cu(3595): warning #177-D: variable "cse_v194" was declared but never referenced
          int cse_v194 = ((((((((int)threadIdx.x) >> 3) * 4480) + (c_3 * 2240)) + ((((int)threadIdx.x) & 7) * 140)) + j_3) + 56);
              ^

tvm_kernels.cu(3597): warning #177-D: variable "cse_v88" was declared but never referenced
          int cse_v88 = (((c_3 * 8) + j_3) + 240);
              ^

tvm_kernels.cu(3598): warning #177-D: variable "cse_v195" was declared but never referenced
          int cse_v195 = ((((((((int)threadIdx.x) >> 3) * 4480) + (c_3 * 2240)) + ((((int)threadIdx.x) & 7) * 140)) + j_3) + 60);
              ^

tvm_kernels.cu(3600): warning #177-D: variable "cse_v89" was declared but never referenced
          int cse_v89 = (((c_3 * 8) + j_3) + 256);
              ^

tvm_kernels.cu(3602): warning #177-D: variable "cse_v90" was declared but never referenced
          int cse_v90 = (((c_3 * 8) + j_3) + 272);
              ^

tvm_kernels.cu(3603): warning #177-D: variable "cse_v196" was declared but never referenced
          int cse_v196 = ((((((((int)threadIdx.x) >> 3) * 4480) + (c_3 * 2240)) + ((((int)threadIdx.x) & 7) * 140)) + j_3) + 1124);
              ^

tvm_kernels.cu(3605): warning #177-D: variable "cse_v91" was declared but never referenced
          int cse_v91 = (((c_3 * 8) + j_3) + 288);
              ^

tvm_kernels.cu(3606): warning #177-D: variable "cse_v197" was declared but never referenced
          int cse_v197 = ((((((((int)threadIdx.x) >> 3) * 4480) + (c_3 * 2240)) + ((((int)threadIdx.x) & 7) * 140)) + j_3) + 1128);
              ^

tvm_kernels.cu(3608): warning #177-D: variable "cse_v92" was declared but never referenced
          int cse_v92 = (((c_3 * 8) + j_3) + 304);
              ^

tvm_kernels.cu(3609): warning #177-D: variable "cse_v198" was declared but never referenced
          int cse_v198 = ((((((((int)threadIdx.x) >> 3) * 4480) + (c_3 * 2240)) + ((((int)threadIdx.x) & 7) * 140)) + j_3) + 1132);
              ^

tvm_kernels.cu(3611): warning #177-D: variable "cse_v93" was declared but never referenced
          int cse_v93 = (((c_3 * 8) + j_3) + 320);
              ^

tvm_kernels.cu(3612): warning #177-D: variable "cse_v199" was declared but never referenced
          int cse_v199 = ((((((((int)threadIdx.x) >> 3) * 4480) + (c_3 * 2240)) + ((((int)threadIdx.x) & 7) * 140)) + j_3) + 1136);
              ^

tvm_kernels.cu(3614): warning #177-D: variable "cse_v94" was declared but never referenced
          int cse_v94 = (((c_3 * 8) + j_3) + 336);
              ^

tvm_kernels.cu(3615): warning #177-D: variable "cse_v200" was declared but never referenced
          int cse_v200 = ((((((((int)threadIdx.x) >> 3) * 4480) + (c_3 * 2240)) + ((((int)threadIdx.x) & 7) * 140)) + j_3) + 1140);
              ^

tvm_kernels.cu(3617): warning #177-D: variable "cse_v95" was declared but never referenced
          int cse_v95 = (((c_3 * 8) + j_3) + 352);
              ^

tvm_kernels.cu(3618): warning #177-D: variable "cse_v201" was declared but never referenced
          int cse_v201 = ((((((((int)threadIdx.x) >> 3) * 4480) + (c_3 * 2240)) + ((((int)threadIdx.x) & 7) * 140)) + j_3) + 1144);
              ^

tvm_kernels.cu(3620): warning #177-D: variable "cse_v96" was declared but never referenced
          int cse_v96 = (((c_3 * 8) + j_3) + 368);
              ^

tvm_kernels.cu(3621): warning #177-D: variable "cse_v202" was declared but never referenced
          int cse_v202 = ((((((((int)threadIdx.x) >> 3) * 4480) + (c_3 * 2240)) + ((((int)threadIdx.x) & 7) * 140)) + j_3) + 1148);
              ^

tvm_kernels.cu(3623): warning #177-D: variable "cse_v97" was declared but never referenced
          int cse_v97 = (((c_3 * 8) + j_3) + 384);
              ^

tvm_kernels.cu(3624): warning #177-D: variable "cse_v203" was declared but never referenced
          int cse_v203 = ((((((((int)threadIdx.x) >> 3) * 4480) + (c_3 * 2240)) + ((((int)threadIdx.x) & 7) * 140)) + j_3) + 1152);
              ^

tvm_kernels.cu(3626): warning #177-D: variable "cse_v98" was declared but never referenced
          int cse_v98 = (((c_3 * 8) + j_3) + 400);
              ^

tvm_kernels.cu(3627): warning #177-D: variable "cse_v204" was declared but never referenced
          int cse_v204 = ((((((((int)threadIdx.x) >> 3) * 4480) + (c_3 * 2240)) + ((((int)threadIdx.x) & 7) * 140)) + j_3) + 1156);
              ^

tvm_kernels.cu(3629): warning #177-D: variable "cse_v99" was declared but never referenced
          int cse_v99 = (((c_3 * 8) + j_3) + 416);
              ^

tvm_kernels.cu(3630): warning #177-D: variable "cse_v205" was declared but never referenced
          int cse_v205 = ((((((((int)threadIdx.x) >> 3) * 4480) + (c_3 * 2240)) + ((((int)threadIdx.x) & 7) * 140)) + j_3) + 1160);
              ^

tvm_kernels.cu(3632): warning #177-D: variable "cse_v100" was declared but never referenced
          int cse_v100 = (((c_3 * 8) + j_3) + 432);
              ^

tvm_kernels.cu(3633): warning #177-D: variable "cse_v206" was declared but never referenced
          int cse_v206 = ((((((((int)threadIdx.x) >> 3) * 4480) + (c_3 * 2240)) + ((((int)threadIdx.x) & 7) * 140)) + j_3) + 1164);
              ^

tvm_kernels.cu(3635): warning #177-D: variable "cse_v101" was declared but never referenced
          int cse_v101 = (((c_3 * 8) + j_3) + 448);
              ^

tvm_kernels.cu(3636): warning #177-D: variable "cse_v207" was declared but never referenced
          int cse_v207 = ((((((((int)threadIdx.x) >> 3) * 4480) + (c_3 * 2240)) + ((((int)threadIdx.x) & 7) * 140)) + j_3) + 1168);
              ^

tvm_kernels.cu(3638): warning #177-D: variable "cse_v102" was declared but never referenced
          int cse_v102 = (((c_3 * 8) + j_3) + 464);
              ^

tvm_kernels.cu(3639): warning #177-D: variable "cse_v208" was declared but never referenced
          int cse_v208 = ((((((((int)threadIdx.x) >> 3) * 4480) + (c_3 * 2240)) + ((((int)threadIdx.x) & 7) * 140)) + j_3) + 1172);
              ^

tvm_kernels.cu(3641): warning #177-D: variable "cse_v103" was declared but never referenced
          int cse_v103 = (((c_3 * 8) + j_3) + 480);
              ^

tvm_kernels.cu(3642): warning #177-D: variable "cse_v209" was declared but never referenced
          int cse_v209 = ((((((((int)threadIdx.x) >> 3) * 4480) + (c_3 * 2240)) + ((((int)threadIdx.x) & 7) * 140)) + j_3) + 1176);
              ^

tvm_kernels.cu(3644): warning #177-D: variable "cse_v104" was declared but never referenced
          int cse_v104 = (((c_3 * 8) + j_3) + 496);
              ^

tvm_kernels.cu(3645): warning #177-D: variable "cse_v210" was declared but never referenced
          int cse_v210 = ((((((((int)threadIdx.x) >> 3) * 4480) + (c_3 * 2240)) + ((((int)threadIdx.x) & 7) * 140)) + j_3) + 1180);
              ^

tvm_kernels.cu(3647): warning #177-D: variable "cse_v105" was declared but never referenced
          int cse_v105 = (((c_3 * 8) + j_3) + 4);
              ^

tvm_kernels.cu(3649): warning #177-D: variable "cse_v106" was declared but never referenced
          int cse_v106 = (((c_3 * 8) + j_3) + 20);
              ^

tvm_kernels.cu(3650): warning #177-D: variable "cse_v211" was declared but never referenced
          int cse_v211 = ((((((((int)threadIdx.x) >> 3) * 4480) + (c_3 * 2240)) + ((((int)threadIdx.x) & 7) * 140)) + j_3) + 74);
              ^

tvm_kernels.cu(3652): warning #177-D: variable "cse_v107" was declared but never referenced
          int cse_v107 = (((c_3 * 8) + j_3) + 36);
              ^

tvm_kernels.cu(3653): warning #177-D: variable "cse_v212" was declared but never referenced
          int cse_v212 = ((((((((int)threadIdx.x) >> 3) * 4480) + (c_3 * 2240)) + ((((int)threadIdx.x) & 7) * 140)) + j_3) + 78);
              ^

tvm_kernels.cu(3655): warning #177-D: variable "cse_v108" was declared but never referenced
          int cse_v108 = (((c_3 * 8) + j_3) + 52);
              ^

tvm_kernels.cu(3656): warning #177-D: variable "cse_v213" was declared but never referenced
          int cse_v213 = ((((((((int)threadIdx.x) >> 3) * 4480) + (c_3 * 2240)) + ((((int)threadIdx.x) & 7) * 140)) + j_3) + 82);
              ^

tvm_kernels.cu(3658): warning #177-D: variable "cse_v109" was declared but never referenced
          int cse_v109 = (((c_3 * 8) + j_3) + 68);
              ^

tvm_kernels.cu(3659): warning #177-D: variable "cse_v214" was declared but never referenced
          int cse_v214 = ((((((((int)threadIdx.x) >> 3) * 4480) + (c_3 * 2240)) + ((((int)threadIdx.x) & 7) * 140)) + j_3) + 86);
              ^

tvm_kernels.cu(3661): warning #177-D: variable "cse_v110" was declared but never referenced
          int cse_v110 = (((c_3 * 8) + j_3) + 84);
              ^

tvm_kernels.cu(3662): warning #177-D: variable "cse_v215" was declared but never referenced
          int cse_v215 = ((((((((int)threadIdx.x) >> 3) * 4480) + (c_3 * 2240)) + ((((int)threadIdx.x) & 7) * 140)) + j_3) + 90);
              ^

tvm_kernels.cu(3664): warning #177-D: variable "cse_v111" was declared but never referenced
          int cse_v111 = (((c_3 * 8) + j_3) + 100);
              ^

tvm_kernels.cu(3665): warning #177-D: variable "cse_v216" was declared but never referenced
          int cse_v216 = ((((((((int)threadIdx.x) >> 3) * 4480) + (c_3 * 2240)) + ((((int)threadIdx.x) & 7) * 140)) + j_3) + 94);
              ^

tvm_kernels.cu(3667): warning #177-D: variable "cse_v112" was declared but never referenced
          int cse_v112 = (((c_3 * 8) + j_3) + 116);
              ^

tvm_kernels.cu(3668): warning #177-D: variable "cse_v217" was declared but never referenced
          int cse_v217 = ((((((((int)threadIdx.x) >> 3) * 4480) + (c_3 * 2240)) + ((((int)threadIdx.x) & 7) * 140)) + j_3) + 98);
              ^

tvm_kernels.cu(3670): warning #177-D: variable "cse_v113" was declared but never referenced
          int cse_v113 = (((c_3 * 8) + j_3) + 132);
              ^

tvm_kernels.cu(3671): warning #177-D: variable "cse_v218" was declared but never referenced
          int cse_v218 = ((((((((int)threadIdx.x) >> 3) * 4480) + (c_3 * 2240)) + ((((int)threadIdx.x) & 7) * 140)) + j_3) + 102);
              ^

tvm_kernels.cu(3673): warning #177-D: variable "cse_v114" was declared but never referenced
          int cse_v114 = (((c_3 * 8) + j_3) + 148);
              ^

tvm_kernels.cu(3674): warning #177-D: variable "cse_v219" was declared but never referenced
          int cse_v219 = ((((((((int)threadIdx.x) >> 3) * 4480) + (c_3 * 2240)) + ((((int)threadIdx.x) & 7) * 140)) + j_3) + 106);
              ^

tvm_kernels.cu(3676): warning #177-D: variable "cse_v115" was declared but never referenced
          int cse_v115 = (((c_3 * 8) + j_3) + 164);
              ^

tvm_kernels.cu(3677): warning #177-D: variable "cse_v220" was declared but never referenced
          int cse_v220 = ((((((((int)threadIdx.x) >> 3) * 4480) + (c_3 * 2240)) + ((((int)threadIdx.x) & 7) * 140)) + j_3) + 110);
              ^

tvm_kernels.cu(3679): warning #177-D: variable "cse_v116" was declared but never referenced
          int cse_v116 = (((c_3 * 8) + j_3) + 180);
              ^

tvm_kernels.cu(3680): warning #177-D: variable "cse_v221" was declared but never referenced
          int cse_v221 = ((((((((int)threadIdx.x) >> 3) * 4480) + (c_3 * 2240)) + ((((int)threadIdx.x) & 7) * 140)) + j_3) + 114);
              ^

tvm_kernels.cu(3682): warning #177-D: variable "cse_v117" was declared but never referenced
          int cse_v117 = (((c_3 * 8) + j_3) + 196);
              ^

tvm_kernels.cu(3683): warning #177-D: variable "cse_v222" was declared but never referenced
          int cse_v222 = ((((((((int)threadIdx.x) >> 3) * 4480) + (c_3 * 2240)) + ((((int)threadIdx.x) & 7) * 140)) + j_3) + 118);
              ^

tvm_kernels.cu(3685): warning #177-D: variable "cse_v118" was declared but never referenced
          int cse_v118 = (((c_3 * 8) + j_3) + 212);
              ^

tvm_kernels.cu(3686): warning #177-D: variable "cse_v223" was declared but never referenced
          int cse_v223 = ((((((((int)threadIdx.x) >> 3) * 4480) + (c_3 * 2240)) + ((((int)threadIdx.x) & 7) * 140)) + j_3) + 122);
              ^

tvm_kernels.cu(3688): warning #177-D: variable "cse_v119" was declared but never referenced
          int cse_v119 = (((c_3 * 8) + j_3) + 228);
              ^

tvm_kernels.cu(3689): warning #177-D: variable "cse_v224" was declared but never referenced
          int cse_v224 = ((((((((int)threadIdx.x) >> 3) * 4480) + (c_3 * 2240)) + ((((int)threadIdx.x) & 7) * 140)) + j_3) + 126);
              ^

tvm_kernels.cu(3691): warning #177-D: variable "cse_v120" was declared but never referenced
          int cse_v120 = (((c_3 * 8) + j_3) + 244);
              ^

tvm_kernels.cu(3692): warning #177-D: variable "cse_v225" was declared but never referenced
          int cse_v225 = ((((((((int)threadIdx.x) >> 3) * 4480) + (c_3 * 2240)) + ((((int)threadIdx.x) & 7) * 140)) + j_3) + 130);
              ^

tvm_kernels.cu(3694): warning #177-D: variable "cse_v121" was declared but never referenced
          int cse_v121 = (((c_3 * 8) + j_3) + 260);
              ^

tvm_kernels.cu(3696): warning #177-D: variable "cse_v122" was declared but never referenced
          int cse_v122 = (((c_3 * 8) + j_3) + 276);
              ^

tvm_kernels.cu(3697): warning #177-D: variable "cse_v226" was declared but never referenced
          int cse_v226 = ((((((((int)threadIdx.x) >> 3) * 4480) + (c_3 * 2240)) + ((((int)threadIdx.x) & 7) * 140)) + j_3) + 1194);
              ^

tvm_kernels.cu(3699): warning #177-D: variable "cse_v123" was declared but never referenced
          int cse_v123 = (((c_3 * 8) + j_3) + 292);
              ^

tvm_kernels.cu(3700): warning #177-D: variable "cse_v227" was declared but never referenced
          int cse_v227 = ((((((((int)threadIdx.x) >> 3) * 4480) + (c_3 * 2240)) + ((((int)threadIdx.x) & 7) * 140)) + j_3) + 1198);
              ^

tvm_kernels.cu(3702): warning #177-D: variable "cse_v124" was declared but never referenced
          int cse_v124 = (((c_3 * 8) + j_3) + 308);
              ^

tvm_kernels.cu(3703): warning #177-D: variable "cse_v228" was declared but never referenced
          int cse_v228 = ((((((((int)threadIdx.x) >> 3) * 4480) + (c_3 * 2240)) + ((((int)threadIdx.x) & 7) * 140)) + j_3) + 1202);
              ^

tvm_kernels.cu(3705): warning #177-D: variable "cse_v125" was declared but never referenced
          int cse_v125 = (((c_3 * 8) + j_3) + 324);
              ^

tvm_kernels.cu(3706): warning #177-D: variable "cse_v229" was declared but never referenced
          int cse_v229 = ((((((((int)threadIdx.x) >> 3) * 4480) + (c_3 * 2240)) + ((((int)threadIdx.x) & 7) * 140)) + j_3) + 1206);
              ^

tvm_kernels.cu(3708): warning #177-D: variable "cse_v126" was declared but never referenced
          int cse_v126 = (((c_3 * 8) + j_3) + 340);
              ^

tvm_kernels.cu(3709): warning #177-D: variable "cse_v230" was declared but never referenced
          int cse_v230 = ((((((((int)threadIdx.x) >> 3) * 4480) + (c_3 * 2240)) + ((((int)threadIdx.x) & 7) * 140)) + j_3) + 1210);
              ^

tvm_kernels.cu(3711): warning #177-D: variable "cse_v127" was declared but never referenced
          int cse_v127 = (((c_3 * 8) + j_3) + 356);
              ^

tvm_kernels.cu(3712): warning #177-D: variable "cse_v231" was declared but never referenced
          int cse_v231 = ((((((((int)threadIdx.x) >> 3) * 4480) + (c_3 * 2240)) + ((((int)threadIdx.x) & 7) * 140)) + j_3) + 1214);
              ^

tvm_kernels.cu(3714): warning #177-D: variable "cse_v128" was declared but never referenced
          int cse_v128 = (((c_3 * 8) + j_3) + 372);
              ^

tvm_kernels.cu(3715): warning #177-D: variable "cse_v232" was declared but never referenced
          int cse_v232 = ((((((((int)threadIdx.x) >> 3) * 4480) + (c_3 * 2240)) + ((((int)threadIdx.x) & 7) * 140)) + j_3) + 1218);
              ^

tvm_kernels.cu(3717): warning #177-D: variable "cse_v129" was declared but never referenced
          int cse_v129 = (((c_3 * 8) + j_3) + 388);
              ^

tvm_kernels.cu(3718): warning #177-D: variable "cse_v233" was declared but never referenced
          int cse_v233 = ((((((((int)threadIdx.x) >> 3) * 4480) + (c_3 * 2240)) + ((((int)threadIdx.x) & 7) * 140)) + j_3) + 1222);
              ^

tvm_kernels.cu(3720): warning #177-D: variable "cse_v130" was declared but never referenced
          int cse_v130 = (((c_3 * 8) + j_3) + 404);
              ^

tvm_kernels.cu(3721): warning #177-D: variable "cse_v234" was declared but never referenced
          int cse_v234 = ((((((((int)threadIdx.x) >> 3) * 4480) + (c_3 * 2240)) + ((((int)threadIdx.x) & 7) * 140)) + j_3) + 1226);
              ^

tvm_kernels.cu(3723): warning #177-D: variable "cse_v131" was declared but never referenced
          int cse_v131 = (((c_3 * 8) + j_3) + 420);
              ^

tvm_kernels.cu(3724): warning #177-D: variable "cse_v235" was declared but never referenced
          int cse_v235 = ((((((((int)threadIdx.x) >> 3) * 4480) + (c_3 * 2240)) + ((((int)threadIdx.x) & 7) * 140)) + j_3) + 1230);
              ^

tvm_kernels.cu(3726): warning #177-D: variable "cse_v132" was declared but never referenced
          int cse_v132 = (((c_3 * 8) + j_3) + 436);
              ^

tvm_kernels.cu(3727): warning #177-D: variable "cse_v236" was declared but never referenced
          int cse_v236 = ((((((((int)threadIdx.x) >> 3) * 4480) + (c_3 * 2240)) + ((((int)threadIdx.x) & 7) * 140)) + j_3) + 1234);
              ^

tvm_kernels.cu(3729): warning #177-D: variable "cse_v133" was declared but never referenced
          int cse_v133 = (((c_3 * 8) + j_3) + 452);
              ^

tvm_kernels.cu(3730): warning #177-D: variable "cse_v237" was declared but never referenced
          int cse_v237 = ((((((((int)threadIdx.x) >> 3) * 4480) + (c_3 * 2240)) + ((((int)threadIdx.x) & 7) * 140)) + j_3) + 1238);
              ^

tvm_kernels.cu(3732): warning #177-D: variable "cse_v134" was declared but never referenced
          int cse_v134 = (((c_3 * 8) + j_3) + 468);
              ^

tvm_kernels.cu(3733): warning #177-D: variable "cse_v238" was declared but never referenced
          int cse_v238 = ((((((((int)threadIdx.x) >> 3) * 4480) + (c_3 * 2240)) + ((((int)threadIdx.x) & 7) * 140)) + j_3) + 1242);
              ^

tvm_kernels.cu(3735): warning #177-D: variable "cse_v135" was declared but never referenced
          int cse_v135 = (((c_3 * 8) + j_3) + 484);
              ^

tvm_kernels.cu(3736): warning #177-D: variable "cse_v239" was declared but never referenced
          int cse_v239 = ((((((((int)threadIdx.x) >> 3) * 4480) + (c_3 * 2240)) + ((((int)threadIdx.x) & 7) * 140)) + j_3) + 1246);
              ^

tvm_kernels.cu(3738): warning #177-D: variable "cse_v136" was declared but never referenced
          int cse_v136 = (((c_3 * 8) + j_3) + 500);
              ^

tvm_kernels.cu(3739): warning #177-D: variable "cse_v240" was declared but never referenced
          int cse_v240 = ((((((((int)threadIdx.x) >> 3) * 4480) + (c_3 * 2240)) + ((((int)threadIdx.x) & 7) * 140)) + j_3) + 1250);
              ^

tvm_kernels.cu(3741): warning #177-D: variable "cse_v172" was declared but never referenced
          int cse_v172 = ((((((int)threadIdx.x) >> 3) * 14) + (c_3 * 7)) + 1);
              ^

tvm_kernels.cu(3743): warning #177-D: variable "cse_v241" was declared but never referenced
          int cse_v241 = ((((((((int)threadIdx.x) >> 3) * 4480) + (c_3 * 2240)) + ((((int)threadIdx.x) & 7) * 140)) + j_3) + 5);
              ^

tvm_kernels.cu(3745): warning #177-D: variable "cse_v242" was declared but never referenced
          int cse_v242 = ((((((((int)threadIdx.x) >> 3) * 4480) + (c_3 * 2240)) + ((((int)threadIdx.x) & 7) * 140)) + j_3) + 9);
              ^

tvm_kernels.cu(3747): warning #177-D: variable "cse_v243" was declared but never referenced
          int cse_v243 = ((((((((int)threadIdx.x) >> 3) * 4480) + (c_3 * 2240)) + ((((int)threadIdx.x) & 7) * 140)) + j_3) + 13);
              ^

tvm_kernels.cu(3749): warning #177-D: variable "cse_v244" was declared but never referenced
          int cse_v244 = ((((((((int)threadIdx.x) >> 3) * 4480) + (c_3 * 2240)) + ((((int)threadIdx.x) & 7) * 140)) + j_3) + 17);
              ^

tvm_kernels.cu(3751): warning #177-D: variable "cse_v245" was declared but never referenced
          int cse_v245 = ((((((((int)threadIdx.x) >> 3) * 4480) + (c_3 * 2240)) + ((((int)threadIdx.x) & 7) * 140)) + j_3) + 21);
              ^

tvm_kernels.cu(3753): warning #177-D: variable "cse_v246" was declared but never referenced
          int cse_v246 = ((((((((int)threadIdx.x) >> 3) * 4480) + (c_3 * 2240)) + ((((int)threadIdx.x) & 7) * 140)) + j_3) + 25);
              ^

tvm_kernels.cu(3755): warning #177-D: variable "cse_v247" was declared but never referenced
          int cse_v247 = ((((((((int)threadIdx.x) >> 3) * 4480) + (c_3 * 2240)) + ((((int)threadIdx.x) & 7) * 140)) + j_3) + 29);
              ^

tvm_kernels.cu(3757): warning #177-D: variable "cse_v248" was declared but never referenced
          int cse_v248 = ((((((((int)threadIdx.x) >> 3) * 4480) + (c_3 * 2240)) + ((((int)threadIdx.x) & 7) * 140)) + j_3) + 33);
              ^

tvm_kernels.cu(3759): warning #177-D: variable "cse_v249" was declared but never referenced
          int cse_v249 = ((((((((int)threadIdx.x) >> 3) * 4480) + (c_3 * 2240)) + ((((int)threadIdx.x) & 7) * 140)) + j_3) + 37);
              ^

tvm_kernels.cu(3761): warning #177-D: variable "cse_v250" was declared but never referenced
          int cse_v250 = ((((((((int)threadIdx.x) >> 3) * 4480) + (c_3 * 2240)) + ((((int)threadIdx.x) & 7) * 140)) + j_3) + 41);
              ^

tvm_kernels.cu(3763): warning #177-D: variable "cse_v251" was declared but never referenced
          int cse_v251 = ((((((((int)threadIdx.x) >> 3) * 4480) + (c_3 * 2240)) + ((((int)threadIdx.x) & 7) * 140)) + j_3) + 45);
              ^

tvm_kernels.cu(3765): warning #177-D: variable "cse_v252" was declared but never referenced
          int cse_v252 = ((((((((int)threadIdx.x) >> 3) * 4480) + (c_3 * 2240)) + ((((int)threadIdx.x) & 7) * 140)) + j_3) + 49);
              ^

tvm_kernels.cu(3767): warning #177-D: variable "cse_v253" was declared but never referenced
          int cse_v253 = ((((((((int)threadIdx.x) >> 3) * 4480) + (c_3 * 2240)) + ((((int)threadIdx.x) & 7) * 140)) + j_3) + 53);
              ^

tvm_kernels.cu(3769): warning #177-D: variable "cse_v254" was declared but never referenced
          int cse_v254 = ((((((((int)threadIdx.x) >> 3) * 4480) + (c_3 * 2240)) + ((((int)threadIdx.x) & 7) * 140)) + j_3) + 57);
              ^

tvm_kernels.cu(3771): warning #177-D: variable "cse_v255" was declared but never referenced
          int cse_v255 = ((((((((int)threadIdx.x) >> 3) * 4480) + (c_3 * 2240)) + ((((int)threadIdx.x) & 7) * 140)) + j_3) + 61);
              ^

tvm_kernels.cu(3774): warning #177-D: variable "cse_v256" was declared but never referenced
          int cse_v256 = ((((((((int)threadIdx.x) >> 3) * 4480) + (c_3 * 2240)) + ((((int)threadIdx.x) & 7) * 140)) + j_3) + 1125);
              ^

tvm_kernels.cu(3776): warning #177-D: variable "cse_v257" was declared but never referenced
          int cse_v257 = ((((((((int)threadIdx.x) >> 3) * 4480) + (c_3 * 2240)) + ((((int)threadIdx.x) & 7) * 140)) + j_3) + 1129);
              ^

tvm_kernels.cu(3778): warning #177-D: variable "cse_v258" was declared but never referenced
          int cse_v258 = ((((((((int)threadIdx.x) >> 3) * 4480) + (c_3 * 2240)) + ((((int)threadIdx.x) & 7) * 140)) + j_3) + 1133);
              ^

tvm_kernels.cu(3780): warning #177-D: variable "cse_v259" was declared but never referenced
          int cse_v259 = ((((((((int)threadIdx.x) >> 3) * 4480) + (c_3 * 2240)) + ((((int)threadIdx.x) & 7) * 140)) + j_3) + 1137);
              ^

tvm_kernels.cu(3782): warning #177-D: variable "cse_v260" was declared but never referenced
          int cse_v260 = ((((((((int)threadIdx.x) >> 3) * 4480) + (c_3 * 2240)) + ((((int)threadIdx.x) & 7) * 140)) + j_3) + 1141);
              ^

tvm_kernels.cu(3784): warning #177-D: variable "cse_v261" was declared but never referenced
          int cse_v261 = ((((((((int)threadIdx.x) >> 3) * 4480) + (c_3 * 2240)) + ((((int)threadIdx.x) & 7) * 140)) + j_3) + 1145);
              ^

tvm_kernels.cu(3786): warning #177-D: variable "cse_v262" was declared but never referenced
          int cse_v262 = ((((((((int)threadIdx.x) >> 3) * 4480) + (c_3 * 2240)) + ((((int)threadIdx.x) & 7) * 140)) + j_3) + 1149);
              ^

tvm_kernels.cu(3788): warning #177-D: variable "cse_v263" was declared but never referenced
          int cse_v263 = ((((((((int)threadIdx.x) >> 3) * 4480) + (c_3 * 2240)) + ((((int)threadIdx.x) & 7) * 140)) + j_3) + 1153);
              ^

tvm_kernels.cu(3790): warning #177-D: variable "cse_v264" was declared but never referenced
          int cse_v264 = ((((((((int)threadIdx.x) >> 3) * 4480) + (c_3 * 2240)) + ((((int)threadIdx.x) & 7) * 140)) + j_3) + 1157);
              ^

tvm_kernels.cu(3792): warning #177-D: variable "cse_v265" was declared but never referenced
          int cse_v265 = ((((((((int)threadIdx.x) >> 3) * 4480) + (c_3 * 2240)) + ((((int)threadIdx.x) & 7) * 140)) + j_3) + 1161);
              ^

tvm_kernels.cu(3794): warning #177-D: variable "cse_v266" was declared but never referenced
          int cse_v266 = ((((((((int)threadIdx.x) >> 3) * 4480) + (c_3 * 2240)) + ((((int)threadIdx.x) & 7) * 140)) + j_3) + 1165);
              ^

tvm_kernels.cu(3796): warning #177-D: variable "cse_v267" was declared but never referenced
          int cse_v267 = ((((((((int)threadIdx.x) >> 3) * 4480) + (c_3 * 2240)) + ((((int)threadIdx.x) & 7) * 140)) + j_3) + 1169);
              ^

tvm_kernels.cu(3798): warning #177-D: variable "cse_v268" was declared but never referenced
          int cse_v268 = ((((((((int)threadIdx.x) >> 3) * 4480) + (c_3 * 2240)) + ((((int)threadIdx.x) & 7) * 140)) + j_3) + 1173);
              ^

tvm_kernels.cu(3800): warning #177-D: variable "cse_v269" was declared but never referenced
          int cse_v269 = ((((((((int)threadIdx.x) >> 3) * 4480) + (c_3 * 2240)) + ((((int)threadIdx.x) & 7) * 140)) + j_3) + 1177);
              ^

tvm_kernels.cu(3802): warning #177-D: variable "cse_v270" was declared but never referenced
          int cse_v270 = ((((((((int)threadIdx.x) >> 3) * 4480) + (c_3 * 2240)) + ((((int)threadIdx.x) & 7) * 140)) + j_3) + 1181);
              ^

tvm_kernels.cu(3805): warning #177-D: variable "cse_v271" was declared but never referenced
          int cse_v271 = ((((((((int)threadIdx.x) >> 3) * 4480) + (c_3 * 2240)) + ((((int)threadIdx.x) & 7) * 140)) + j_3) + 75);
              ^

tvm_kernels.cu(3807): warning #177-D: variable "cse_v272" was declared but never referenced
          int cse_v272 = ((((((((int)threadIdx.x) >> 3) * 4480) + (c_3 * 2240)) + ((((int)threadIdx.x) & 7) * 140)) + j_3) + 79);
              ^

tvm_kernels.cu(3809): warning #177-D: variable "cse_v273" was declared but never referenced
          int cse_v273 = ((((((((int)threadIdx.x) >> 3) * 4480) + (c_3 * 2240)) + ((((int)threadIdx.x) & 7) * 140)) + j_3) + 83);
              ^

tvm_kernels.cu(3811): warning #177-D: variable "cse_v274" was declared but never referenced
          int cse_v274 = ((((((((int)threadIdx.x) >> 3) * 4480) + (c_3 * 2240)) + ((((int)threadIdx.x) & 7) * 140)) + j_3) + 87);
              ^

tvm_kernels.cu(3813): warning #177-D: variable "cse_v275" was declared but never referenced
          int cse_v275 = ((((((((int)threadIdx.x) >> 3) * 4480) + (c_3 * 2240)) + ((((int)threadIdx.x) & 7) * 140)) + j_3) + 91);
              ^

tvm_kernels.cu(3815): warning #177-D: variable "cse_v276" was declared but never referenced
          int cse_v276 = ((((((((int)threadIdx.x) >> 3) * 4480) + (c_3 * 2240)) + ((((int)threadIdx.x) & 7) * 140)) + j_3) + 95);
              ^

tvm_kernels.cu(3817): warning #177-D: variable "cse_v277" was declared but never referenced
          int cse_v277 = ((((((((int)threadIdx.x) >> 3) * 4480) + (c_3 * 2240)) + ((((int)threadIdx.x) & 7) * 140)) + j_3) + 99);
              ^

tvm_kernels.cu(3819): warning #177-D: variable "cse_v278" was declared but never referenced
          int cse_v278 = ((((((((int)threadIdx.x) >> 3) * 4480) + (c_3 * 2240)) + ((((int)threadIdx.x) & 7) * 140)) + j_3) + 103);
              ^

tvm_kernels.cu(3821): warning #177-D: variable "cse_v279" was declared but never referenced
          int cse_v279 = ((((((((int)threadIdx.x) >> 3) * 4480) + (c_3 * 2240)) + ((((int)threadIdx.x) & 7) * 140)) + j_3) + 107);
              ^

tvm_kernels.cu(3823): warning #177-D: variable "cse_v280" was declared but never referenced
          int cse_v280 = ((((((((int)threadIdx.x) >> 3) * 4480) + (c_3 * 2240)) + ((((int)threadIdx.x) & 7) * 140)) + j_3) + 111);
              ^

tvm_kernels.cu(3825): warning #177-D: variable "cse_v281" was declared but never referenced
          int cse_v281 = ((((((((int)threadIdx.x) >> 3) * 4480) + (c_3 * 2240)) + ((((int)threadIdx.x) & 7) * 140)) + j_3) + 115);
              ^

tvm_kernels.cu(3827): warning #177-D: variable "cse_v282" was declared but never referenced
          int cse_v282 = ((((((((int)threadIdx.x) >> 3) * 4480) + (c_3 * 2240)) + ((((int)threadIdx.x) & 7) * 140)) + j_3) + 119);
              ^

tvm_kernels.cu(3829): warning #177-D: variable "cse_v283" was declared but never referenced
          int cse_v283 = ((((((((int)threadIdx.x) >> 3) * 4480) + (c_3 * 2240)) + ((((int)threadIdx.x) & 7) * 140)) + j_3) + 123);
              ^

tvm_kernels.cu(3831): warning #177-D: variable "cse_v284" was declared but never referenced
          int cse_v284 = ((((((((int)threadIdx.x) >> 3) * 4480) + (c_3 * 2240)) + ((((int)threadIdx.x) & 7) * 140)) + j_3) + 127);
              ^

tvm_kernels.cu(3833): warning #177-D: variable "cse_v285" was declared but never referenced
          int cse_v285 = ((((((((int)threadIdx.x) >> 3) * 4480) + (c_3 * 2240)) + ((((int)threadIdx.x) & 7) * 140)) + j_3) + 131);
              ^

tvm_kernels.cu(3836): warning #177-D: variable "cse_v286" was declared but never referenced
          int cse_v286 = ((((((((int)threadIdx.x) >> 3) * 4480) + (c_3 * 2240)) + ((((int)threadIdx.x) & 7) * 140)) + j_3) + 1195);
              ^

tvm_kernels.cu(3838): warning #177-D: variable "cse_v287" was declared but never referenced
          int cse_v287 = ((((((((int)threadIdx.x) >> 3) * 4480) + (c_3 * 2240)) + ((((int)threadIdx.x) & 7) * 140)) + j_3) + 1199);
              ^

tvm_kernels.cu(3840): warning #177-D: variable "cse_v288" was declared but never referenced
          int cse_v288 = ((((((((int)threadIdx.x) >> 3) * 4480) + (c_3 * 2240)) + ((((int)threadIdx.x) & 7) * 140)) + j_3) + 1203);
              ^

tvm_kernels.cu(3842): warning #177-D: variable "cse_v289" was declared but never referenced
          int cse_v289 = ((((((((int)threadIdx.x) >> 3) * 4480) + (c_3 * 2240)) + ((((int)threadIdx.x) & 7) * 140)) + j_3) + 1207);
              ^

tvm_kernels.cu(3844): warning #177-D: variable "cse_v290" was declared but never referenced
          int cse_v290 = ((((((((int)threadIdx.x) >> 3) * 4480) + (c_3 * 2240)) + ((((int)threadIdx.x) & 7) * 140)) + j_3) + 1211);
              ^

tvm_kernels.cu(3846): warning #177-D: variable "cse_v291" was declared but never referenced
          int cse_v291 = ((((((((int)threadIdx.x) >> 3) * 4480) + (c_3 * 2240)) + ((((int)threadIdx.x) & 7) * 140)) + j_3) + 1215);
              ^

tvm_kernels.cu(3848): warning #177-D: variable "cse_v292" was declared but never referenced
          int cse_v292 = ((((((((int)threadIdx.x) >> 3) * 4480) + (c_3 * 2240)) + ((((int)threadIdx.x) & 7) * 140)) + j_3) + 1219);
              ^

tvm_kernels.cu(3850): warning #177-D: variable "cse_v293" was declared but never referenced
          int cse_v293 = ((((((((int)threadIdx.x) >> 3) * 4480) + (c_3 * 2240)) + ((((int)threadIdx.x) & 7) * 140)) + j_3) + 1223);
              ^

tvm_kernels.cu(3852): warning #177-D: variable "cse_v294" was declared but never referenced
          int cse_v294 = ((((((((int)threadIdx.x) >> 3) * 4480) + (c_3 * 2240)) + ((((int)threadIdx.x) & 7) * 140)) + j_3) + 1227);
              ^

tvm_kernels.cu(3854): warning #177-D: variable "cse_v295" was declared but never referenced
          int cse_v295 = ((((((((int)threadIdx.x) >> 3) * 4480) + (c_3 * 2240)) + ((((int)threadIdx.x) & 7) * 140)) + j_3) + 1231);
              ^

tvm_kernels.cu(3856): warning #177-D: variable "cse_v296" was declared but never referenced
          int cse_v296 = ((((((((int)threadIdx.x) >> 3) * 4480) + (c_3 * 2240)) + ((((int)threadIdx.x) & 7) * 140)) + j_3) + 1235);
              ^

tvm_kernels.cu(3858): warning #177-D: variable "cse_v297" was declared but never referenced
          int cse_v297 = ((((((((int)threadIdx.x) >> 3) * 4480) + (c_3 * 2240)) + ((((int)threadIdx.x) & 7) * 140)) + j_3) + 1239);
              ^

tvm_kernels.cu(3860): warning #177-D: variable "cse_v298" was declared but never referenced
          int cse_v298 = ((((((((int)threadIdx.x) >> 3) * 4480) + (c_3 * 2240)) + ((((int)threadIdx.x) & 7) * 140)) + j_3) + 1243);
              ^

tvm_kernels.cu(3862): warning #177-D: variable "cse_v299" was declared but never referenced
          int cse_v299 = ((((((((int)threadIdx.x) >> 3) * 4480) + (c_3 * 2240)) + ((((int)threadIdx.x) & 7) * 140)) + j_3) + 1247);
              ^

tvm_kernels.cu(3864): warning #177-D: variable "cse_v300" was declared but never referenced
          int cse_v300 = ((((((((int)threadIdx.x) >> 3) * 4480) + (c_3 * 2240)) + ((((int)threadIdx.x) & 7) * 140)) + j_3) + 1251);
              ^

tvm_kernels.cu(3866): warning #177-D: variable "cse_v173" was declared but never referenced
          int cse_v173 = ((((((int)threadIdx.x) >> 3) * 14) + (c_3 * 7)) + 2);
              ^

tvm_kernels.cu(3868): warning #177-D: variable "cse_v301" was declared but never referenced
          int cse_v301 = ((((((((int)threadIdx.x) >> 3) * 4480) + (c_3 * 2240)) + ((((int)threadIdx.x) & 7) * 140)) + j_3) + 6);
              ^

tvm_kernels.cu(3870): warning #177-D: variable "cse_v302" was declared but never referenced
          int cse_v302 = ((((((((int)threadIdx.x) >> 3) * 4480) + (c_3 * 2240)) + ((((int)threadIdx.x) & 7) * 140)) + j_3) + 10);
              ^

tvm_kernels.cu(3872): warning #177-D: variable "cse_v303" was declared but never referenced
          int cse_v303 = ((((((((int)threadIdx.x) >> 3) * 4480) + (c_3 * 2240)) + ((((int)threadIdx.x) & 7) * 140)) + j_3) + 14);
              ^

tvm_kernels.cu(3874): warning #177-D: variable "cse_v304" was declared but never referenced
          int cse_v304 = ((((((((int)threadIdx.x) >> 3) * 4480) + (c_3 * 2240)) + ((((int)threadIdx.x) & 7) * 140)) + j_3) + 18);
              ^

tvm_kernels.cu(3876): warning #177-D: variable "cse_v305" was declared but never referenced
          int cse_v305 = ((((((((int)threadIdx.x) >> 3) * 4480) + (c_3 * 2240)) + ((((int)threadIdx.x) & 7) * 140)) + j_3) + 22);
              ^

tvm_kernels.cu(3878): warning #177-D: variable "cse_v306" was declared but never referenced
          int cse_v306 = ((((((((int)threadIdx.x) >> 3) * 4480) + (c_3 * 2240)) + ((((int)threadIdx.x) & 7) * 140)) + j_3) + 26);
              ^

tvm_kernels.cu(3880): warning #177-D: variable "cse_v307" was declared but never referenced
          int cse_v307 = ((((((((int)threadIdx.x) >> 3) * 4480) + (c_3 * 2240)) + ((((int)threadIdx.x) & 7) * 140)) + j_3) + 30);
              ^

tvm_kernels.cu(3882): warning #177-D: variable "cse_v308" was declared but never referenced
          int cse_v308 = ((((((((int)threadIdx.x) >> 3) * 4480) + (c_3 * 2240)) + ((((int)threadIdx.x) & 7) * 140)) + j_3) + 34);
              ^

tvm_kernels.cu(3884): warning #177-D: variable "cse_v309" was declared but never referenced
          int cse_v309 = ((((((((int)threadIdx.x) >> 3) * 4480) + (c_3 * 2240)) + ((((int)threadIdx.x) & 7) * 140)) + j_3) + 38);
              ^

tvm_kernels.cu(3886): warning #177-D: variable "cse_v310" was declared but never referenced
          int cse_v310 = ((((((((int)threadIdx.x) >> 3) * 4480) + (c_3 * 2240)) + ((((int)threadIdx.x) & 7) * 140)) + j_3) + 42);
              ^

tvm_kernels.cu(3888): warning #177-D: variable "cse_v311" was declared but never referenced
          int cse_v311 = ((((((((int)threadIdx.x) >> 3) * 4480) + (c_3 * 2240)) + ((((int)threadIdx.x) & 7) * 140)) + j_3) + 46);
              ^

tvm_kernels.cu(3890): warning #177-D: variable "cse_v312" was declared but never referenced
          int cse_v312 = ((((((((int)threadIdx.x) >> 3) * 4480) + (c_3 * 2240)) + ((((int)threadIdx.x) & 7) * 140)) + j_3) + 50);
              ^

tvm_kernels.cu(3892): warning #177-D: variable "cse_v313" was declared but never referenced
          int cse_v313 = ((((((((int)threadIdx.x) >> 3) * 4480) + (c_3 * 2240)) + ((((int)threadIdx.x) & 7) * 140)) + j_3) + 54);
              ^

tvm_kernels.cu(3894): warning #177-D: variable "cse_v314" was declared but never referenced
          int cse_v314 = ((((((((int)threadIdx.x) >> 3) * 4480) + (c_3 * 2240)) + ((((int)threadIdx.x) & 7) * 140)) + j_3) + 58);
              ^

tvm_kernels.cu(3896): warning #177-D: variable "cse_v315" was declared but never referenced
          int cse_v315 = ((((((((int)threadIdx.x) >> 3) * 4480) + (c_3 * 2240)) + ((((int)threadIdx.x) & 7) * 140)) + j_3) + 62);
              ^

tvm_kernels.cu(3899): warning #177-D: variable "cse_v316" was declared but never referenced
          int cse_v316 = ((((((((int)threadIdx.x) >> 3) * 4480) + (c_3 * 2240)) + ((((int)threadIdx.x) & 7) * 140)) + j_3) + 1126);
              ^

tvm_kernels.cu(3901): warning #177-D: variable "cse_v317" was declared but never referenced
          int cse_v317 = ((((((((int)threadIdx.x) >> 3) * 4480) + (c_3 * 2240)) + ((((int)threadIdx.x) & 7) * 140)) + j_3) + 1130);
              ^

tvm_kernels.cu(3903): warning #177-D: variable "cse_v318" was declared but never referenced
          int cse_v318 = ((((((((int)threadIdx.x) >> 3) * 4480) + (c_3 * 2240)) + ((((int)threadIdx.x) & 7) * 140)) + j_3) + 1134);
              ^

tvm_kernels.cu(3905): warning #177-D: variable "cse_v319" was declared but never referenced
          int cse_v319 = ((((((((int)threadIdx.x) >> 3) * 4480) + (c_3 * 2240)) + ((((int)threadIdx.x) & 7) * 140)) + j_3) + 1138);
              ^

tvm_kernels.cu(3907): warning #177-D: variable "cse_v320" was declared but never referenced
          int cse_v320 = ((((((((int)threadIdx.x) >> 3) * 4480) + (c_3 * 2240)) + ((((int)threadIdx.x) & 7) * 140)) + j_3) + 1142);
              ^

tvm_kernels.cu(3909): warning #177-D: variable "cse_v321" was declared but never referenced
          int cse_v321 = ((((((((int)threadIdx.x) >> 3) * 4480) + (c_3 * 2240)) + ((((int)threadIdx.x) & 7) * 140)) + j_3) + 1146);
              ^

tvm_kernels.cu(3911): warning #177-D: variable "cse_v322" was declared but never referenced
          int cse_v322 = ((((((((int)threadIdx.x) >> 3) * 4480) + (c_3 * 2240)) + ((((int)threadIdx.x) & 7) * 140)) + j_3) + 1150);
              ^

tvm_kernels.cu(3913): warning #177-D: variable "cse_v323" was declared but never referenced
          int cse_v323 = ((((((((int)threadIdx.x) >> 3) * 4480) + (c_3 * 2240)) + ((((int)threadIdx.x) & 7) * 140)) + j_3) + 1154);
              ^

tvm_kernels.cu(3915): warning #177-D: variable "cse_v324" was declared but never referenced
          int cse_v324 = ((((((((int)threadIdx.x) >> 3) * 4480) + (c_3 * 2240)) + ((((int)threadIdx.x) & 7) * 140)) + j_3) + 1158);
              ^

tvm_kernels.cu(3917): warning #177-D: variable "cse_v325" was declared but never referenced
          int cse_v325 = ((((((((int)threadIdx.x) >> 3) * 4480) + (c_3 * 2240)) + ((((int)threadIdx.x) & 7) * 140)) + j_3) + 1162);
              ^

tvm_kernels.cu(3919): warning #177-D: variable "cse_v326" was declared but never referenced
          int cse_v326 = ((((((((int)threadIdx.x) >> 3) * 4480) + (c_3 * 2240)) + ((((int)threadIdx.x) & 7) * 140)) + j_3) + 1166);
              ^

tvm_kernels.cu(3921): warning #177-D: variable "cse_v327" was declared but never referenced
          int cse_v327 = ((((((((int)threadIdx.x) >> 3) * 4480) + (c_3 * 2240)) + ((((int)threadIdx.x) & 7) * 140)) + j_3) + 1170);
              ^

tvm_kernels.cu(3923): warning #177-D: variable "cse_v328" was declared but never referenced
          int cse_v328 = ((((((((int)threadIdx.x) >> 3) * 4480) + (c_3 * 2240)) + ((((int)threadIdx.x) & 7) * 140)) + j_3) + 1174);
              ^

tvm_kernels.cu(3925): warning #177-D: variable "cse_v329" was declared but never referenced
          int cse_v329 = ((((((((int)threadIdx.x) >> 3) * 4480) + (c_3 * 2240)) + ((((int)threadIdx.x) & 7) * 140)) + j_3) + 1178);
              ^

tvm_kernels.cu(3927): warning #177-D: variable "cse_v330" was declared but never referenced
          int cse_v330 = ((((((((int)threadIdx.x) >> 3) * 4480) + (c_3 * 2240)) + ((((int)threadIdx.x) & 7) * 140)) + j_3) + 1182);
              ^

tvm_kernels.cu(3930): warning #177-D: variable "cse_v331" was declared but never referenced
          int cse_v331 = ((((((((int)threadIdx.x) >> 3) * 4480) + (c_3 * 2240)) + ((((int)threadIdx.x) & 7) * 140)) + j_3) + 76);
              ^

tvm_kernels.cu(3932): warning #177-D: variable "cse_v332" was declared but never referenced
          int cse_v332 = ((((((((int)threadIdx.x) >> 3) * 4480) + (c_3 * 2240)) + ((((int)threadIdx.x) & 7) * 140)) + j_3) + 80);
              ^

tvm_kernels.cu(3934): warning #177-D: variable "cse_v333" was declared but never referenced
          int cse_v333 = ((((((((int)threadIdx.x) >> 3) * 4480) + (c_3 * 2240)) + ((((int)threadIdx.x) & 7) * 140)) + j_3) + 84);
              ^

tvm_kernels.cu(3936): warning #177-D: variable "cse_v334" was declared but never referenced
          int cse_v334 = ((((((((int)threadIdx.x) >> 3) * 4480) + (c_3 * 2240)) + ((((int)threadIdx.x) & 7) * 140)) + j_3) + 88);
              ^

tvm_kernels.cu(3938): warning #177-D: variable "cse_v335" was declared but never referenced
          int cse_v335 = ((((((((int)threadIdx.x) >> 3) * 4480) + (c_3 * 2240)) + ((((int)threadIdx.x) & 7) * 140)) + j_3) + 92);
              ^

tvm_kernels.cu(3940): warning #177-D: variable "cse_v336" was declared but never referenced
          int cse_v336 = ((((((((int)threadIdx.x) >> 3) * 4480) + (c_3 * 2240)) + ((((int)threadIdx.x) & 7) * 140)) + j_3) + 96);
              ^

tvm_kernels.cu(3942): warning #177-D: variable "cse_v337" was declared but never referenced
          int cse_v337 = ((((((((int)threadIdx.x) >> 3) * 4480) + (c_3 * 2240)) + ((((int)threadIdx.x) & 7) * 140)) + j_3) + 100);
              ^

tvm_kernels.cu(3944): warning #177-D: variable "cse_v338" was declared but never referenced
          int cse_v338 = ((((((((int)threadIdx.x) >> 3) * 4480) + (c_3 * 2240)) + ((((int)threadIdx.x) & 7) * 140)) + j_3) + 104);
              ^

tvm_kernels.cu(3946): warning #177-D: variable "cse_v339" was declared but never referenced
          int cse_v339 = ((((((((int)threadIdx.x) >> 3) * 4480) + (c_3 * 2240)) + ((((int)threadIdx.x) & 7) * 140)) + j_3) + 108);
              ^

tvm_kernels.cu(3948): warning #177-D: variable "cse_v340" was declared but never referenced
          int cse_v340 = ((((((((int)threadIdx.x) >> 3) * 4480) + (c_3 * 2240)) + ((((int)threadIdx.x) & 7) * 140)) + j_3) + 112);
              ^

tvm_kernels.cu(3950): warning #177-D: variable "cse_v341" was declared but never referenced
          int cse_v341 = ((((((((int)threadIdx.x) >> 3) * 4480) + (c_3 * 2240)) + ((((int)threadIdx.x) & 7) * 140)) + j_3) + 116);
              ^

tvm_kernels.cu(3952): warning #177-D: variable "cse_v342" was declared but never referenced
          int cse_v342 = ((((((((int)threadIdx.x) >> 3) * 4480) + (c_3 * 2240)) + ((((int)threadIdx.x) & 7) * 140)) + j_3) + 120);
              ^

tvm_kernels.cu(3954): warning #177-D: variable "cse_v343" was declared but never referenced
          int cse_v343 = ((((((((int)threadIdx.x) >> 3) * 4480) + (c_3 * 2240)) + ((((int)threadIdx.x) & 7) * 140)) + j_3) + 124);
              ^

tvm_kernels.cu(3956): warning #177-D: variable "cse_v344" was declared but never referenced
          int cse_v344 = ((((((((int)threadIdx.x) >> 3) * 4480) + (c_3 * 2240)) + ((((int)threadIdx.x) & 7) * 140)) + j_3) + 128);
              ^

tvm_kernels.cu(3958): warning #177-D: variable "cse_v345" was declared but never referenced
          int cse_v345 = ((((((((int)threadIdx.x) >> 3) * 4480) + (c_3 * 2240)) + ((((int)threadIdx.x) & 7) * 140)) + j_3) + 132);
              ^

tvm_kernels.cu(3961): warning #177-D: variable "cse_v346" was declared but never referenced
          int cse_v346 = ((((((((int)threadIdx.x) >> 3) * 4480) + (c_3 * 2240)) + ((((int)threadIdx.x) & 7) * 140)) + j_3) + 1196);
              ^

tvm_kernels.cu(3963): warning #177-D: variable "cse_v347" was declared but never referenced
          int cse_v347 = ((((((((int)threadIdx.x) >> 3) * 4480) + (c_3 * 2240)) + ((((int)threadIdx.x) & 7) * 140)) + j_3) + 1200);
              ^

tvm_kernels.cu(3965): warning #177-D: variable "cse_v348" was declared but never referenced
          int cse_v348 = ((((((((int)threadIdx.x) >> 3) * 4480) + (c_3 * 2240)) + ((((int)threadIdx.x) & 7) * 140)) + j_3) + 1204);
              ^

tvm_kernels.cu(3967): warning #177-D: variable "cse_v349" was declared but never referenced
          int cse_v349 = ((((((((int)threadIdx.x) >> 3) * 4480) + (c_3 * 2240)) + ((((int)threadIdx.x) & 7) * 140)) + j_3) + 1208);
              ^

tvm_kernels.cu(3969): warning #177-D: variable "cse_v350" was declared but never referenced
          int cse_v350 = ((((((((int)threadIdx.x) >> 3) * 4480) + (c_3 * 2240)) + ((((int)threadIdx.x) & 7) * 140)) + j_3) + 1212);
              ^

tvm_kernels.cu(3971): warning #177-D: variable "cse_v351" was declared but never referenced
          int cse_v351 = ((((((((int)threadIdx.x) >> 3) * 4480) + (c_3 * 2240)) + ((((int)threadIdx.x) & 7) * 140)) + j_3) + 1216);
              ^

tvm_kernels.cu(3973): warning #177-D: variable "cse_v352" was declared but never referenced
          int cse_v352 = ((((((((int)threadIdx.x) >> 3) * 4480) + (c_3 * 2240)) + ((((int)threadIdx.x) & 7) * 140)) + j_3) + 1220);
              ^

tvm_kernels.cu(3975): warning #177-D: variable "cse_v353" was declared but never referenced
          int cse_v353 = ((((((((int)threadIdx.x) >> 3) * 4480) + (c_3 * 2240)) + ((((int)threadIdx.x) & 7) * 140)) + j_3) + 1224);
              ^

tvm_kernels.cu(3977): warning #177-D: variable "cse_v354" was declared but never referenced
          int cse_v354 = ((((((((int)threadIdx.x) >> 3) * 4480) + (c_3 * 2240)) + ((((int)threadIdx.x) & 7) * 140)) + j_3) + 1228);
              ^

tvm_kernels.cu(3979): warning #177-D: variable "cse_v355" was declared but never referenced
          int cse_v355 = ((((((((int)threadIdx.x) >> 3) * 4480) + (c_3 * 2240)) + ((((int)threadIdx.x) & 7) * 140)) + j_3) + 1232);
              ^

tvm_kernels.cu(3981): warning #177-D: variable "cse_v356" was declared but never referenced
          int cse_v356 = ((((((((int)threadIdx.x) >> 3) * 4480) + (c_3 * 2240)) + ((((int)threadIdx.x) & 7) * 140)) + j_3) + 1236);
              ^

tvm_kernels.cu(3983): warning #177-D: variable "cse_v357" was declared but never referenced
          int cse_v357 = ((((((((int)threadIdx.x) >> 3) * 4480) + (c_3 * 2240)) + ((((int)threadIdx.x) & 7) * 140)) + j_3) + 1240);
              ^

tvm_kernels.cu(3985): warning #177-D: variable "cse_v358" was declared but never referenced
          int cse_v358 = ((((((((int)threadIdx.x) >> 3) * 4480) + (c_3 * 2240)) + ((((int)threadIdx.x) & 7) * 140)) + j_3) + 1244);
              ^

tvm_kernels.cu(3987): warning #177-D: variable "cse_v359" was declared but never referenced
          int cse_v359 = ((((((((int)threadIdx.x) >> 3) * 4480) + (c_3 * 2240)) + ((((int)threadIdx.x) & 7) * 140)) + j_3) + 1248);
              ^

tvm_kernels.cu(3989): warning #177-D: variable "cse_v360" was declared but never referenced
          int cse_v360 = ((((((((int)threadIdx.x) >> 3) * 4480) + (c_3 * 2240)) + ((((int)threadIdx.x) & 7) * 140)) + j_3) + 1252);
              ^

tvm_kernels.cu(3991): warning #177-D: variable "cse_v174" was declared but never referenced
          int cse_v174 = ((((((int)threadIdx.x) >> 3) * 14) + (c_3 * 7)) + 3);
              ^

tvm_kernels.cu(4056): warning #177-D: variable "cse_v175" was declared but never referenced
          int cse_v175 = ((((((int)threadIdx.x) >> 3) * 14) + (c_3 * 7)) + 4);
              ^

tvm_kernels.cu(4121): warning #177-D: variable "cse_v176" was declared but never referenced
          int cse_v176 = ((((((int)threadIdx.x) >> 3) * 14) + (c_3 * 7)) + 5);
              ^

tvm_kernels.cu(4186): warning #177-D: variable "cse_v177" was declared but never referenced
          int cse_v177 = ((((((int)threadIdx.x) >> 3) * 14) + (c_3 * 7)) + 6);
              ^

tvm_kernels.cu(671): warning #177-D: variable "cse_v2" was declared but never referenced
      int cse_v2 = (di_0 * 2048);
          ^

tvm_kernels.cu(672): warning #177-D: variable "cse_v7" was declared but never referenced
      int cse_v7 = ((((int)blockIdx.x) >> 5) * 32);
          ^

tvm_kernels.cu(673): warning #177-D: variable "cse_v56" was declared but never referenced
      int cse_v56 = (((((int)blockIdx.x) >> 5) * 32) + di_0);
          ^

tvm_kernels.cu(674): warning #177-D: variable "cse_v57" was declared but never referenced
      int cse_v57 = (((((int)blockIdx.x) & 31) * 64) + ((int)threadIdx.x));
          ^

tvm_kernels.cu(675): warning #177-D: variable "cse_v178" was declared but never referenced
      int cse_v178 = (((((((int)blockIdx.x) >> 5) * 65536) + (di_0 * 2048)) + ((((int)blockIdx.x) & 31) * 64)) + ((int)threadIdx.x));
          ^

tvm_kernels.cu(691): warning #177-D: variable "cse_v3" was declared but never referenced
      int cse_v3 = (((int)threadIdx.x) + 64);
          ^

tvm_kernels.cu(692): warning #177-D: variable "cse_v10" was declared but never referenced
      int cse_v10 = ((((int)threadIdx.x) + 64) / 70);
          ^

tvm_kernels.cu(693): warning #177-D: variable "cse_v11" was declared but never referenced
      int cse_v11 = ((((int)threadIdx.x) + 64) % 70);
          ^

tvm_kernels.cu(694): warning #177-D: variable "cse_v58" was declared but never referenced
      int cse_v58 = (((((int)blockIdx.x) & 31) * 64) + ((((int)threadIdx.x) + 64) % 70));
          ^

tvm_kernels.cu(695): warning #177-D: variable "cse_v137" was declared but never referenced
      int cse_v137 = ((((((int)blockIdx.x) >> 5) * 32) + ((((int)threadIdx.x) + 64) / 70)) + di_0);
          ^

tvm_kernels.cu(696): warning #177-D: variable "cse_v361" was declared but never referenced
      int cse_v361 = ((((((((int)blockIdx.x) >> 5) * 65536) + (((((int)threadIdx.x) + 64) / 70) * 2048)) + (di_0 * 2048)) + ((((int)blockIdx.x) & 31) * 64)) + ((((int)threadIdx.x) + 64) % 70));
          ^

tvm_kernels.cu(711): warning #177-D: variable "cse_v12" was declared but never referenced
      int cse_v12 = ((((int)threadIdx.x) + 128) / 70);
          ^

tvm_kernels.cu(712): warning #177-D: variable "cse_v13" was declared but never referenced
      int cse_v13 = ((((int)threadIdx.x) + 58) % 70);
          ^

tvm_kernels.cu(713): warning #177-D: variable "cse_v59" was declared but never referenced
      int cse_v59 = (((((int)blockIdx.x) & 31) * 64) + ((((int)threadIdx.x) + 58) % 70));
          ^

tvm_kernels.cu(714): warning #177-D: variable "cse_v138" was declared but never referenced
      int cse_v138 = ((((((int)blockIdx.x) >> 5) * 32) + ((((int)threadIdx.x) + 128) / 70)) + di_0);
          ^

tvm_kernels.cu(715): warning #177-D: variable "cse_v139" was declared but never referenced
      int cse_v139 = ((((((int)threadIdx.x) + 128) / 70) * 70) + ((((int)threadIdx.x) + 58) % 70));
          ^

tvm_kernels.cu(716): warning #177-D: variable "cse_v362" was declared but never referenced
      int cse_v362 = ((((((((int)blockIdx.x) >> 5) * 65536) + (((((int)threadIdx.x) + 128) / 70) * 2048)) + (di_0 * 2048)) + ((((int)blockIdx.x) & 31) * 64)) + ((((int)threadIdx.x) + 58) % 70));
          ^

tvm_kernels.cu(731): warning #177-D: variable "cse_v14" was declared but never referenced
      int cse_v14 = ((((int)threadIdx.x) + 192) / 70);
          ^

tvm_kernels.cu(732): warning #177-D: variable "cse_v15" was declared but never referenced
      int cse_v15 = ((((int)threadIdx.x) + 52) % 70);
          ^

tvm_kernels.cu(733): warning #177-D: variable "cse_v60" was declared but never referenced
      int cse_v60 = (((((int)blockIdx.x) & 31) * 64) + ((((int)threadIdx.x) + 52) % 70));
          ^

tvm_kernels.cu(734): warning #177-D: variable "cse_v140" was declared but never referenced
      int cse_v140 = ((((((int)blockIdx.x) >> 5) * 32) + ((((int)threadIdx.x) + 192) / 70)) + di_0);
          ^

tvm_kernels.cu(735): warning #177-D: variable "cse_v141" was declared but never referenced
      int cse_v141 = ((((((int)threadIdx.x) + 192) / 70) * 70) + ((((int)threadIdx.x) + 52) % 70));
          ^

tvm_kernels.cu(736): warning #177-D: variable "cse_v363" was declared but never referenced
      int cse_v363 = ((((((((int)blockIdx.x) >> 5) * 65536) + (((((int)threadIdx.x) + 192) / 70) * 2048)) + (di_0 * 2048)) + ((((int)blockIdx.x) & 31) * 64)) + ((((int)threadIdx.x) + 52) % 70));
          ^

tvm_kernels.cu(745): warning #177-D: variable "cse_v16" was declared but never referenced
      int cse_v16 = ((((int)threadIdx.x) + 46) % 70);
          ^

tvm_kernels.cu(746): warning #177-D: variable "cse_v17" was declared but never referenced
      int cse_v17 = ((((int)threadIdx.x) + 256) / 70);
          ^

tvm_kernels.cu(747): warning #177-D: variable "cse_v61" was declared but never referenced
      int cse_v61 = (((((int)blockIdx.x) & 31) * 64) + ((((int)threadIdx.x) + 46) % 70));
          ^

tvm_kernels.cu(748): warning #177-D: variable "cse_v142" was declared but never referenced
      int cse_v142 = ((((((int)threadIdx.x) + 256) / 70) * 70) + ((((int)threadIdx.x) + 46) % 70));
          ^

tvm_kernels.cu(749): warning #177-D: variable "cse_v364" was declared but never referenced
      int cse_v364 = ((((((((int)blockIdx.x) >> 5) * 65536) + (((((int)threadIdx.x) + 256) / 70) * 2048)) + (di_0 * 2048)) + ((((int)blockIdx.x) & 31) * 64)) + ((((int)threadIdx.x) + 46) % 70));
          ^

tvm_kernels.cu(758): warning #177-D: variable "cse_v18" was declared but never referenced
      int cse_v18 = ((((int)threadIdx.x) + 40) % 70);
          ^

tvm_kernels.cu(759): warning #177-D: variable "cse_v19" was declared but never referenced
      int cse_v19 = ((((int)threadIdx.x) + 320) / 70);
          ^

tvm_kernels.cu(760): warning #177-D: variable "cse_v62" was declared but never referenced
      int cse_v62 = (((((int)blockIdx.x) & 31) * 64) + ((((int)threadIdx.x) + 40) % 70));
          ^

tvm_kernels.cu(761): warning #177-D: variable "cse_v143" was declared but never referenced
      int cse_v143 = ((((((int)threadIdx.x) + 320) / 70) * 70) + ((((int)threadIdx.x) + 40) % 70));
          ^

tvm_kernels.cu(762): warning #177-D: variable "cse_v365" was declared but never referenced
      int cse_v365 = ((((((((int)blockIdx.x) >> 5) * 65536) + (((((int)threadIdx.x) + 320) / 70) * 2048)) + (di_0 * 2048)) + ((((int)blockIdx.x) & 31) * 64)) + ((((int)threadIdx.x) + 40) % 70));
          ^

tvm_kernels.cu(778): warning #177-D: variable "cse_v20" was declared but never referenced
      int cse_v20 = ((((int)threadIdx.x) + 66) % 70);
          ^

tvm_kernels.cu(779): warning #177-D: variable "cse_v21" was declared but never referenced
      int cse_v21 = ((((int)threadIdx.x) + 416) / 70);
          ^

tvm_kernels.cu(780): warning #177-D: variable "cse_v63" was declared but never referenced
      int cse_v63 = (((((int)blockIdx.x) & 31) * 64) + ((((int)threadIdx.x) + 66) % 70));
          ^

tvm_kernels.cu(781): warning #177-D: variable "cse_v144" was declared but never referenced
      int cse_v144 = ((((((int)threadIdx.x) + 416) / 70) * 70) + ((((int)threadIdx.x) + 66) % 70));
          ^

tvm_kernels.cu(782): warning #177-D: variable "cse_v366" was declared but never referenced
      int cse_v366 = ((((((((int)blockIdx.x) >> 5) * 65536) + (((((int)threadIdx.x) + 416) / 70) * 2048)) + (di_0 * 2048)) + ((((int)blockIdx.x) & 31) * 64)) + ((((int)threadIdx.x) + 66) % 70));
          ^

tvm_kernels.cu(791): warning #177-D: variable "cse_v22" was declared but never referenced
      int cse_v22 = ((((int)threadIdx.x) + 60) % 70);
          ^

tvm_kernels.cu(792): warning #177-D: variable "cse_v23" was declared but never referenced
      int cse_v23 = ((((int)threadIdx.x) + 480) / 70);
          ^

tvm_kernels.cu(793): warning #177-D: variable "cse_v64" was declared but never referenced
      int cse_v64 = (((((int)blockIdx.x) & 31) * 64) + ((((int)threadIdx.x) + 60) % 70));
          ^

tvm_kernels.cu(794): warning #177-D: variable "cse_v145" was declared but never referenced
      int cse_v145 = ((((((int)threadIdx.x) + 480) / 70) * 70) + ((((int)threadIdx.x) + 60) % 70));
          ^

tvm_kernels.cu(795): warning #177-D: variable "cse_v367" was declared but never referenced
      int cse_v367 = ((((((((int)blockIdx.x) >> 5) * 65536) + (((((int)threadIdx.x) + 480) / 70) * 2048)) + (di_0 * 2048)) + ((((int)blockIdx.x) & 31) * 64)) + ((((int)threadIdx.x) + 60) % 70));
          ^

tvm_kernels.cu(804): warning #177-D: variable "cse_v24" was declared but never referenced
      int cse_v24 = ((((int)threadIdx.x) + 54) % 70);
          ^

tvm_kernels.cu(805): warning #177-D: variable "cse_v25" was declared but never referenced
      int cse_v25 = ((((int)threadIdx.x) + 544) / 70);
          ^

tvm_kernels.cu(806): warning #177-D: variable "cse_v65" was declared but never referenced
      int cse_v65 = (((((int)blockIdx.x) & 31) * 64) + ((((int)threadIdx.x) + 54) % 70));
          ^

tvm_kernels.cu(807): warning #177-D: variable "cse_v146" was declared but never referenced
      int cse_v146 = ((((((int)threadIdx.x) + 544) / 70) * 70) + ((((int)threadIdx.x) + 54) % 70));
          ^

tvm_kernels.cu(808): warning #177-D: variable "cse_v368" was declared but never referenced
      int cse_v368 = ((((((((int)blockIdx.x) >> 5) * 65536) + (((((int)threadIdx.x) + 544) / 70) * 2048)) + (di_0 * 2048)) + ((((int)blockIdx.x) & 31) * 64)) + ((((int)threadIdx.x) + 54) % 70));
          ^

tvm_kernels.cu(817): warning #177-D: variable "cse_v26" was declared but never referenced
      int cse_v26 = ((((int)threadIdx.x) + 48) % 70);
          ^

tvm_kernels.cu(818): warning #177-D: variable "cse_v27" was declared but never referenced
      int cse_v27 = ((((int)threadIdx.x) + 608) / 70);
          ^

tvm_kernels.cu(819): warning #177-D: variable "cse_v66" was declared but never referenced
      int cse_v66 = (((((int)blockIdx.x) & 31) * 64) + ((((int)threadIdx.x) + 48) % 70));
          ^

tvm_kernels.cu(820): warning #177-D: variable "cse_v147" was declared but never referenced
      int cse_v147 = ((((((int)threadIdx.x) + 608) / 70) * 70) + ((((int)threadIdx.x) + 48) % 70));
          ^

tvm_kernels.cu(821): warning #177-D: variable "cse_v369" was declared but never referenced
      int cse_v369 = ((((((((int)blockIdx.x) >> 5) * 65536) + (((((int)threadIdx.x) + 608) / 70) * 2048)) + (di_0 * 2048)) + ((((int)blockIdx.x) & 31) * 64)) + ((((int)threadIdx.x) + 48) % 70));
          ^

tvm_kernels.cu(830): warning #177-D: variable "cse_v28" was declared but never referenced
      int cse_v28 = ((((int)threadIdx.x) + 42) % 70);
          ^

tvm_kernels.cu(831): warning #177-D: variable "cse_v29" was declared but never referenced
      int cse_v29 = ((((int)threadIdx.x) + 672) / 70);
          ^

tvm_kernels.cu(832): warning #177-D: variable "cse_v67" was declared but never referenced
      int cse_v67 = (((((int)blockIdx.x) & 31) * 64) + ((((int)threadIdx.x) + 42) % 70));
          ^

tvm_kernels.cu(833): warning #177-D: variable "cse_v148" was declared but never referenced
      int cse_v148 = ((((((int)threadIdx.x) + 672) / 70) * 70) + ((((int)threadIdx.x) + 42) % 70));
          ^

tvm_kernels.cu(834): warning #177-D: variable "cse_v370" was declared but never referenced
      int cse_v370 = ((((((((int)blockIdx.x) >> 5) * 65536) + (((((int)threadIdx.x) + 672) / 70) * 2048)) + (di_0 * 2048)) + ((((int)blockIdx.x) & 31) * 64)) + ((((int)threadIdx.x) + 42) % 70));
          ^

tvm_kernels.cu(850): warning #177-D: variable "cse_v30" was declared but never referenced
      int cse_v30 = ((((int)threadIdx.x) + 68) % 70);
          ^

tvm_kernels.cu(851): warning #177-D: variable "cse_v31" was declared but never referenced
      int cse_v31 = ((((int)threadIdx.x) + 768) / 70);
          ^

tvm_kernels.cu(852): warning #177-D: variable "cse_v68" was declared but never referenced
      int cse_v68 = (((((int)blockIdx.x) & 31) * 64) + ((((int)threadIdx.x) + 68) % 70));
          ^

tvm_kernels.cu(853): warning #177-D: variable "cse_v149" was declared but never referenced
      int cse_v149 = ((((((int)threadIdx.x) + 768) / 70) * 70) + ((((int)threadIdx.x) + 68) % 70));
          ^

tvm_kernels.cu(854): warning #177-D: variable "cse_v371" was declared but never referenced
      int cse_v371 = ((((((((int)blockIdx.x) >> 5) * 65536) + (((((int)threadIdx.x) + 768) / 70) * 2048)) + (di_0 * 2048)) + ((((int)blockIdx.x) & 31) * 64)) + ((((int)threadIdx.x) + 68) % 70));
          ^

tvm_kernels.cu(863): warning #177-D: variable "cse_v32" was declared but never referenced
      int cse_v32 = ((((int)threadIdx.x) + 62) % 70);
          ^

tvm_kernels.cu(864): warning #177-D: variable "cse_v33" was declared but never referenced
      int cse_v33 = ((((int)threadIdx.x) + 832) / 70);
          ^

tvm_kernels.cu(865): warning #177-D: variable "cse_v69" was declared but never referenced
      int cse_v69 = (((((int)blockIdx.x) & 31) * 64) + ((((int)threadIdx.x) + 62) % 70));
          ^

tvm_kernels.cu(866): warning #177-D: variable "cse_v150" was declared but never referenced
      int cse_v150 = ((((((int)threadIdx.x) + 832) / 70) * 70) + ((((int)threadIdx.x) + 62) % 70));
          ^

tvm_kernels.cu(867): warning #177-D: variable "cse_v372" was declared but never referenced
      int cse_v372 = ((((((((int)blockIdx.x) >> 5) * 65536) + (((((int)threadIdx.x) + 832) / 70) * 2048)) + (di_0 * 2048)) + ((((int)blockIdx.x) & 31) * 64)) + ((((int)threadIdx.x) + 62) % 70));
          ^

tvm_kernels.cu(876): warning #177-D: variable "cse_v34" was declared but never referenced
      int cse_v34 = ((((int)threadIdx.x) + 56) % 70);
          ^

tvm_kernels.cu(877): warning #177-D: variable "cse_v35" was declared but never referenced
      int cse_v35 = ((((int)threadIdx.x) + 896) / 70);
          ^

tvm_kernels.cu(878): warning #177-D: variable "cse_v70" was declared but never referenced
      int cse_v70 = (((((int)blockIdx.x) & 31) * 64) + ((((int)threadIdx.x) + 56) % 70));
          ^

tvm_kernels.cu(879): warning #177-D: variable "cse_v151" was declared but never referenced
      int cse_v151 = ((((((int)threadIdx.x) + 896) / 70) * 70) + ((((int)threadIdx.x) + 56) % 70));
          ^

tvm_kernels.cu(880): warning #177-D: variable "cse_v373" was declared but never referenced
      int cse_v373 = ((((((((int)blockIdx.x) >> 5) * 65536) + (((((int)threadIdx.x) + 896) / 70) * 2048)) + (di_0 * 2048)) + ((((int)blockIdx.x) & 31) * 64)) + ((((int)threadIdx.x) + 56) % 70));
          ^

tvm_kernels.cu(889): warning #177-D: variable "cse_v36" was declared but never referenced
      int cse_v36 = ((((int)threadIdx.x) + 50) % 70);
          ^

tvm_kernels.cu(890): warning #177-D: variable "cse_v37" was declared but never referenced
      int cse_v37 = ((((int)threadIdx.x) + 960) / 70);
          ^

tvm_kernels.cu(891): warning #177-D: variable "cse_v71" was declared but never referenced
      int cse_v71 = (((((int)blockIdx.x) & 31) * 64) + ((((int)threadIdx.x) + 50) % 70));
          ^

tvm_kernels.cu(892): warning #177-D: variable "cse_v152" was declared but never referenced
      int cse_v152 = ((((((int)threadIdx.x) + 960) / 70) * 70) + ((((int)threadIdx.x) + 50) % 70));
          ^

tvm_kernels.cu(893): warning #177-D: variable "cse_v374" was declared but never referenced
      int cse_v374 = ((((((((int)blockIdx.x) >> 5) * 65536) + (((((int)threadIdx.x) + 960) / 70) * 2048)) + (di_0 * 2048)) + ((((int)blockIdx.x) & 31) * 64)) + ((((int)threadIdx.x) + 50) % 70));
          ^

tvm_kernels.cu(902): warning #177-D: variable "cse_v38" was declared but never referenced
      int cse_v38 = ((((int)threadIdx.x) + 44) % 70);
          ^

tvm_kernels.cu(903): warning #177-D: variable "cse_v39" was declared but never referenced
      int cse_v39 = ((((int)threadIdx.x) + 1024) / 70);
          ^

tvm_kernels.cu(904): warning #177-D: variable "cse_v72" was declared but never referenced
      int cse_v72 = (((((int)blockIdx.x) & 31) * 64) + ((((int)threadIdx.x) + 44) % 70));
          ^

tvm_kernels.cu(905): warning #177-D: variable "cse_v153" was declared but never referenced
      int cse_v153 = ((((((int)threadIdx.x) + 1024) / 70) * 70) + ((((int)threadIdx.x) + 44) % 70));
          ^

tvm_kernels.cu(906): warning #177-D: variable "cse_v375" was declared but never referenced
      int cse_v375 = ((((((((int)blockIdx.x) >> 5) * 65536) + (((((int)threadIdx.x) + 1024) / 70) * 2048)) + (di_0 * 2048)) + ((((int)blockIdx.x) & 31) * 64)) + ((((int)threadIdx.x) + 44) % 70));
          ^

tvm_kernels.cu(930): warning #177-D: variable "cse_v40" was declared but never referenced
      int cse_v40 = ((((int)threadIdx.x) + 1184) / 70);
          ^

tvm_kernels.cu(931): warning #177-D: variable "cse_v154" was declared but never referenced
      int cse_v154 = ((((((int)threadIdx.x) + 1184) / 70) * 70) + ((((int)threadIdx.x) + 64) % 70));
          ^

tvm_kernels.cu(932): warning #177-D: variable "cse_v376" was declared but never referenced
      int cse_v376 = ((((((((int)blockIdx.x) >> 5) * 65536) + (((((int)threadIdx.x) + 1184) / 70) * 2048)) + (di_0 * 2048)) + ((((int)blockIdx.x) & 31) * 64)) + ((((int)threadIdx.x) + 64) % 70));
          ^

tvm_kernels.cu(941): warning #177-D: variable "cse_v41" was declared but never referenced
      int cse_v41 = ((((int)threadIdx.x) + 1248) / 70);
          ^

tvm_kernels.cu(942): warning #177-D: variable "cse_v155" was declared but never referenced
      int cse_v155 = ((((((int)threadIdx.x) + 1248) / 70) * 70) + ((((int)threadIdx.x) + 58) % 70));
          ^

tvm_kernels.cu(943): warning #177-D: variable "cse_v377" was declared but never referenced
      int cse_v377 = ((((((((int)blockIdx.x) >> 5) * 65536) + (((((int)threadIdx.x) + 1248) / 70) * 2048)) + (di_0 * 2048)) + ((((int)blockIdx.x) & 31) * 64)) + ((((int)threadIdx.x) + 58) % 70));
          ^

tvm_kernels.cu(952): warning #177-D: variable "cse_v42" was declared but never referenced
      int cse_v42 = ((((int)threadIdx.x) + 1312) / 70);
          ^

tvm_kernels.cu(953): warning #177-D: variable "cse_v156" was declared but never referenced
      int cse_v156 = ((((((int)threadIdx.x) + 1312) / 70) * 70) + ((((int)threadIdx.x) + 52) % 70));
          ^

tvm_kernels.cu(954): warning #177-D: variable "cse_v378" was declared but never referenced
      int cse_v378 = ((((((((int)blockIdx.x) >> 5) * 65536) + (((((int)threadIdx.x) + 1312) / 70) * 2048)) + (di_0 * 2048)) + ((((int)blockIdx.x) & 31) * 64)) + ((((int)threadIdx.x) + 52) % 70));
          ^

tvm_kernels.cu(963): warning #177-D: variable "cse_v43" was declared but never referenced
      int cse_v43 = ((((int)threadIdx.x) + 1376) / 70);
          ^

tvm_kernels.cu(964): warning #177-D: variable "cse_v157" was declared but never referenced
      int cse_v157 = ((((((int)threadIdx.x) + 1376) / 70) * 70) + ((((int)threadIdx.x) + 46) % 70));
          ^

tvm_kernels.cu(965): warning #177-D: variable "cse_v379" was declared but never referenced
      int cse_v379 = ((((((((int)blockIdx.x) >> 5) * 65536) + (((((int)threadIdx.x) + 1376) / 70) * 2048)) + (di_0 * 2048)) + ((((int)blockIdx.x) & 31) * 64)) + ((((int)threadIdx.x) + 46) % 70));
          ^

tvm_kernels.cu(974): warning #177-D: variable "cse_v44" was declared but never referenced
      int cse_v44 = ((((int)threadIdx.x) + 1440) / 70);
          ^

tvm_kernels.cu(975): warning #177-D: variable "cse_v158" was declared but never referenced
      int cse_v158 = ((((((int)threadIdx.x) + 1440) / 70) * 70) + ((((int)threadIdx.x) + 40) % 70));
          ^

tvm_kernels.cu(976): warning #177-D: variable "cse_v380" was declared but never referenced
      int cse_v380 = ((((((((int)blockIdx.x) >> 5) * 65536) + (((((int)threadIdx.x) + 1440) / 70) * 2048)) + (di_0 * 2048)) + ((((int)blockIdx.x) & 31) * 64)) + ((((int)threadIdx.x) + 40) % 70));
          ^

tvm_kernels.cu(992): warning #177-D: variable "cse_v45" was declared but never referenced
      int cse_v45 = ((((int)threadIdx.x) + 1536) / 70);
          ^

tvm_kernels.cu(993): warning #177-D: variable "cse_v159" was declared but never referenced
      int cse_v159 = ((((((int)threadIdx.x) + 1536) / 70) * 70) + ((((int)threadIdx.x) + 66) % 70));
          ^

tvm_kernels.cu(994): warning #177-D: variable "cse_v381" was declared but never referenced
      int cse_v381 = ((((((((int)blockIdx.x) >> 5) * 65536) + (((((int)threadIdx.x) + 1536) / 70) * 2048)) + (di_0 * 2048)) + ((((int)blockIdx.x) & 31) * 64)) + ((((int)threadIdx.x) + 66) % 70));
          ^

tvm_kernels.cu(1003): warning #177-D: variable "cse_v46" was declared but never referenced
      int cse_v46 = ((((int)threadIdx.x) + 1600) / 70);
          ^

tvm_kernels.cu(1004): warning #177-D: variable "cse_v160" was declared but never referenced
      int cse_v160 = ((((((int)threadIdx.x) + 1600) / 70) * 70) + ((((int)threadIdx.x) + 60) % 70));
          ^

tvm_kernels.cu(1005): warning #177-D: variable "cse_v382" was declared but never referenced
      int cse_v382 = ((((((((int)blockIdx.x) >> 5) * 65536) + (((((int)threadIdx.x) + 1600) / 70) * 2048)) + (di_0 * 2048)) + ((((int)blockIdx.x) & 31) * 64)) + ((((int)threadIdx.x) + 60) % 70));
          ^

tvm_kernels.cu(1014): warning #177-D: variable "cse_v47" was declared but never referenced
      int cse_v47 = ((((int)threadIdx.x) + 1664) / 70);
          ^

tvm_kernels.cu(1015): warning #177-D: variable "cse_v161" was declared but never referenced
      int cse_v161 = ((((((int)threadIdx.x) + 1664) / 70) * 70) + ((((int)threadIdx.x) + 54) % 70));
          ^

tvm_kernels.cu(1016): warning #177-D: variable "cse_v383" was declared but never referenced
      int cse_v383 = ((((((((int)blockIdx.x) >> 5) * 65536) + (((((int)threadIdx.x) + 1664) / 70) * 2048)) + (di_0 * 2048)) + ((((int)blockIdx.x) & 31) * 64)) + ((((int)threadIdx.x) + 54) % 70));
          ^

tvm_kernels.cu(1025): warning #177-D: variable "cse_v48" was declared but never referenced
      int cse_v48 = ((((int)threadIdx.x) + 1728) / 70);
          ^

tvm_kernels.cu(1026): warning #177-D: variable "cse_v162" was declared but never referenced
      int cse_v162 = ((((((int)threadIdx.x) + 1728) / 70) * 70) + ((((int)threadIdx.x) + 48) % 70));
          ^

tvm_kernels.cu(1027): warning #177-D: variable "cse_v384" was declared but never referenced
      int cse_v384 = ((((((((int)blockIdx.x) >> 5) * 65536) + (((((int)threadIdx.x) + 1728) / 70) * 2048)) + (di_0 * 2048)) + ((((int)blockIdx.x) & 31) * 64)) + ((((int)threadIdx.x) + 48) % 70));
          ^

tvm_kernels.cu(1036): warning #177-D: variable "cse_v49" was declared but never referenced
      int cse_v49 = ((((int)threadIdx.x) + 1792) / 70);
          ^

tvm_kernels.cu(1037): warning #177-D: variable "cse_v163" was declared but never referenced
      int cse_v163 = ((((((int)threadIdx.x) + 1792) / 70) * 70) + ((((int)threadIdx.x) + 42) % 70));
          ^

tvm_kernels.cu(1038): warning #177-D: variable "cse_v385" was declared but never referenced
      int cse_v385 = ((((((((int)blockIdx.x) >> 5) * 65536) + (((((int)threadIdx.x) + 1792) / 70) * 2048)) + (di_0 * 2048)) + ((((int)blockIdx.x) & 31) * 64)) + ((((int)threadIdx.x) + 42) % 70));
          ^

tvm_kernels.cu(1054): warning #177-D: variable "cse_v50" was declared but never referenced
      int cse_v50 = ((((int)threadIdx.x) + 1888) / 70);
          ^

tvm_kernels.cu(1055): warning #177-D: variable "cse_v164" was declared but never referenced
      int cse_v164 = ((((((int)threadIdx.x) + 1888) / 70) * 70) + ((((int)threadIdx.x) + 68) % 70));
          ^

tvm_kernels.cu(1056): warning #177-D: variable "cse_v386" was declared but never referenced
      int cse_v386 = ((((((((int)blockIdx.x) >> 5) * 65536) + (((((int)threadIdx.x) + 1888) / 70) * 2048)) + (di_0 * 2048)) + ((((int)blockIdx.x) & 31) * 64)) + ((((int)threadIdx.x) + 68) % 70));
          ^

tvm_kernels.cu(1065): warning #177-D: variable "cse_v51" was declared but never referenced
      int cse_v51 = ((((int)threadIdx.x) + 1952) / 70);
          ^

tvm_kernels.cu(1066): warning #177-D: variable "cse_v165" was declared but never referenced
      int cse_v165 = ((((((int)threadIdx.x) + 1952) / 70) * 70) + ((((int)threadIdx.x) + 62) % 70));
          ^

tvm_kernels.cu(1067): warning #177-D: variable "cse_v387" was declared but never referenced
      int cse_v387 = ((((((((int)blockIdx.x) >> 5) * 65536) + (((((int)threadIdx.x) + 1952) / 70) * 2048)) + (di_0 * 2048)) + ((((int)blockIdx.x) & 31) * 64)) + ((((int)threadIdx.x) + 62) % 70));
          ^

tvm_kernels.cu(1076): warning #177-D: variable "cse_v52" was declared but never referenced
      int cse_v52 = ((((int)threadIdx.x) + 2016) / 70);
          ^

tvm_kernels.cu(1077): warning #177-D: variable "cse_v166" was declared but never referenced
      int cse_v166 = ((((((int)blockIdx.x) >> 5) * 32) + ((((int)threadIdx.x) + 2016) / 70)) + di_0);
          ^

tvm_kernels.cu(1078): warning #177-D: variable "cse_v167" was declared but never referenced
      int cse_v167 = ((((((int)threadIdx.x) + 2016) / 70) * 70) + ((((int)threadIdx.x) + 56) % 70));
          ^

tvm_kernels.cu(1079): warning #177-D: variable "cse_v388" was declared but never referenced
      int cse_v388 = ((((((((int)blockIdx.x) >> 5) * 65536) + (((((int)threadIdx.x) + 2016) / 70) * 2048)) + (di_0 * 2048)) + ((((int)blockIdx.x) & 31) * 64)) + ((((int)threadIdx.x) + 56) % 70));
          ^

tvm_kernels.cu(1094): warning #177-D: variable "cse_v53" was declared but never referenced
      int cse_v53 = ((((int)threadIdx.x) + 2080) / 70);
          ^

tvm_kernels.cu(1095): warning #177-D: variable "cse_v168" was declared but never referenced
      int cse_v168 = ((((((int)blockIdx.x) >> 5) * 32) + ((((int)threadIdx.x) + 2080) / 70)) + di_0);
          ^

tvm_kernels.cu(1096): warning #177-D: variable "cse_v169" was declared but never referenced
      int cse_v169 = ((((((int)threadIdx.x) + 2080) / 70) * 70) + ((((int)threadIdx.x) + 50) % 70));
          ^

tvm_kernels.cu(1097): warning #177-D: variable "cse_v389" was declared but never referenced
      int cse_v389 = ((((((((int)blockIdx.x) >> 5) * 65536) + (((((int)threadIdx.x) + 2080) / 70) * 2048)) + (di_0 * 2048)) + ((((int)blockIdx.x) & 31) * 64)) + ((((int)threadIdx.x) + 50) % 70));
          ^

tvm_kernels.cu(1112): warning #177-D: variable "cse_v54" was declared but never referenced
      int cse_v54 = ((((int)threadIdx.x) + 2144) / 70);
          ^

tvm_kernels.cu(1113): warning #177-D: variable "cse_v170" was declared but never referenced
      int cse_v170 = ((((((int)blockIdx.x) >> 5) * 32) + ((((int)threadIdx.x) + 2144) / 70)) + di_0);
          ^

tvm_kernels.cu(1114): warning #177-D: variable "cse_v171" was declared but never referenced
      int cse_v171 = ((((((int)threadIdx.x) + 2144) / 70) * 70) + ((((int)threadIdx.x) + 44) % 70));
          ^

tvm_kernels.cu(1115): warning #177-D: variable "cse_v390" was declared but never referenced
      int cse_v390 = ((((((((int)blockIdx.x) >> 5) * 65536) + (((((int)threadIdx.x) + 2144) / 70) * 2048)) + (di_0 * 2048)) + ((((int)blockIdx.x) & 31) * 64)) + ((((int)threadIdx.x) + 44) % 70));
          ^

tvm_kernels.cu(665): warning #177-D: variable "cse_v1" was declared but never referenced
    int cse_v1 = (((int)blockIdx.x) >> 5);
        ^

tvm_kernels.cu(666): warning #177-D: variable "cse_v5" was declared but never referenced
    int cse_v5 = (((int)threadIdx.x) >> 3);
        ^

tvm_kernels.cu(667): warning #177-D: variable "cse_v6" was declared but never referenced
    int cse_v6 = (((int)threadIdx.x) & 7);
        ^

tvm_kernels.cu(668): warning #177-D: variable "cse_v8" was declared but never referenced
    int cse_v8 = ((((int)blockIdx.x) & 31) * 64);
        ^

tvm_kernels.cu(669): warning #177-D: variable "cse_v9" was declared but never referenced
    int cse_v9 = ((((int)blockIdx.x) >> 5) * 65536);
        ^

tvm_kernels.cu(4254): warning #177-D: variable "cse_v180" was declared but never referenced
    int cse_v180 = (((((((int)threadIdx.x) >> 3) * 8388608) + ((((int)blockIdx.x) >> 5) * 65536)) + ((((int)threadIdx.x) & 7) * 4096)) + ((((int)blockIdx.x) & 31) * 64));
        ^

tvm_kernels.cu(76): warning #177-D: function "__pack_half2" was declared but never referenced
  __pack_half2(const half x, const half y) {
  ^

tvm_kernels.cu(102): warning #177-D: function "hpow" was declared but never referenced
  CUDA_UNSUPPORTED_HALF_MATH_BINARY(hpow, powf)
  ^

tvm_kernels.cu(106): warning #177-D: function "htan" was declared but never referenced
  CUDA_UNSUPPORTED_HALF_MATH_UNARY(htan, tanf)
  ^

tvm_kernels.cu(107): warning #177-D: function "hatan" was declared but never referenced
  CUDA_UNSUPPORTED_HALF_MATH_UNARY(hatan, atanf)
  ^

tvm_kernels.cu(108): warning #177-D: function "herf" was declared but never referenced
  CUDA_UNSUPPORTED_HALF_MATH_UNARY(herf, erf)
  ^

5 errors detected in the compilation of "tvm_kernels.cu".

2026-08-26 15:03:17 [INFO] [task_scheduler.cc:144] [Task #0: main] Trial #5: GFLOPs: 1575.6174. Time: 2087.0132 us. Best GFLOPs: 2978.1284
2026-08-26 15:03:17 [INFO] [task_scheduler.cc:144] [Task #0: main] Trial #6: GFLOPs: 2890.8313. Time: 1137.5047 us. Best GFLOPs: 2978.1284
2026-08-26 15:03:17 [INFO] [task_scheduler.cc:144] [Task #0: main] Trial #7: GFLOPs: 2555.6180. Time: 1286.7081 us. Best GFLOPs: 2978.1284
2026-08-26 15:03:17 [INFO] [task_scheduler.cc:144] [Task #0: main] Trial #8: GFLOPs: 3237.5723. Time: 1015.6791 us. Best GFLOPs: 3237.5723
2026-08-26 15:03:17 [INFO] [task_scheduler.cc:144] [Task #0: main] Trial #9: GFLOPs: 1352.1509. Time: 2431.9286 us. Best GFLOPs: 3237.5723
2026-08-26 15:03:17 [INFO] [task_scheduler.cc:144] [Task #0: main] Trial #10: GFLOPs: 108.5244. Time: 30300.4168 us. Best GFLOPs: 3237.5723
2026-08-26 15:03:17 [INFO] [task_scheduler.cc:144] [Task #0: main] Trial #11: GFLOPs: 136.0650. Time: 24167.3858 us. Best GFLOPs: 3237.5723
2026-08-26 15:03:17 [INFO] [task_scheduler.cc:144] [Task #0: main] Trial #12: GFLOPs: 785.8106. Time: 4184.6399 us. Best GFLOPs: 3237.5723
2026-08-26 15:03:17 [INFO] [task_scheduler.cc:144] [Task #0: main] Trial #13: GFLOPs: 578.1605. Time: 5687.5805 us. Best GFLOPs: 3237.5723
2026-08-26 15:03:17 [INFO] [task_scheduler.cc:144] [Task #0: main] Trial #14: GFLOPs: 3820.4192. Time: 860.7260 us. Best GFLOPs: 3820.4192
2026-08-26 15:03:17 [INFO] [task_scheduler.cc:144] [Task #0: main] Trial #15: GFLOPs: 737.8923. Time: 4456.3880 us. Best GFLOPs: 3820.4192
2026-08-26 15:03:17 [INFO] [task_scheduler.cc:144] [Task #0: main] Trial #16: GFLOPs: 1846.1300. Time: 1781.2041 us. Best GFLOPs: 3820.4192
2026-08-26 15:03:17 [INFO] [task_scheduler.cc:144] [Task #0: main] Trial #17: GFLOPs: 299.9809. Time: 10961.8110 us. Best GFLOPs: 3820.4192
2026-08-26 15:03:17 [INFO] [task_scheduler.cc:144] [Task #0: main] Trial #18: GFLOPs: 2240.0447. Time: 1467.9771 us. Best GFLOPs: 3820.4192
2026-08-26 15:03:17 [INFO] [task_scheduler.cc:144] [Task #0: main] Trial #19: GFLOPs: 2042.0640. Time: 1610.2994 us. Best GFLOPs: 3820.4192
2026-08-26 15:03:17 [INFO] [task_scheduler.cc:144] [Task #0: main] Trial #20: GFLOPs: 1033.8106. Time: 3180.7898 us. Best GFLOPs: 3820.4192
2026-08-26 15:03:17 [INFO] [task_scheduler.cc:144] [Task #0: main] Trial #21: GFLOPs: 3061.0594. Time: 1074.2471 us. Best GFLOPs: 3820.4192
2026-08-26 15:03:17 [INFO] [task_scheduler.cc:144] [Task #0: main] Trial #22: GFLOPs: 4066.7906. Time: 808.5822 us. Best GFLOPs: 4066.7906
2026-08-26 15:03:17 [INFO] [task_scheduler.cc:144] [Task #0: main] Trial #23: GFLOPs: 1624.6636. Time: 2024.0094 us. Best GFLOPs: 4066.7906
2026-08-26 15:03:17 [INFO] [task_scheduler.cc:144] [Task #0: main] Trial #24: GFLOPs: 776.3787. Time: 4235.4774 us. Best GFLOPs: 4066.7906
2026-08-26 15:03:17 [INFO] [task_scheduler.cc:144] [Task #0: main] Trial #25: GFLOPs: 2621.7546. Time: 1254.2495 us. Best GFLOPs: 4066.7906
2026-08-26 15:03:17 [INFO] [task_scheduler.cc:144] [Task #0: main] Trial #26: GFLOPs: 880.7743. Time: 3733.4584 us. Best GFLOPs: 4066.7906
2026-08-26 15:03:17 [INFO] [task_scheduler.cc:144] [Task #0: main] Trial #27: GFLOPs: 2927.6876. Time: 1123.1849 us. Best GFLOPs: 4066.7906
2026-08-26 15:03:17 [INFO] [task_scheduler.cc:144] [Task #0: main] Trial #28: GFLOPs: 2601.0979. Time: 1264.2102 us. Best GFLOPs: 4066.7906
2026-08-26 15:03:17 [INFO] [task_scheduler.cc:144] [Task #0: main] Trial #29: GFLOPs: 2102.3312. Time: 1564.1371 us. Best GFLOPs: 4066.7906
2026-08-26 15:03:17 [INFO] [task_scheduler.cc:144] [Task #0: main] Trial #30: GFLOPs: 339.1410. Time: 9696.0698 us. Best GFLOPs: 4066.7906
2026-08-26 15:03:17 [INFO] [task_scheduler.cc:144] [Task #0: main] Trial #31: GFLOPs: 1468.1151. Time: 2239.8342 us. Best GFLOPs: 4066.7906
2026-08-26 15:03:17 [INFO] [task_scheduler.cc:144] [Task #0: main] Trial #32: GFLOPs: 786.6728. Time: 4180.0534 us. Best GFLOPs: 4066.7906
2026-08-26 15:03:17 [INFO] [task_scheduler.cc:144] [Task #0: main] Trial #33: GFLOPs: 1612.7700. Time: 2038.9357 us. Best GFLOPs: 4066.7906
2026-08-26 15:03:17 [INFO] [task_scheduler.cc:144] [Task #0: main] Trial #34: GFLOPs: 278.7000. Time: 11798.8298 us. Best GFLOPs: 4066.7906
2026-08-26 15:03:17 [INFO] [task_scheduler.cc:144] [Task #0: main] Trial #35: GFLOPs: 2277.7215. Time: 1443.6946 us. Best GFLOPs: 4066.7906
2026-08-26 15:03:17 [INFO] [task_scheduler.cc:144] [Task #0: main] Trial #36: GFLOPs: 7157.8987. Time: 459.3994 us. Best GFLOPs: 7157.8987
2026-08-26 15:03:17 [INFO] [task_scheduler.cc:144] [Task #0: main] Trial #37: GFLOPs: 869.9818. Time: 3779.7736 us. Best GFLOPs: 7157.8987
2026-08-26 15:03:17 [INFO] [task_scheduler.cc:144] [Task #0: main] Trial #38: GFLOPs: 1181.5822. Time: 2782.9924 us. Best GFLOPs: 7157.8987
2026-08-26 15:03:17 [INFO] [task_scheduler.cc:144] [Task #0: main] Trial #39: GFLOPs: 2574.6611. Time: 1277.1912 us. Best GFLOPs: 7157.8987
2026-08-26 15:03:17 [INFO] [task_scheduler.cc:144] [Task #0: main] Trial #40: GFLOPs: 716.2634. Time: 4590.9569 us. Best GFLOPs: 7157.8987
2026-08-26 15:03:17 [INFO] [task_scheduler.cc:144] [Task #0: main] Trial #41: GFLOPs: 826.1958. Time: 3980.0911 us. Best GFLOPs: 7157.8987
2026-08-26 15:03:17 [INFO] [task_scheduler.cc:144] [Task #0: main] Trial #42: GFLOPs: 5130.8850. Time: 640.8903 us. Best GFLOPs: 7157.8987
2026-08-26 15:03:17 [INFO] [task_scheduler.cc:144] [Task #0: main] Trial #43: GFLOPs: 4791.4852. Time: 686.2871 us. Best GFLOPs: 7157.8987
2026-08-26 15:03:17 [INFO] [task_scheduler.cc:144] [Task #0: main] Trial #44: GFLOPs: 2745.1910. Time: 1197.8526 us. Best GFLOPs: 7157.8987
2026-08-26 15:03:17 [INFO] [task_scheduler.cc:144] [Task #0: main] Trial #45: GFLOPs: 3125.3326. Time: 1052.1550 us. Best GFLOPs: 7157.8987
2026-08-26 15:03:17 [INFO] [task_scheduler.cc:144] [Task #0: main] Trial #46: GFLOPs: 742.9219. Time: 4426.2178 us. Best GFLOPs: 7157.8987
2026-08-26 15:03:17 [INFO] [task_scheduler.cc:144] [Task #0: main] Trial #47: GFLOPs: 5263.0158. Time: 624.8004 us. Best GFLOPs: 7157.8987
2026-08-26 15:03:17 [INFO] [task_scheduler.cc:144] [Task #0: main] Trial #48: GFLOPs: 717.2032. Time: 4584.9411 us. Best GFLOPs: 7157.8987
2026-08-26 15:03:17 [INFO] [task_scheduler.cc:144] [Task #0: main] Trial #49: GFLOPs: 1498.9305. Time: 2193.7870 us. Best GFLOPs: 7157.8987
2026-08-26 15:03:17 [INFO] [task_scheduler.cc:144] [Task #0: main] Trial #50: GFLOPs: 2238.1222. Time: 1469.2381 us. Best GFLOPs: 7157.8987
2026-08-26 15:03:17 [INFO] [task_scheduler.cc:144] [Task #0: main] Trial #51: GFLOPs: 2776.1710. Time: 1184.4855 us. Best GFLOPs: 7157.8987
2026-08-26 15:03:17 [INFO] [task_scheduler.cc:144] [Task #0: main] Trial #52: GFLOPs: 3079.3339. Time: 1067.8720 us. Best GFLOPs: 7157.8987
2026-08-26 15:03:17 [INFO] [task_scheduler.cc:144] [Task #0: main] Trial #53: GFLOPs: 135.1395. Time: 24332.8902 us. Best GFLOPs: 7157.8987
2026-08-26 15:03:17 [INFO] [task_scheduler.cc:144] [Task #0: main] Trial #54: GFLOPs: 1458.9303. Time: 2253.9353 us. Best GFLOPs: 7157.8987
2026-08-26 15:03:17 [INFO] [task_scheduler.cc:144] [Task #0: main] Trial #55: GFLOPs: 3085.8994. Time: 1065.6000 us. Best GFLOPs: 7157.8987
2026-08-26 15:03:17 [INFO] [task_scheduler.cc:144] [Task #0: main] Trial #56: GFLOPs: 2267.9090. Time: 1449.9410 us. Best GFLOPs: 7157.8987
2026-08-26 15:03:17 [INFO] [task_scheduler.cc:144] [Task #0: main] Trial #57: GFLOPs: 972.4228. Time: 3381.5892 us. Best GFLOPs: 7157.8987
2026-08-26 15:03:17 [INFO] [task_scheduler.cc:144] [Task #0: main] Trial #58: GFLOPs: 538.1812. Time: 6110.0876 us. Best GFLOPs: 7157.8987
2026-08-26 15:03:17 [INFO] [task_scheduler.cc:144] [Task #0: main] Trial #59: GFLOPs: 781.4946. Time: 4207.7505 us. Best GFLOPs: 7157.8987
2026-08-26 15:03:17 [INFO] [task_scheduler.cc:144] [Task #0: main] Trial #60: GFLOPs: 9591.9237. Time: 342.8232 us. Best GFLOPs: 9591.9237
2026-08-26 15:03:17 [INFO] [task_scheduler.cc:144] [Task #0: main] Trial #61: GFLOPs: 2254.6082. Time: 1458.4948 us. Best GFLOPs: 9591.9237
2026-08-26 15:03:17 [INFO] [task_scheduler.cc:144] [Task #0: main] Trial #62: GFLOPs: 557.9276. Time: 5893.8369 us. Best GFLOPs: 9591.9237
2026-08-26 15:03:17 [INFO] [task_scheduler.cc:144] [Task #0: main] Trial #63: GFLOPs: 3697.1684. Time: 889.4197 us. Best GFLOPs: 9591.9237
2026-08-26 15:03:17 [INFO] [task_scheduler.cc:144] [Task #0: main] Trial #64: GFLOPs: 2389.4061. Time: 1376.2141 us. Best GFLOPs: 9591.9237
2026-08-26 15:03:17 [INFO] [evolutionary_search.cc:738] Generating candidates......
2026-08-26 15:03:18 [INFO] [evolutionary_search.cc:505] Pick-Best-From-Database summary:
Trace replay failures: 0 failure(s)
Postproc #0 [s_tir.meta_schedule.DisallowDynamicLoop]: 0 failure(s)
Postproc #1 [s_tir.meta_schedule.RewriteCooperativeFetch]: 0 failure(s)
Postproc #2 [s_tir.meta_schedule.RewriteUnboundBlock]: 0 failure(s)
Postproc #3 [s_tir.meta_schedule.RewriteParallelVectorizeUnroll]: 0 failure(s)
Postproc #4 [s_tir.meta_schedule.RewriteReductionBlock]: 0 failure(s)
Postproc #5 [s_tir.meta_schedule.VerifyGPUCode]: 0 failure(s)
Postproc #6 [s_tir.meta_schedule.RewriteTensorize]: 0 failure(s)
2026-08-26 15:03:18 [INFO] [evolutionary_search.cc:740] Picked top 102 candidate(s) from database
2026-08-26 15:03:19 [INFO] [evolutionary_search.cc:551] Sample-Init-Population summary:
Trace replay failures: 0 failure(s)
Postproc #0 [s_tir.meta_schedule.DisallowDynamicLoop]: 0 failure(s)
Postproc #1 [s_tir.meta_schedule.RewriteCooperativeFetch]: 0 failure(s)
Postproc #2 [s_tir.meta_schedule.RewriteUnboundBlock]: 0 failure(s)
Postproc #3 [s_tir.meta_schedule.RewriteParallelVectorizeUnroll]: 0 failure(s)
Postproc #4 [s_tir.meta_schedule.RewriteReductionBlock]: 0 failure(s)
Postproc #5 [s_tir.meta_schedule.VerifyGPUCode]: 405 failure(s)
Postproc #6 [s_tir.meta_schedule.RewriteTensorize]: 0 failure(s)
2026-08-26 15:03:20 [INFO] [evolutionary_search.cc:551] Sample-Init-Population summary:
Trace replay failures: 0 failure(s)
Postproc #0 [s_tir.meta_schedule.DisallowDynamicLoop]: 0 failure(s)
Postproc #1 [s_tir.meta_schedule.RewriteCooperativeFetch]: 0 failure(s)
Postproc #2 [s_tir.meta_schedule.RewriteUnboundBlock]: 0 failure(s)
Postproc #3 [s_tir.meta_schedule.RewriteParallelVectorizeUnroll]: 0 failure(s)
Postproc #4 [s_tir.meta_schedule.RewriteReductionBlock]: 0 failure(s)
Postproc #5 [s_tir.meta_schedule.VerifyGPUCode]: 815 failure(s)
Postproc #6 [s_tir.meta_schedule.RewriteTensorize]: 0 failure(s)
2026-08-26 15:03:20 [INFO] [evolutionary_search.cc:551] Sample-Init-Population summary:
Trace replay failures: 0 failure(s)
Postproc #0 [s_tir.meta_schedule.DisallowDynamicLoop]: 0 failure(s)
Postproc #1 [s_tir.meta_schedule.RewriteCooperativeFetch]: 0 failure(s)
Postproc #2 [s_tir.meta_schedule.RewriteUnboundBlock]: 0 failure(s)
Postproc #3 [s_tir.meta_schedule.RewriteParallelVectorizeUnroll]: 0 failure(s)
Postproc #4 [s_tir.meta_schedule.RewriteReductionBlock]: 0 failure(s)
Postproc #5 [s_tir.meta_schedule.VerifyGPUCode]: 1224 failure(s)
Postproc #6 [s_tir.meta_schedule.RewriteTensorize]: 0 failure(s)
2026-08-26 15:03:21 [INFO] [evolutionary_search.cc:551] Sample-Init-Population summary:
Trace replay failures: 0 failure(s)
Postproc #0 [s_tir.meta_schedule.DisallowDynamicLoop]: 0 failure(s)
Postproc #1 [s_tir.meta_schedule.RewriteCooperativeFetch]: 0 failure(s)
Postproc #2 [s_tir.meta_schedule.RewriteUnboundBlock]: 0 failure(s)
Postproc #3 [s_tir.meta_schedule.RewriteParallelVectorizeUnroll]: 0 failure(s)
Postproc #4 [s_tir.meta_schedule.RewriteReductionBlock]: 0 failure(s)
Postproc #5 [s_tir.meta_schedule.VerifyGPUCode]: 1632 failure(s)
Postproc #6 [s_tir.meta_schedule.RewriteTensorize]: 0 failure(s)
2026-08-26 15:03:22 [INFO] [evolutionary_search.cc:551] Sample-Init-Population summary:
Trace replay failures: 0 failure(s)
Postproc #0 [s_tir.meta_schedule.DisallowDynamicLoop]: 0 failure(s)
Postproc #1 [s_tir.meta_schedule.RewriteCooperativeFetch]: 0 failure(s)
Postproc #2 [s_tir.meta_schedule.RewriteUnboundBlock]: 0 failure(s)
Postproc #3 [s_tir.meta_schedule.RewriteParallelVectorizeUnroll]: 0 failure(s)
Postproc #4 [s_tir.meta_schedule.RewriteReductionBlock]: 0 failure(s)
Postproc #5 [s_tir.meta_schedule.VerifyGPUCode]: 2041 failure(s)
Postproc #6 [s_tir.meta_schedule.RewriteTensorize]: 0 failure(s)
2026-08-26 15:03:23 [INFO] [evolutionary_search.cc:551] Sample-Init-Population summary:
Trace replay failures: 0 failure(s)
Postproc #0 [s_tir.meta_schedule.DisallowDynamicLoop]: 0 failure(s)
Postproc #1 [s_tir.meta_schedule.RewriteCooperativeFetch]: 0 failure(s)
Postproc #2 [s_tir.meta_schedule.RewriteUnboundBlock]: 0 failure(s)
Postproc #3 [s_tir.meta_schedule.RewriteParallelVectorizeUnroll]: 0 failure(s)
Postproc #4 [s_tir.meta_schedule.RewriteReductionBlock]: 0 failure(s)
Postproc #5 [s_tir.meta_schedule.VerifyGPUCode]: 2450 failure(s)
Postproc #6 [s_tir.meta_schedule.RewriteTensorize]: 0 failure(s)
2026-08-26 15:03:24 [INFO] [evolutionary_search.cc:551] Sample-Init-Population summary:
Trace replay failures: 0 failure(s)
Postproc #0 [s_tir.meta_schedule.DisallowDynamicLoop]: 0 failure(s)
Postproc #1 [s_tir.meta_schedule.RewriteCooperativeFetch]: 0 failure(s)
Postproc #2 [s_tir.meta_schedule.RewriteUnboundBlock]: 0 failure(s)
Postproc #3 [s_tir.meta_schedule.RewriteParallelVectorizeUnroll]: 0 failure(s)
Postproc #4 [s_tir.meta_schedule.RewriteReductionBlock]: 0 failure(s)
Postproc #5 [s_tir.meta_schedule.VerifyGPUCode]: 2856 failure(s)
Postproc #6 [s_tir.meta_schedule.RewriteTensorize]: 0 failure(s)
2026-08-26 15:03:25 [INFO] [evolutionary_search.cc:551] Sample-Init-Population summary:
Trace replay failures: 0 failure(s)
Postproc #0 [s_tir.meta_schedule.DisallowDynamicLoop]: 0 failure(s)
Postproc #1 [s_tir.meta_schedule.RewriteCooperativeFetch]: 0 failure(s)
Postproc #2 [s_tir.meta_schedule.RewriteUnboundBlock]: 0 failure(s)
Postproc #3 [s_tir.meta_schedule.RewriteParallelVectorizeUnroll]: 0 failure(s)
Postproc #4 [s_tir.meta_schedule.RewriteReductionBlock]: 0 failure(s)
Postproc #5 [s_tir.meta_schedule.VerifyGPUCode]: 3264 failure(s)
Postproc #6 [s_tir.meta_schedule.RewriteTensorize]: 0 failure(s)
2026-08-26 15:03:26 [INFO] [evolutionary_search.cc:551] Sample-Init-Population summary:
Trace replay failures: 0 failure(s)
Postproc #0 [s_tir.meta_schedule.DisallowDynamicLoop]: 0 failure(s)
Postproc #1 [s_tir.meta_schedule.RewriteCooperativeFetch]: 0 failure(s)
Postproc #2 [s_tir.meta_schedule.RewriteUnboundBlock]: 0 failure(s)
Postproc #3 [s_tir.meta_schedule.RewriteParallelVectorizeUnroll]: 0 failure(s)
Postproc #4 [s_tir.meta_schedule.RewriteReductionBlock]: 0 failure(s)
Postproc #5 [s_tir.meta_schedule.VerifyGPUCode]: 3671 failure(s)
Postproc #6 [s_tir.meta_schedule.RewriteTensorize]: 0 failure(s)
2026-08-26 15:03:27 [INFO] [evolutionary_search.cc:551] Sample-Init-Population summary:
Trace replay failures: 0 failure(s)
Postproc #0 [s_tir.meta_schedule.DisallowDynamicLoop]: 0 failure(s)
Postproc #1 [s_tir.meta_schedule.RewriteCooperativeFetch]: 0 failure(s)
Postproc #2 [s_tir.meta_schedule.RewriteUnboundBlock]: 0 failure(s)
Postproc #3 [s_tir.meta_schedule.RewriteParallelVectorizeUnroll]: 0 failure(s)
Postproc #4 [s_tir.meta_schedule.RewriteReductionBlock]: 0 failure(s)
Postproc #5 [s_tir.meta_schedule.VerifyGPUCode]: 4077 failure(s)
Postproc #6 [s_tir.meta_schedule.RewriteTensorize]: 0 failure(s)
2026-08-26 15:03:28 [INFO] [evolutionary_search.cc:551] Sample-Init-Population summary:
Trace replay failures: 0 failure(s)
Postproc #0 [s_tir.meta_schedule.DisallowDynamicLoop]: 0 failure(s)
Postproc #1 [s_tir.meta_schedule.RewriteCooperativeFetch]: 0 failure(s)
Postproc #2 [s_tir.meta_schedule.RewriteUnboundBlock]: 0 failure(s)
Postproc #3 [s_tir.meta_schedule.RewriteParallelVectorizeUnroll]: 0 failure(s)
Postproc #4 [s_tir.meta_schedule.RewriteReductionBlock]: 0 failure(s)
Postproc #5 [s_tir.meta_schedule.VerifyGPUCode]: 4485 failure(s)
Postproc #6 [s_tir.meta_schedule.RewriteTensorize]: 0 failure(s)
2026-08-26 15:03:28 [INFO] [evolutionary_search.cc:551] Sample-Init-Population summary:
Trace replay failures: 0 failure(s)
Postproc #0 [s_tir.meta_schedule.DisallowDynamicLoop]: 0 failure(s)
Postproc #1 [s_tir.meta_schedule.RewriteCooperativeFetch]: 0 failure(s)
Postproc #2 [s_tir.meta_schedule.RewriteUnboundBlock]: 0 failure(s)
Postproc #3 [s_tir.meta_schedule.RewriteParallelVectorizeUnroll]: 0 failure(s)
Postproc #4 [s_tir.meta_schedule.RewriteReductionBlock]: 0 failure(s)
Postproc #5 [s_tir.meta_schedule.VerifyGPUCode]: 4893 failure(s)
Postproc #6 [s_tir.meta_schedule.RewriteTensorize]: 0 failure(s)
2026-08-26 15:03:29 [INFO] [evolutionary_search.cc:551] Sample-Init-Population summary:
Trace replay failures: 0 failure(s)
Postproc #0 [s_tir.meta_schedule.DisallowDynamicLoop]: 0 failure(s)
Postproc #1 [s_tir.meta_schedule.RewriteCooperativeFetch]: 0 failure(s)
Postproc #2 [s_tir.meta_schedule.RewriteUnboundBlock]: 0 failure(s)
Postproc #3 [s_tir.meta_schedule.RewriteParallelVectorizeUnroll]: 0 failure(s)
Postproc #4 [s_tir.meta_schedule.RewriteReductionBlock]: 0 failure(s)
Postproc #5 [s_tir.meta_schedule.VerifyGPUCode]: 5299 failure(s)
Postproc #6 [s_tir.meta_schedule.RewriteTensorize]: 0 failure(s)
2026-08-26 15:03:30 [INFO] [evolutionary_search.cc:551] Sample-Init-Population summary:
Trace replay failures: 0 failure(s)
Postproc #0 [s_tir.meta_schedule.DisallowDynamicLoop]: 0 failure(s)
Postproc #1 [s_tir.meta_schedule.RewriteCooperativeFetch]: 0 failure(s)
Postproc #2 [s_tir.meta_schedule.RewriteUnboundBlock]: 0 failure(s)
Postproc #3 [s_tir.meta_schedule.RewriteParallelVectorizeUnroll]: 0 failure(s)
Postproc #4 [s_tir.meta_schedule.RewriteReductionBlock]: 0 failure(s)
Postproc #5 [s_tir.meta_schedule.VerifyGPUCode]: 5704 failure(s)
Postproc #6 [s_tir.meta_schedule.RewriteTensorize]: 0 failure(s)
2026-08-26 15:03:31 [INFO] [evolutionary_search.cc:551] Sample-Init-Population summary:
Trace replay failures: 0 failure(s)
Postproc #0 [s_tir.meta_schedule.DisallowDynamicLoop]: 0 failure(s)
Postproc #1 [s_tir.meta_schedule.RewriteCooperativeFetch]: 0 failure(s)
Postproc #2 [s_tir.meta_schedule.RewriteUnboundBlock]: 0 failure(s)
Postproc #3 [s_tir.meta_schedule.RewriteParallelVectorizeUnroll]: 0 failure(s)
Postproc #4 [s_tir.meta_schedule.RewriteReductionBlock]: 0 failure(s)
Postproc #5 [s_tir.meta_schedule.VerifyGPUCode]: 6113 failure(s)
Postproc #6 [s_tir.meta_schedule.RewriteTensorize]: 0 failure(s)
2026-08-26 15:03:32 [INFO] [evolutionary_search.cc:551] Sample-Init-Population summary:
Trace replay failures: 0 failure(s)
Postproc #0 [s_tir.meta_schedule.DisallowDynamicLoop]: 0 failure(s)
Postproc #1 [s_tir.meta_schedule.RewriteCooperativeFetch]: 0 failure(s)
Postproc #2 [s_tir.meta_schedule.RewriteUnboundBlock]: 0 failure(s)
Postproc #3 [s_tir.meta_schedule.RewriteParallelVectorizeUnroll]: 0 failure(s)
Postproc #4 [s_tir.meta_schedule.RewriteReductionBlock]: 0 failure(s)
Postproc #5 [s_tir.meta_schedule.VerifyGPUCode]: 6521 failure(s)
Postproc #6 [s_tir.meta_schedule.RewriteTensorize]: 0 failure(s)
2026-08-26 15:03:33 [INFO] [evolutionary_search.cc:551] Sample-Init-Population summary:
Trace replay failures: 0 failure(s)
Postproc #0 [s_tir.meta_schedule.DisallowDynamicLoop]: 0 failure(s)
Postproc #1 [s_tir.meta_schedule.RewriteCooperativeFetch]: 0 failure(s)
Postproc #2 [s_tir.meta_schedule.RewriteUnboundBlock]: 0 failure(s)
Postproc #3 [s_tir.meta_schedule.RewriteParallelVectorizeUnroll]: 0 failure(s)
Postproc #4 [s_tir.meta_schedule.RewriteReductionBlock]: 0 failure(s)
Postproc #5 [s_tir.meta_schedule.VerifyGPUCode]: 6927 failure(s)
Postproc #6 [s_tir.meta_schedule.RewriteTensorize]: 0 failure(s)
2026-08-26 15:03:34 [INFO] [evolutionary_search.cc:551] Sample-Init-Population summary:
Trace replay failures: 0 failure(s)
Postproc #0 [s_tir.meta_schedule.DisallowDynamicLoop]: 0 failure(s)
Postproc #1 [s_tir.meta_schedule.RewriteCooperativeFetch]: 0 failure(s)
Postproc #2 [s_tir.meta_schedule.RewriteUnboundBlock]: 0 failure(s)
Postproc #3 [s_tir.meta_schedule.RewriteParallelVectorizeUnroll]: 0 failure(s)
Postproc #4 [s_tir.meta_schedule.RewriteReductionBlock]: 0 failure(s)
Postproc #5 [s_tir.meta_schedule.VerifyGPUCode]: 7335 failure(s)
Postproc #6 [s_tir.meta_schedule.RewriteTensorize]: 0 failure(s)
2026-08-26 15:03:35 [INFO] [evolutionary_search.cc:551] Sample-Init-Population summary:
Trace replay failures: 0 failure(s)
Postproc #0 [s_tir.meta_schedule.DisallowDynamicLoop]: 0 failure(s)
Postproc #1 [s_tir.meta_schedule.RewriteCooperativeFetch]: 0 failure(s)
Postproc #2 [s_tir.meta_schedule.RewriteUnboundBlock]: 0 failure(s)
Postproc #3 [s_tir.meta_schedule.RewriteParallelVectorizeUnroll]: 0 failure(s)
Postproc #4 [s_tir.meta_schedule.RewriteReductionBlock]: 0 failure(s)
Postproc #5 [s_tir.meta_schedule.VerifyGPUCode]: 7744 failure(s)
Postproc #6 [s_tir.meta_schedule.RewriteTensorize]: 0 failure(s)
2026-08-26 15:03:36 [INFO] [evolutionary_search.cc:551] Sample-Init-Population summary:
Trace replay failures: 0 failure(s)
Postproc #0 [s_tir.meta_schedule.DisallowDynamicLoop]: 0 failure(s)
Postproc #1 [s_tir.meta_schedule.RewriteCooperativeFetch]: 0 failure(s)
Postproc #2 [s_tir.meta_schedule.RewriteUnboundBlock]: 0 failure(s)
Postproc #3 [s_tir.meta_schedule.RewriteParallelVectorizeUnroll]: 0 failure(s)
Postproc #4 [s_tir.meta_schedule.RewriteReductionBlock]: 0 failure(s)
Postproc #5 [s_tir.meta_schedule.VerifyGPUCode]: 8151 failure(s)
Postproc #6 [s_tir.meta_schedule.RewriteTensorize]: 0 failure(s)
2026-08-26 15:03:36 [INFO] [evolutionary_search.cc:551] Sample-Init-Population summary:
Trace replay failures: 0 failure(s)
Postproc #0 [s_tir.meta_schedule.DisallowDynamicLoop]: 0 failure(s)
Postproc #1 [s_tir.meta_schedule.RewriteCooperativeFetch]: 0 failure(s)
Postproc #2 [s_tir.meta_schedule.RewriteUnboundBlock]: 0 failure(s)
Postproc #3 [s_tir.meta_schedule.RewriteParallelVectorizeUnroll]: 0 failure(s)
Postproc #4 [s_tir.meta_schedule.RewriteReductionBlock]: 0 failure(s)
Postproc #5 [s_tir.meta_schedule.VerifyGPUCode]: 8561 failure(s)
Postproc #6 [s_tir.meta_schedule.RewriteTensorize]: 0 failure(s)
2026-08-26 15:03:37 [INFO] [evolutionary_search.cc:551] Sample-Init-Population summary:
Trace replay failures: 0 failure(s)
Postproc #0 [s_tir.meta_schedule.DisallowDynamicLoop]: 0 failure(s)
Postproc #1 [s_tir.meta_schedule.RewriteCooperativeFetch]: 0 failure(s)
Postproc #2 [s_tir.meta_schedule.RewriteUnboundBlock]: 0 failure(s)
Postproc #3 [s_tir.meta_schedule.RewriteParallelVectorizeUnroll]: 0 failure(s)
Postproc #4 [s_tir.meta_schedule.RewriteReductionBlock]: 0 failure(s)
Postproc #5 [s_tir.meta_schedule.VerifyGPUCode]: 8971 failure(s)
Postproc #6 [s_tir.meta_schedule.RewriteTensorize]: 0 failure(s)
2026-08-26 15:03:38 [INFO] [evolutionary_search.cc:551] Sample-Init-Population summary:
Trace replay failures: 0 failure(s)
Postproc #0 [s_tir.meta_schedule.DisallowDynamicLoop]: 0 failure(s)
Postproc #1 [s_tir.meta_schedule.RewriteCooperativeFetch]: 0 failure(s)
Postproc #2 [s_tir.meta_schedule.RewriteUnboundBlock]: 0 failure(s)
Postproc #3 [s_tir.meta_schedule.RewriteParallelVectorizeUnroll]: 0 failure(s)
Postproc #4 [s_tir.meta_schedule.RewriteReductionBlock]: 0 failure(s)
Postproc #5 [s_tir.meta_schedule.VerifyGPUCode]: 9378 failure(s)
Postproc #6 [s_tir.meta_schedule.RewriteTensorize]: 0 failure(s)
2026-08-26 15:03:38 [INFO] [evolutionary_search.cc:748] Sampled 52 candidate(s)
2026-08-26 15:03:40 [INFO] [evolutionary_search.cc:645] Evolve iter #0 done. Summary:
Trace replay failures: 0 failure(s)
Postproc #0 [s_tir.meta_schedule.DisallowDynamicLoop]: 0 failure(s)
Postproc #1 [s_tir.meta_schedule.RewriteCooperativeFetch]: 0 failure(s)
Postproc #2 [s_tir.meta_schedule.RewriteUnboundBlock]: 0 failure(s)
Postproc #3 [s_tir.meta_schedule.RewriteParallelVectorizeUnroll]: 0 failure(s)
Postproc #4 [s_tir.meta_schedule.RewriteReductionBlock]: 0 failure(s)
Postproc #5 [s_tir.meta_schedule.VerifyGPUCode]: 85 failure(s)
Postproc #6 [s_tir.meta_schedule.RewriteTensorize]: 0 failure(s)
2026-08-26 15:03:42 [INFO] [evolutionary_search.cc:645] Evolve iter #1 done. Summary:
Trace replay failures: 0 failure(s)
Postproc #0 [s_tir.meta_schedule.DisallowDynamicLoop]: 0 failure(s)
Postproc #1 [s_tir.meta_schedule.RewriteCooperativeFetch]: 0 failure(s)
Postproc #2 [s_tir.meta_schedule.RewriteUnboundBlock]: 0 failure(s)
Postproc #3 [s_tir.meta_schedule.RewriteParallelVectorizeUnroll]: 0 failure(s)
Postproc #4 [s_tir.meta_schedule.RewriteReductionBlock]: 0 failure(s)
Postproc #5 [s_tir.meta_schedule.VerifyGPUCode]: 73 failure(s)
Postproc #6 [s_tir.meta_schedule.RewriteTensorize]: 0 failure(s)
2026-08-26 15:03:44 [INFO] [evolutionary_search.cc:645] Evolve iter #2 done. Summary:
Trace replay failures: 0 failure(s)
Postproc #0 [s_tir.meta_schedule.DisallowDynamicLoop]: 0 failure(s)
Postproc #1 [s_tir.meta_schedule.RewriteCooperativeFetch]: 0 failure(s)
Postproc #2 [s_tir.meta_schedule.RewriteUnboundBlock]: 0 failure(s)
Postproc #3 [s_tir.meta_schedule.RewriteParallelVectorizeUnroll]: 0 failure(s)
Postproc #4 [s_tir.meta_schedule.RewriteReductionBlock]: 0 failure(s)
Postproc #5 [s_tir.meta_schedule.VerifyGPUCode]: 85 failure(s)
Postproc #6 [s_tir.meta_schedule.RewriteTensorize]: 0 failure(s)
2026-08-26 15:03:45 [INFO] [evolutionary_search.cc:645] Evolve iter #3 done. Summary:
Trace replay failures: 0 failure(s)
Postproc #0 [s_tir.meta_schedule.DisallowDynamicLoop]: 0 failure(s)
Postproc #1 [s_tir.meta_schedule.RewriteCooperativeFetch]: 0 failure(s)
Postproc #2 [s_tir.meta_schedule.RewriteUnboundBlock]: 0 failure(s)
Postproc #3 [s_tir.meta_schedule.RewriteParallelVectorizeUnroll]: 0 failure(s)
Postproc #4 [s_tir.meta_schedule.RewriteReductionBlock]: 0 failure(s)
Postproc #5 [s_tir.meta_schedule.VerifyGPUCode]: 71 failure(s)
Postproc #6 [s_tir.meta_schedule.RewriteTensorize]: 0 failure(s)
2026-08-26 15:03:45 [INFO] [evolutionary_search.cc:673] Scores of the best 64 candidates:
[1 : 16]:	0.9984  0.9974  0.9965  0.9962  0.9955  0.9952  0.9943  0.9936  0.9934  0.9931  0.9928  0.9925  0.9922  0.9911  0.9908  0.9905
[17 : 32]:	0.9901  0.9901  0.9890  0.9886  0.9886  0.9883  0.9882  0.9862  0.9860  0.9849  0.9840  0.9837  0.9835  0.9833  0.9832  0.9829
[33 : 48]:	0.9817  0.9811  0.9809  0.9801  0.9790  0.9789  0.9785  0.9783  0.9780  0.9779  0.9776  0.9775  0.9768  0.9756  0.9755  0.9746
[49 : 64]:	0.9738  0.9733  0.9730  0.9725  0.9720  0.9718  0.9697  0.9694  0.9683  0.9682  0.9662  0.9657  0.9646  0.9638  0.9637  0.9626
2026-08-26 15:03:46 [INFO] [evolutionary_search.cc:752] Got 64 candidate(s) with evolutionary search
2026-08-26 15:03:46 [INFO] [evolutionary_search.cc:755] Sending 64 candidates(s) for measurement
2026-08-26 15:04:38 [INFO] [task_scheduler.cc:144] [Task #0: main] Trial #65: GFLOPs: 1266.2457. Time: 2596.9166 us. Best GFLOPs: 9591.9237
2026-08-26 15:04:38 [INFO] [task_scheduler.cc:144] [Task #0: main] Trial #66: GFLOPs: 1204.9721. Time: 2728.9713 us. Best GFLOPs: 9591.9237
2026-08-26 15:04:38 [INFO] [task_scheduler.cc:144] [Task #0: main] Trial #67: GFLOPs: 527.1179. Time: 6238.3284 us. Best GFLOPs: 9591.9237
2026-08-26 15:04:38 [INFO] [task_scheduler.cc:144] [Task #0: main] Trial #68: GFLOPs: 1966.8164. Time: 1671.9071 us. Best GFLOPs: 9591.9237
2026-08-26 15:04:38 [INFO] [task_scheduler.cc:144] [Task #0: main] Trial #69: GFLOPs: 1291.6270. Time: 2545.8853 us. Best GFLOPs: 9591.9237
2026-08-26 15:04:38 [INFO] [task_scheduler.cc:144] [Task #0: main] Trial #70: GFLOPs: 674.5004. Time: 4875.2150 us. Best GFLOPs: 9591.9237
2026-08-26 15:04:38 [INFO] [task_scheduler.cc:144] [Task #0: main] Trial #71: GFLOPs: 2351.9628. Time: 1398.1235 us. Best GFLOPs: 9591.9237
2026-08-26 15:04:38 [INFO] [task_scheduler.cc:144] [Task #0: main] Trial #72: GFLOPs: 595.0787. Time: 5525.8813 us. Best GFLOPs: 9591.9237
2026-08-26 15:04:38 [INFO] [task_scheduler.cc:134] [Task #0: main] Trial #73: Error in building:
LocalBuilder: An exception occurred
Traceback (most recent call last):
  File "/home/raymond/Projects/compiler/PolyLLMAgent/env_pla/lib/python3.11/site-packages/tvm/exec/popen_worker.py", line 106, in main
    result = fn(*args, **kwargs)
             ^^^^^^^^^^^^^^^^^^^
  File "/home/raymond/Projects/compiler/PolyLLMAgent/env_pla/lib/python3.11/site-packages/tvm/s_tir/meta_schedule/builder/local_builder.py", line 170, in <lambda>
    lambda x: _worker_func(*x),
              ^^^^^^^^^^^^^^^^
  File "/home/raymond/Projects/compiler/PolyLLMAgent/env_pla/lib/python3.11/site-packages/tvm/s_tir/meta_schedule/builder/local_builder.py", line 236, in _worker_func
    rt_mod: Module = f_build(mod, target, _deserialize_params(params))
                     ^^^^^^^^^^^^^^^^^^^^^^^^^^^^^^^^^^^^^^^^^^^^^^^^^
  File "python/tvm_ffi/cython/function.pxi", line 988, in tvm_ffi.core.Function.__call__
  File "<unknown>", line 0, in TVMFFIPyCallback(void*, TVMFFIAny const*, int, TVMFFIAny*)
  File "<unknown>", line 0, in TVMFFIPyCallManager::ForwardPyErrorToFFI()
  File "<unknown>", line 0, in TVMFFICyErrorSetRaisedFromPyError(_object*)
  File "/home/raymond/Projects/compiler/PolyLLMAgent/env_pla/lib/python3.11/site-packages/tvm/s_tir/meta_schedule/builder/local_builder.py", line 267, in default_build
    return tvm_build(mod, target=target)
    
  File "/home/raymond/Projects/compiler/PolyLLMAgent/env_pla/lib/python3.11/site-packages/tvm/driver/build_module.py", line 60, in build
    return tvm.tirx.build(mod, target, pipeline)
    
  File "/home/raymond/Projects/compiler/PolyLLMAgent/env_pla/lib/python3.11/site-packages/tvm/tirx/build.py", line 240, in build
    return tir_to_runtime(host_mod, device_mod_dict, target_host)
    
  File "/home/raymond/Projects/compiler/PolyLLMAgent/env_pla/lib/python3.11/site-packages/tvm/tirx/build.py", line 148, in tir_to_runtime
    device_modules.append(codegen_build(device_mod, target))
    
  File "/home/raymond/Projects/compiler/PolyLLMAgent/env_pla/lib/python3.11/site-packages/tvm/tirx/build.py", line 132, in codegen_build
    return bf(mod, target)
    
  File "python/tvm_ffi/cython/function.pxi", line 988, in tvm_ffi.core.Function.__call__
  File "<unknown>", line 0, in TVMFFIPyCallback(void*, TVMFFIAny const*, int, TVMFFIAny*)
  File "<unknown>", line 0, in TVMFFIPyCallManager::ForwardPyErrorToFFI()
  File "<unknown>", line 0, in TVMFFICyErrorSetRaisedFromPyError(_object*)
  File "/home/raymond/Projects/compiler/PolyLLMAgent/env_pla/lib/python3.11/site-packages/tvm/support/nvcc.py", line 925, in tvm_callback_cuda_compile
    return compile_cuda(code, target_format="cubin", compiler="nvrtc")
    
  File "/home/raymond/Projects/compiler/PolyLLMAgent/env_pla/lib/python3.11/site-packages/tvm/support/nvcc.py", line 99, in compile_cuda
    result = _compile_cuda_nvrtc(code, target_format, arch, options, path_target, use_nvshmem)
    
  File "/home/raymond/Projects/compiler/PolyLLMAgent/env_pla/lib/python3.11/site-packages/tvm/support/nvcc.py", line 620, in _compile_cuda_nvrtc
    raise RuntimeError(error_msg)
    
RuntimeError: NVRTC compilation failed:
tvm_kernels.cu(5799): error: too many arguments in function call
                longlong4 v__1 = make_longlong4(7, 7, 7, 7, 7, 7, 7, 7);
                                                            ^

tvm_kernels.cu(5808): error: too many arguments in function call
              longlong4 v__2 = make_longlong4(49, 49, 49, 49, 49, 49, 49, 49);
                                                              ^

tvm_kernels.cu(5817): error: too many arguments in function call
            longlong4 v__3 = make_longlong4((di_0 * 7), (di_0 * 7), (di_0 * 7), (di_0 * 7), (di_0 * 7), (di_0 * 7), (di_0 * 7), (di_0 * 7));
                                                                                            ^

tvm_kernels.cu(5837): error: too many arguments in function call
            longlong4 v__5 = make_longlong4(7, 7, 7, 7, 7, 7, 7, 7);
                                                        ^

tvm_kernels.cu(5854): error: too many arguments in function call
        *(uint4*)(W_shared_ptr + (((int)threadIdx.x) * 8)) = make_uint4(W_ptr[((int2*)(&(__1.x)))->x],W_ptr[((int2*)(&(__1.x)))->y],W_ptr[((int2*)(&(__1.y)))->x],W_ptr[((int2*)(&(__1.y)))->y],W_ptr[((int2*)(&(__1.z)))->x],W_ptr[((int2*)(&(__1.z)))->y],W_ptr[((int2*)(&(__1.w)))->x],W_ptr[((int2*)(&(__1.w)))->y]);
                                                                                                                                                                                                ^

tvm_kernels.cu(5784): warning #177-D: variable "cse_v5" was declared but never referenced
        int cse_v5 = (((int)threadIdx.x) * 8);
            ^

Remark: The warnings can be suppressed with "-diag-suppress <warning-number>"

tvm_kernels.cu(5859): warning #177-D: variable "cse_v6" was declared but never referenced
          int cse_v6 = (i_3 * 4);
              ^

tvm_kernels.cu(5860): warning #177-D: variable "cse_v298" was declared but never referenced
          int cse_v298 = (((((int)threadIdx.x) >> 4) * 14) + dj_2);
              ^

tvm_kernels.cu(5861): warning #177-D: variable "cse_v371" was declared but never referenced
          int cse_v371 = ((((((((int)threadIdx.x) >> 4) * 5632) + (((((int)threadIdx.x) & 15) >> 1) * 176)) + (i_3 * 88)) + dj_2) + (((int)threadIdx.x) & 1));
              ^

tvm_kernels.cu(5863): warning #177-D: variable "cse_v18" was declared but never referenced
          int cse_v18 = ((i_3 * 4) + 16);
              ^

tvm_kernels.cu(5865): warning #177-D: variable "cse_v19" was declared but never referenced
          int cse_v19 = ((i_3 * 4) + 32);
              ^

tvm_kernels.cu(5867): warning #177-D: variable "cse_v20" was declared but never referenced
          int cse_v20 = ((i_3 * 4) + 48);
              ^

tvm_kernels.cu(5869): warning #177-D: variable "cse_v21" was declared but never referenced
          int cse_v21 = ((i_3 * 4) + 64);
              ^

tvm_kernels.cu(5871): warning #177-D: variable "cse_v22" was declared but never referenced
          int cse_v22 = ((i_3 * 4) + 80);
              ^

tvm_kernels.cu(5873): warning #177-D: variable "cse_v23" was declared but never referenced
          int cse_v23 = ((i_3 * 4) + 96);
              ^

tvm_kernels.cu(5875): warning #177-D: variable "cse_v24" was declared but never referenced
          int cse_v24 = ((i_3 * 4) + 112);
              ^

tvm_kernels.cu(5877): warning #177-D: variable "cse_v25" was declared but never referenced
          int cse_v25 = ((i_3 * 4) + 128);
              ^

tvm_kernels.cu(5879): warning #177-D: variable "cse_v26" was declared but never referenced
          int cse_v26 = ((i_3 * 4) + 144);
              ^

tvm_kernels.cu(5881): warning #177-D: variable "cse_v27" was declared but never referenced
          int cse_v27 = ((i_3 * 4) + 160);
              ^

tvm_kernels.cu(5883): warning #177-D: variable "cse_v28" was declared but never referenced
          int cse_v28 = ((i_3 * 4) + 176);
              ^

tvm_kernels.cu(5885): warning #177-D: variable "cse_v29" was declared but never referenced
          int cse_v29 = ((i_3 * 4) + 192);
              ^

tvm_kernels.cu(5887): warning #177-D: variable "cse_v30" was declared but never referenced
          int cse_v30 = ((i_3 * 4) + 208);
              ^

tvm_kernels.cu(5889): warning #177-D: variable "cse_v31" was declared but never referenced
          int cse_v31 = ((i_3 * 4) + 224);
              ^

tvm_kernels.cu(5891): warning #177-D: variable "cse_v32" was declared but never referenced
          int cse_v32 = ((i_3 * 4) + 240);
              ^

tvm_kernels.cu(5893): warning #177-D: variable "cse_v33" was declared but never referenced
          int cse_v33 = ((i_3 * 4) + 256);
              ^

tvm_kernels.cu(5894): warning #177-D: variable "cse_v321" was declared but never referenced
          int cse_v321 = ((((((int)threadIdx.x) >> 4) * 14) + dj_2) + 28);
              ^

tvm_kernels.cu(5896): warning #177-D: variable "cse_v34" was declared but never referenced
          int cse_v34 = ((i_3 * 4) + 272);
              ^

tvm_kernels.cu(5898): warning #177-D: variable "cse_v35" was declared but never referenced
          int cse_v35 = ((i_3 * 4) + 288);
              ^

tvm_kernels.cu(5900): warning #177-D: variable "cse_v36" was declared but never referenced
          int cse_v36 = ((i_3 * 4) + 304);
              ^

tvm_kernels.cu(5902): warning #177-D: variable "cse_v37" was declared but never referenced
          int cse_v37 = ((i_3 * 4) + 320);
              ^

tvm_kernels.cu(5904): warning #177-D: variable "cse_v38" was declared but never referenced
          int cse_v38 = ((i_3 * 4) + 336);
              ^

tvm_kernels.cu(5906): warning #177-D: variable "cse_v39" was declared but never referenced
          int cse_v39 = ((i_3 * 4) + 352);
              ^

tvm_kernels.cu(5908): warning #177-D: variable "cse_v40" was declared but never referenced
          int cse_v40 = ((i_3 * 4) + 368);
              ^

tvm_kernels.cu(5910): warning #177-D: variable "cse_v41" was declared but never referenced
          int cse_v41 = ((i_3 * 4) + 384);
              ^

tvm_kernels.cu(5912): warning #177-D: variable "cse_v42" was declared but never referenced
          int cse_v42 = ((i_3 * 4) + 400);
              ^

tvm_kernels.cu(5914): warning #177-D: variable "cse_v43" was declared but never referenced
          int cse_v43 = ((i_3 * 4) + 416);
              ^

tvm_kernels.cu(5916): warning #177-D: variable "cse_v44" was declared but never referenced
          int cse_v44 = ((i_3 * 4) + 432);
              ^

tvm_kernels.cu(5918): warning #177-D: variable "cse_v45" was declared but never referenced
          int cse_v45 = ((i_3 * 4) + 448);
              ^

tvm_kernels.cu(5920): warning #177-D: variable "cse_v46" was declared but never referenced
          int cse_v46 = ((i_3 * 4) + 464);
              ^

tvm_kernels.cu(5922): warning #177-D: variable "cse_v47" was declared but never referenced
          int cse_v47 = ((i_3 * 4) + 480);
              ^

tvm_kernels.cu(5924): warning #177-D: variable "cse_v48" was declared but never referenced
          int cse_v48 = ((i_3 * 4) + 496);
              ^

tvm_kernels.cu(5926): warning #177-D: variable "cse_v49" was declared but never referenced
          int cse_v49 = ((i_3 * 4) + 1);
              ^

tvm_kernels.cu(5928): warning #177-D: variable "cse_v50" was declared but never referenced
          int cse_v50 = ((i_3 * 4) + 17);
              ^

tvm_kernels.cu(5930): warning #177-D: variable "cse_v51" was declared but never referenced
          int cse_v51 = ((i_3 * 4) + 33);
              ^

tvm_kernels.cu(5932): warning #177-D: variable "cse_v52" was declared but never referenced
          int cse_v52 = ((i_3 * 4) + 49);
              ^

tvm_kernels.cu(5934): warning #177-D: variable "cse_v53" was declared but never referenced
          int cse_v53 = ((i_3 * 4) + 65);
              ^

tvm_kernels.cu(5936): warning #177-D: variable "cse_v54" was declared but never referenced
          int cse_v54 = ((i_3 * 4) + 81);
              ^

tvm_kernels.cu(5938): warning #177-D: variable "cse_v55" was declared but never referenced
          int cse_v55 = ((i_3 * 4) + 97);
              ^

tvm_kernels.cu(5940): warning #177-D: variable "cse_v56" was declared but never referenced
          int cse_v56 = ((i_3 * 4) + 113);
              ^

tvm_kernels.cu(5942): warning #177-D: variable "cse_v57" was declared but never referenced
          int cse_v57 = ((i_3 * 4) + 129);
              ^

tvm_kernels.cu(5944): warning #177-D: variable "cse_v58" was declared but never referenced
          int cse_v58 = ((i_3 * 4) + 145);
              ^

tvm_kernels.cu(5946): warning #177-D: variable "cse_v59" was declared but never referenced
          int cse_v59 = ((i_3 * 4) + 161);
              ^

tvm_kernels.cu(5948): warning #177-D: variable "cse_v60" was declared but never referenced
          int cse_v60 = ((i_3 * 4) + 177);
              ^

tvm_kernels.cu(5950): warning #177-D: variable "cse_v61" was declared but never referenced
          int cse_v61 = ((i_3 * 4) + 193);
              ^

tvm_kernels.cu(5952): warning #177-D: variable "cse_v62" was declared but never referenced
          int cse_v62 = ((i_3 * 4) + 209);
              ^

tvm_kernels.cu(5954): warning #177-D: variable "cse_v63" was declared but never referenced
          int cse_v63 = ((i_3 * 4) + 225);
              ^

tvm_kernels.cu(5956): warning #177-D: variable "cse_v64" was declared but never referenced
          int cse_v64 = ((i_3 * 4) + 241);
              ^

tvm_kernels.cu(5958): warning #177-D: variable "cse_v65" was declared but never referenced
          int cse_v65 = ((i_3 * 4) + 257);
              ^

tvm_kernels.cu(5960): warning #177-D: variable "cse_v66" was declared but never referenced
          int cse_v66 = ((i_3 * 4) + 273);
              ^

tvm_kernels.cu(5962): warning #177-D: variable "cse_v67" was declared but never referenced
          int cse_v67 = ((i_3 * 4) + 289);
              ^

tvm_kernels.cu(5964): warning #177-D: variable "cse_v68" was declared but never referenced
          int cse_v68 = ((i_3 * 4) + 305);
              ^

tvm_kernels.cu(5966): warning #177-D: variable "cse_v69" was declared but never referenced
          int cse_v69 = ((i_3 * 4) + 321);
              ^

tvm_kernels.cu(5968): warning #177-D: variable "cse_v70" was declared but never referenced
          int cse_v70 = ((i_3 * 4) + 337);
              ^

tvm_kernels.cu(5970): warning #177-D: variable "cse_v71" was declared but never referenced
          int cse_v71 = ((i_3 * 4) + 353);
              ^

tvm_kernels.cu(5972): warning #177-D: variable "cse_v72" was declared but never referenced
          int cse_v72 = ((i_3 * 4) + 369);
              ^

tvm_kernels.cu(5974): warning #177-D: variable "cse_v73" was declared but never referenced
          int cse_v73 = ((i_3 * 4) + 385);
              ^

tvm_kernels.cu(5976): warning #177-D: variable "cse_v74" was declared but never referenced
          int cse_v74 = ((i_3 * 4) + 401);
              ^

tvm_kernels.cu(5978): warning #177-D: variable "cse_v75" was declared but never referenced
          int cse_v75 = ((i_3 * 4) + 417);
              ^

tvm_kernels.cu(5980): warning #177-D: variable "cse_v76" was declared but never referenced
          int cse_v76 = ((i_3 * 4) + 433);
              ^

tvm_kernels.cu(5982): warning #177-D: variable "cse_v77" was declared but never referenced
          int cse_v77 = ((i_3 * 4) + 449);
              ^

tvm_kernels.cu(5984): warning #177-D: variable "cse_v78" was declared but never referenced
          int cse_v78 = ((i_3 * 4) + 465);
              ^

tvm_kernels.cu(5986): warning #177-D: variable "cse_v79" was declared but never referenced
          int cse_v79 = ((i_3 * 4) + 481);
              ^

tvm_kernels.cu(5988): warning #177-D: variable "cse_v80" was declared but never referenced
          int cse_v80 = ((i_3 * 4) + 497);
              ^

tvm_kernels.cu(5990): warning #177-D: variable "cse_v81" was declared but never referenced
          int cse_v81 = ((i_3 * 4) + 2);
              ^

tvm_kernels.cu(5992): warning #177-D: variable "cse_v82" was declared but never referenced
          int cse_v82 = ((i_3 * 4) + 18);
              ^

tvm_kernels.cu(5994): warning #177-D: variable "cse_v83" was declared but never referenced
          int cse_v83 = ((i_3 * 4) + 34);
              ^

tvm_kernels.cu(5996): warning #177-D: variable "cse_v84" was declared but never referenced
          int cse_v84 = ((i_3 * 4) + 50);
              ^

tvm_kernels.cu(5998): warning #177-D: variable "cse_v85" was declared but never referenced
          int cse_v85 = ((i_3 * 4) + 66);
              ^

tvm_kernels.cu(6000): warning #177-D: variable "cse_v86" was declared but never referenced
          int cse_v86 = ((i_3 * 4) + 82);
              ^

tvm_kernels.cu(6002): warning #177-D: variable "cse_v87" was declared but never referenced
          int cse_v87 = ((i_3 * 4) + 98);
              ^

tvm_kernels.cu(6004): warning #177-D: variable "cse_v88" was declared but never referenced
          int cse_v88 = ((i_3 * 4) + 114);
              ^

tvm_kernels.cu(6006): warning #177-D: variable "cse_v89" was declared but never referenced
          int cse_v89 = ((i_3 * 4) + 130);
              ^

tvm_kernels.cu(6008): warning #177-D: variable "cse_v90" was declared but never referenced
          int cse_v90 = ((i_3 * 4) + 146);
              ^

tvm_kernels.cu(6010): warning #177-D: variable "cse_v91" was declared but never referenced
          int cse_v91 = ((i_3 * 4) + 162);
              ^

tvm_kernels.cu(6012): warning #177-D: variable "cse_v92" was declared but never referenced
          int cse_v92 = ((i_3 * 4) + 178);
              ^

tvm_kernels.cu(6014): warning #177-D: variable "cse_v93" was declared but never referenced
          int cse_v93 = ((i_3 * 4) + 194);
              ^

tvm_kernels.cu(6016): warning #177-D: variable "cse_v94" was declared but never referenced
          int cse_v94 = ((i_3 * 4) + 210);
              ^

tvm_kernels.cu(6018): warning #177-D: variable "cse_v95" was declared but never referenced
          int cse_v95 = ((i_3 * 4) + 226);
              ^

tvm_kernels.cu(6020): warning #177-D: variable "cse_v96" was declared but never referenced
          int cse_v96 = ((i_3 * 4) + 242);
              ^

tvm_kernels.cu(6022): warning #177-D: variable "cse_v97" was declared but never referenced
          int cse_v97 = ((i_3 * 4) + 258);
              ^

tvm_kernels.cu(6024): warning #177-D: variable "cse_v98" was declared but never referenced
          int cse_v98 = ((i_3 * 4) + 274);
              ^

tvm_kernels.cu(6026): warning #177-D: variable "cse_v99" was declared but never referenced
          int cse_v99 = ((i_3 * 4) + 290);
              ^

tvm_kernels.cu(6028): warning #177-D: variable "cse_v100" was declared but never referenced
          int cse_v100 = ((i_3 * 4) + 306);
              ^

tvm_kernels.cu(6030): warning #177-D: variable "cse_v101" was declared but never referenced
          int cse_v101 = ((i_3 * 4) + 322);
              ^

tvm_kernels.cu(6032): warning #177-D: variable "cse_v102" was declared but never referenced
          int cse_v102 = ((i_3 * 4) + 338);
              ^

tvm_kernels.cu(6034): warning #177-D: variable "cse_v103" was declared but never referenced
          int cse_v103 = ((i_3 * 4) + 354);
              ^

tvm_kernels.cu(6036): warning #177-D: variable "cse_v104" was declared but never referenced
          int cse_v104 = ((i_3 * 4) + 370);
              ^

tvm_kernels.cu(6038): warning #177-D: variable "cse_v105" was declared but never referenced
          int cse_v105 = ((i_3 * 4) + 386);
              ^

tvm_kernels.cu(6040): warning #177-D: variable "cse_v106" was declared but never referenced
          int cse_v106 = ((i_3 * 4) + 402);
              ^

tvm_kernels.cu(6042): warning #177-D: variable "cse_v107" was declared but never referenced
          int cse_v107 = ((i_3 * 4) + 418);
              ^

tvm_kernels.cu(6044): warning #177-D: variable "cse_v108" was declared but never referenced
          int cse_v108 = ((i_3 * 4) + 434);
              ^

tvm_kernels.cu(6046): warning #177-D: variable "cse_v109" was declared but never referenced
          int cse_v109 = ((i_3 * 4) + 450);
              ^

tvm_kernels.cu(6048): warning #177-D: variable "cse_v110" was declared but never referenced
          int cse_v110 = ((i_3 * 4) + 466);
              ^

tvm_kernels.cu(6050): warning #177-D: variable "cse_v111" was declared but never referenced
          int cse_v111 = ((i_3 * 4) + 482);
              ^

tvm_kernels.cu(6052): warning #177-D: variable "cse_v112" was declared but never referenced
          int cse_v112 = ((i_3 * 4) + 498);
              ^

tvm_kernels.cu(6054): warning #177-D: variable "cse_v113" was declared but never referenced
          int cse_v113 = ((i_3 * 4) + 3);
              ^

tvm_kernels.cu(6056): warning #177-D: variable "cse_v114" was declared but never referenced
          int cse_v114 = ((i_3 * 4) + 19);
              ^

tvm_kernels.cu(6058): warning #177-D: variable "cse_v115" was declared but never referenced
          int cse_v115 = ((i_3 * 4) + 35);
              ^

tvm_kernels.cu(6060): warning #177-D: variable "cse_v116" was declared but never referenced
          int cse_v116 = ((i_3 * 4) + 51);
              ^

tvm_kernels.cu(6062): warning #177-D: variable "cse_v117" was declared but never referenced
          int cse_v117 = ((i_3 * 4) + 67);
              ^

tvm_kernels.cu(6064): warning #177-D: variable "cse_v118" was declared but never referenced
          int cse_v118 = ((i_3 * 4) + 83);
              ^

tvm_kernels.cu(6066): warning #177-D: variable "cse_v119" was declared but never referenced
          int cse_v119 = ((i_3 * 4) + 99);
              ^

tvm_kernels.cu(6068): warning #177-D: variable "cse_v120" was declared but never referenced
          int cse_v120 = ((i_3 * 4) + 115);
              ^

tvm_kernels.cu(6070): warning #177-D: variable "cse_v121" was declared but never referenced
          int cse_v121 = ((i_3 * 4) + 131);
              ^

tvm_kernels.cu(6072): warning #177-D: variable "cse_v122" was declared but never referenced
          int cse_v122 = ((i_3 * 4) + 147);
              ^

tvm_kernels.cu(6074): warning #177-D: variable "cse_v123" was declared but never referenced
          int cse_v123 = ((i_3 * 4) + 163);
              ^

tvm_kernels.cu(6076): warning #177-D: variable "cse_v124" was declared but never referenced
          int cse_v124 = ((i_3 * 4) + 179);
              ^

tvm_kernels.cu(6078): warning #177-D: variable "cse_v125" was declared but never referenced
          int cse_v125 = ((i_3 * 4) + 195);
              ^

tvm_kernels.cu(6080): warning #177-D: variable "cse_v126" was declared but never referenced
          int cse_v126 = ((i_3 * 4) + 211);
              ^

tvm_kernels.cu(6082): warning #177-D: variable "cse_v127" was declared but never referenced
          int cse_v127 = ((i_3 * 4) + 227);
              ^

tvm_kernels.cu(6084): warning #177-D: variable "cse_v128" was declared but never referenced
          int cse_v128 = ((i_3 * 4) + 243);
              ^

tvm_kernels.cu(6086): warning #177-D: variable "cse_v129" was declared but never referenced
          int cse_v129 = ((i_3 * 4) + 259);
              ^

tvm_kernels.cu(6088): warning #177-D: variable "cse_v130" was declared but never referenced
          int cse_v130 = ((i_3 * 4) + 275);
              ^

tvm_kernels.cu(6090): warning #177-D: variable "cse_v131" was declared but never referenced
          int cse_v131 = ((i_3 * 4) + 291);
              ^

tvm_kernels.cu(6092): warning #177-D: variable "cse_v132" was declared but never referenced
          int cse_v132 = ((i_3 * 4) + 307);
              ^

tvm_kernels.cu(6094): warning #177-D: variable "cse_v133" was declared but never referenced
          int cse_v133 = ((i_3 * 4) + 323);
              ^

tvm_kernels.cu(6096): warning #177-D: variable "cse_v134" was declared but never referenced
          int cse_v134 = ((i_3 * 4) + 339);
              ^

tvm_kernels.cu(6098): warning #177-D: variable "cse_v135" was declared but never referenced
          int cse_v135 = ((i_3 * 4) + 355);
              ^

tvm_kernels.cu(6100): warning #177-D: variable "cse_v136" was declared but never referenced
          int cse_v136 = ((i_3 * 4) + 371);
              ^

tvm_kernels.cu(6102): warning #177-D: variable "cse_v137" was declared but never referenced
          int cse_v137 = ((i_3 * 4) + 387);
              ^

tvm_kernels.cu(6104): warning #177-D: variable "cse_v138" was declared but never referenced
          int cse_v138 = ((i_3 * 4) + 403);
              ^

tvm_kernels.cu(6106): warning #177-D: variable "cse_v139" was declared but never referenced
          int cse_v139 = ((i_3 * 4) + 419);
              ^

tvm_kernels.cu(6108): warning #177-D: variable "cse_v140" was declared but never referenced
          int cse_v140 = ((i_3 * 4) + 435);
              ^

tvm_kernels.cu(6110): warning #177-D: variable "cse_v141" was declared but never referenced
          int cse_v141 = ((i_3 * 4) + 451);
              ^

tvm_kernels.cu(6112): warning #177-D: variable "cse_v142" was declared but never referenced
          int cse_v142 = ((i_3 * 4) + 467);
              ^

tvm_kernels.cu(6114): warning #177-D: variable "cse_v143" was declared but never referenced
          int cse_v143 = ((i_3 * 4) + 483);
              ^

tvm_kernels.cu(6116): warning #177-D: variable "cse_v144" was declared but never referenced
          int cse_v144 = ((i_3 * 4) + 499);
              ^

tvm_kernels.cu(6118): warning #177-D: variable "cse_v145" was declared but never referenced
          int cse_v145 = ((i_3 * 4) + 8);
              ^

tvm_kernels.cu(6119): warning #177-D: variable "cse_v322" was declared but never referenced
          int cse_v322 = ((((((int)threadIdx.x) >> 4) * 14) + dj_2) + 7);
              ^

tvm_kernels.cu(6121): warning #177-D: variable "cse_v146" was declared but never referenced
          int cse_v146 = ((i_3 * 4) + 24);
              ^

tvm_kernels.cu(6123): warning #177-D: variable "cse_v147" was declared but never referenced
          int cse_v147 = ((i_3 * 4) + 40);
              ^

tvm_kernels.cu(6125): warning #177-D: variable "cse_v148" was declared but never referenced
          int cse_v148 = ((i_3 * 4) + 56);
              ^

tvm_kernels.cu(6127): warning #177-D: variable "cse_v149" was declared but never referenced
          int cse_v149 = ((i_3 * 4) + 72);
              ^

tvm_kernels.cu(6129): warning #177-D: variable "cse_v150" was declared but never referenced
          int cse_v150 = ((i_3 * 4) + 88);
              ^

tvm_kernels.cu(6131): warning #177-D: variable "cse_v151" was declared but never referenced
          int cse_v151 = ((i_3 * 4) + 104);
              ^

tvm_kernels.cu(6133): warning #177-D: variable "cse_v152" was declared but never referenced
          int cse_v152 = ((i_3 * 4) + 120);
              ^

tvm_kernels.cu(6135): warning #177-D: variable "cse_v153" was declared but never referenced
          int cse_v153 = ((i_3 * 4) + 136);
              ^

tvm_kernels.cu(6137): warning #177-D: variable "cse_v154" was declared but never referenced
          int cse_v154 = ((i_3 * 4) + 152);
              ^

tvm_kernels.cu(6139): warning #177-D: variable "cse_v155" was declared but never referenced
          int cse_v155 = ((i_3 * 4) + 168);
              ^

tvm_kernels.cu(6141): warning #177-D: variable "cse_v156" was declared but never referenced
          int cse_v156 = ((i_3 * 4) + 184);
              ^

tvm_kernels.cu(6143): warning #177-D: variable "cse_v157" was declared but never referenced
          int cse_v157 = ((i_3 * 4) + 200);
              ^

tvm_kernels.cu(6145): warning #177-D: variable "cse_v158" was declared but never referenced
          int cse_v158 = ((i_3 * 4) + 216);
              ^

tvm_kernels.cu(6147): warning #177-D: variable "cse_v159" was declared but never referenced
          int cse_v159 = ((i_3 * 4) + 232);
              ^

tvm_kernels.cu(6149): warning #177-D: variable "cse_v160" was declared but never referenced
          int cse_v160 = ((i_3 * 4) + 248);
              ^

tvm_kernels.cu(6151): warning #177-D: variable "cse_v161" was declared but never referenced
          int cse_v161 = ((i_3 * 4) + 264);
              ^

tvm_kernels.cu(6152): warning #177-D: variable "cse_v323" was declared but never referenced
          int cse_v323 = ((((((int)threadIdx.x) >> 4) * 14) + dj_2) + 35);
              ^

tvm_kernels.cu(6154): warning #177-D: variable "cse_v162" was declared but never referenced
          int cse_v162 = ((i_3 * 4) + 280);
              ^

tvm_kernels.cu(6156): warning #177-D: variable "cse_v163" was declared but never referenced
          int cse_v163 = ((i_3 * 4) + 296);
              ^

tvm_kernels.cu(6158): warning #177-D: variable "cse_v164" was declared but never referenced
          int cse_v164 = ((i_3 * 4) + 312);
              ^

tvm_kernels.cu(6160): warning #177-D: variable "cse_v165" was declared but never referenced
          int cse_v165 = ((i_3 * 4) + 328);
              ^

tvm_kernels.cu(6162): warning #177-D: variable "cse_v166" was declared but never referenced
          int cse_v166 = ((i_3 * 4) + 344);
              ^

tvm_kernels.cu(6164): warning #177-D: variable "cse_v167" was declared but never referenced
          int cse_v167 = ((i_3 * 4) + 360);
              ^

tvm_kernels.cu(6166): warning #177-D: variable "cse_v168" was declared but never referenced
          int cse_v168 = ((i_3 * 4) + 376);
              ^

tvm_kernels.cu(6168): warning #177-D: variable "cse_v169" was declared but never referenced
          int cse_v169 = ((i_3 * 4) + 392);
              ^

tvm_kernels.cu(6170): warning #177-D: variable "cse_v170" was declared but never referenced
          int cse_v170 = ((i_3 * 4) + 408);
              ^

tvm_kernels.cu(6172): warning #177-D: variable "cse_v171" was declared but never referenced
          int cse_v171 = ((i_3 * 4) + 424);
              ^

tvm_kernels.cu(6174): warning #177-D: variable "cse_v172" was declared but never referenced
          int cse_v172 = ((i_3 * 4) + 440);
              ^

tvm_kernels.cu(6176): warning #177-D: variable "cse_v173" was declared but never referenced
          int cse_v173 = ((i_3 * 4) + 456);
              ^

tvm_kernels.cu(6178): warning #177-D: variable "cse_v174" was declared but never referenced
          int cse_v174 = ((i_3 * 4) + 472);
              ^

tvm_kernels.cu(6180): warning #177-D: variable "cse_v175" was declared but never referenced
          int cse_v175 = ((i_3 * 4) + 488);
              ^

tvm_kernels.cu(6182): warning #177-D: variable "cse_v176" was declared but never referenced
          int cse_v176 = ((i_3 * 4) + 504);
              ^

tvm_kernels.cu(6184): warning #177-D: variable "cse_v177" was declared but never referenced
          int cse_v177 = ((i_3 * 4) + 9);
              ^

tvm_kernels.cu(6186): warning #177-D: variable "cse_v178" was declared but never referenced
          int cse_v178 = ((i_3 * 4) + 25);
              ^

tvm_kernels.cu(6188): warning #177-D: variable "cse_v179" was declared but never referenced
          int cse_v179 = ((i_3 * 4) + 41);
              ^

tvm_kernels.cu(6190): warning #177-D: variable "cse_v180" was declared but never referenced
          int cse_v180 = ((i_3 * 4) + 57);
              ^

tvm_kernels.cu(6192): warning #177-D: variable "cse_v181" was declared but never referenced
          int cse_v181 = ((i_3 * 4) + 73);
              ^

tvm_kernels.cu(6194): warning #177-D: variable "cse_v182" was declared but never referenced
          int cse_v182 = ((i_3 * 4) + 89);
              ^

tvm_kernels.cu(6196): warning #177-D: variable "cse_v183" was declared but never referenced
          int cse_v183 = ((i_3 * 4) + 105);
              ^

tvm_kernels.cu(6198): warning #177-D: variable "cse_v184" was declared but never referenced
          int cse_v184 = ((i_3 * 4) + 121);
              ^

tvm_kernels.cu(6200): warning #177-D: variable "cse_v185" was declared but never referenced
          int cse_v185 = ((i_3 * 4) + 137);
              ^

tvm_kernels.cu(6202): warning #177-D: variable "cse_v186" was declared but never referenced
          int cse_v186 = ((i_3 * 4) + 153);
              ^

tvm_kernels.cu(6204): warning #177-D: variable "cse_v187" was declared but never referenced
          int cse_v187 = ((i_3 * 4) + 169);
              ^

tvm_kernels.cu(6206): warning #177-D: variable "cse_v188" was declared but never referenced
          int cse_v188 = ((i_3 * 4) + 185);
              ^

tvm_kernels.cu(6208): warning #177-D: variable "cse_v189" was declared but never referenced
          int cse_v189 = ((i_3 * 4) + 201);
              ^

tvm_kernels.cu(6210): warning #177-D: variable "cse_v190" was declared but never referenced
          int cse_v190 = ((i_3 * 4) + 217);
              ^

tvm_kernels.cu(6212): warning #177-D: variable "cse_v191" was declared but never referenced
          int cse_v191 = ((i_3 * 4) + 233);
              ^

tvm_kernels.cu(6214): warning #177-D: variable "cse_v192" was declared but never referenced
          int cse_v192 = ((i_3 * 4) + 249);
              ^

tvm_kernels.cu(6216): warning #177-D: variable "cse_v193" was declared but never referenced
          int cse_v193 = ((i_3 * 4) + 265);
              ^

tvm_kernels.cu(6218): warning #177-D: variable "cse_v194" was declared but never referenced
          int cse_v194 = ((i_3 * 4) + 281);
              ^

tvm_kernels.cu(6220): warning #177-D: variable "cse_v195" was declared but never referenced
          int cse_v195 = ((i_3 * 4) + 297);
              ^

tvm_kernels.cu(6222): warning #177-D: variable "cse_v196" was declared but never referenced
          int cse_v196 = ((i_3 * 4) + 313);
              ^

tvm_kernels.cu(6224): warning #177-D: variable "cse_v197" was declared but never referenced
          int cse_v197 = ((i_3 * 4) + 329);
              ^

tvm_kernels.cu(6226): warning #177-D: variable "cse_v198" was declared but never referenced
          int cse_v198 = ((i_3 * 4) + 345);
              ^

tvm_kernels.cu(6228): warning #177-D: variable "cse_v199" was declared but never referenced
          int cse_v199 = ((i_3 * 4) + 361);
              ^

tvm_kernels.cu(6230): warning #177-D: variable "cse_v200" was declared but never referenced
          int cse_v200 = ((i_3 * 4) + 377);
              ^

tvm_kernels.cu(6232): warning #177-D: variable "cse_v201" was declared but never referenced
          int cse_v201 = ((i_3 * 4) + 393);
              ^

tvm_kernels.cu(6234): warning #177-D: variable "cse_v202" was declared but never referenced
          int cse_v202 = ((i_3 * 4) + 409);
              ^

tvm_kernels.cu(6236): warning #177-D: variable "cse_v203" was declared but never referenced
          int cse_v203 = ((i_3 * 4) + 425);
              ^

tvm_kernels.cu(6238): warning #177-D: variable "cse_v204" was declared but never referenced
          int cse_v204 = ((i_3 * 4) + 441);
              ^

tvm_kernels.cu(6240): warning #177-D: variable "cse_v205" was declared but never referenced
          int cse_v205 = ((i_3 * 4) + 457);
              ^

tvm_kernels.cu(6242): warning #177-D: variable "cse_v206" was declared but never referenced
          int cse_v206 = ((i_3 * 4) + 473);
              ^

tvm_kernels.cu(6244): warning #177-D: variable "cse_v207" was declared but never referenced
          int cse_v207 = ((i_3 * 4) + 489);
              ^

tvm_kernels.cu(6246): warning #177-D: variable "cse_v208" was declared but never referenced
          int cse_v208 = ((i_3 * 4) + 505);
              ^

tvm_kernels.cu(6248): warning #177-D: variable "cse_v209" was declared but never referenced
          int cse_v209 = ((i_3 * 4) + 10);
              ^

tvm_kernels.cu(6250): warning #177-D: variable "cse_v210" was declared but never referenced
          int cse_v210 = ((i_3 * 4) + 26);
              ^

tvm_kernels.cu(6252): warning #177-D: variable "cse_v211" was declared but never referenced
          int cse_v211 = ((i_3 * 4) + 42);
              ^

tvm_kernels.cu(6254): warning #177-D: variable "cse_v212" was declared but never referenced
          int cse_v212 = ((i_3 * 4) + 58);
              ^

tvm_kernels.cu(6256): warning #177-D: variable "cse_v213" was declared but never referenced
          int cse_v213 = ((i_3 * 4) + 74);
              ^

tvm_kernels.cu(6258): warning #177-D: variable "cse_v214" was declared but never referenced
          int cse_v214 = ((i_3 * 4) + 90);
              ^

tvm_kernels.cu(6260): warning #177-D: variable "cse_v215" was declared but never referenced
          int cse_v215 = ((i_3 * 4) + 106);
              ^

tvm_kernels.cu(6262): warning #177-D: variable "cse_v216" was declared but never referenced
          int cse_v216 = ((i_3 * 4) + 122);
              ^

tvm_kernels.cu(6264): warning #177-D: variable "cse_v217" was declared but never referenced
          int cse_v217 = ((i_3 * 4) + 138);
              ^

tvm_kernels.cu(6266): warning #177-D: variable "cse_v218" was declared but never referenced
          int cse_v218 = ((i_3 * 4) + 154);
              ^

tvm_kernels.cu(6268): warning #177-D: variable "cse_v219" was declared but never referenced
          int cse_v219 = ((i_3 * 4) + 170);
              ^

tvm_kernels.cu(6270): warning #177-D: variable "cse_v220" was declared but never referenced
          int cse_v220 = ((i_3 * 4) + 186);
              ^

tvm_kernels.cu(6272): warning #177-D: variable "cse_v221" was declared but never referenced
          int cse_v221 = ((i_3 * 4) + 202);
              ^

tvm_kernels.cu(6274): warning #177-D: variable "cse_v222" was declared but never referenced
          int cse_v222 = ((i_3 * 4) + 218);
              ^

tvm_kernels.cu(6276): warning #177-D: variable "cse_v223" was declared but never referenced
          int cse_v223 = ((i_3 * 4) + 234);
              ^

tvm_kernels.cu(6278): warning #177-D: variable "cse_v224" was declared but never referenced
          int cse_v224 = ((i_3 * 4) + 250);
              ^

tvm_kernels.cu(6280): warning #177-D: variable "cse_v225" was declared but never referenced
          int cse_v225 = ((i_3 * 4) + 266);
              ^

tvm_kernels.cu(6282): warning #177-D: variable "cse_v226" was declared but never referenced
          int cse_v226 = ((i_3 * 4) + 282);
              ^

tvm_kernels.cu(6284): warning #177-D: variable "cse_v227" was declared but never referenced
          int cse_v227 = ((i_3 * 4) + 298);
              ^

tvm_kernels.cu(6286): warning #177-D: variable "cse_v228" was declared but never referenced
          int cse_v228 = ((i_3 * 4) + 314);
              ^

tvm_kernels.cu(6288): warning #177-D: variable "cse_v229" was declared but never referenced
          int cse_v229 = ((i_3 * 4) + 330);
              ^

tvm_kernels.cu(6290): warning #177-D: variable "cse_v230" was declared but never referenced
          int cse_v230 = ((i_3 * 4) + 346);
              ^

tvm_kernels.cu(6292): warning #177-D: variable "cse_v231" was declared but never referenced
          int cse_v231 = ((i_3 * 4) + 362);
              ^

tvm_kernels.cu(6294): warning #177-D: variable "cse_v232" was declared but never referenced
          int cse_v232 = ((i_3 * 4) + 378);
              ^

tvm_kernels.cu(6296): warning #177-D: variable "cse_v233" was declared but never referenced
          int cse_v233 = ((i_3 * 4) + 394);
              ^

tvm_kernels.cu(6298): warning #177-D: variable "cse_v234" was declared but never referenced
          int cse_v234 = ((i_3 * 4) + 410);
              ^

tvm_kernels.cu(6300): warning #177-D: variable "cse_v235" was declared but never referenced
          int cse_v235 = ((i_3 * 4) + 426);
              ^

tvm_kernels.cu(6302): warning #177-D: variable "cse_v236" was declared but never referenced
          int cse_v236 = ((i_3 * 4) + 442);
              ^

tvm_kernels.cu(6304): warning #177-D: variable "cse_v237" was declared but never referenced
          int cse_v237 = ((i_3 * 4) + 458);
              ^

tvm_kernels.cu(6306): warning #177-D: variable "cse_v238" was declared but never referenced
          int cse_v238 = ((i_3 * 4) + 474);
              ^

tvm_kernels.cu(6308): warning #177-D: variable "cse_v239" was declared but never referenced
          int cse_v239 = ((i_3 * 4) + 490);
              ^

tvm_kernels.cu(6310): warning #177-D: variable "cse_v240" was declared but never referenced
          int cse_v240 = ((i_3 * 4) + 506);
              ^

tvm_kernels.cu(6312): warning #177-D: variable "cse_v241" was declared but never referenced
          int cse_v241 = ((i_3 * 4) + 11);
              ^

tvm_kernels.cu(6314): warning #177-D: variable "cse_v242" was declared but never referenced
          int cse_v242 = ((i_3 * 4) + 27);
              ^

tvm_kernels.cu(6316): warning #177-D: variable "cse_v243" was declared but never referenced
          int cse_v243 = ((i_3 * 4) + 43);
              ^

tvm_kernels.cu(6318): warning #177-D: variable "cse_v244" was declared but never referenced
          int cse_v244 = ((i_3 * 4) + 59);
              ^

tvm_kernels.cu(6320): warning #177-D: variable "cse_v245" was declared but never referenced
          int cse_v245 = ((i_3 * 4) + 75);
              ^

tvm_kernels.cu(6322): warning #177-D: variable "cse_v246" was declared but never referenced
          int cse_v246 = ((i_3 * 4) + 91);
              ^

tvm_kernels.cu(6324): warning #177-D: variable "cse_v247" was declared but never referenced
          int cse_v247 = ((i_3 * 4) + 107);
              ^

tvm_kernels.cu(6326): warning #177-D: variable "cse_v248" was declared but never referenced
          int cse_v248 = ((i_3 * 4) + 123);
              ^

tvm_kernels.cu(6328): warning #177-D: variable "cse_v249" was declared but never referenced
          int cse_v249 = ((i_3 * 4) + 139);
              ^

tvm_kernels.cu(6330): warning #177-D: variable "cse_v250" was declared but never referenced
          int cse_v250 = ((i_3 * 4) + 155);
              ^

tvm_kernels.cu(6332): warning #177-D: variable "cse_v251" was declared but never referenced
          int cse_v251 = ((i_3 * 4) + 171);
              ^

tvm_kernels.cu(6334): warning #177-D: variable "cse_v252" was declared but never referenced
          int cse_v252 = ((i_3 * 4) + 187);
              ^

tvm_kernels.cu(6336): warning #177-D: variable "cse_v253" was declared but never referenced
          int cse_v253 = ((i_3 * 4) + 203);
              ^

tvm_kernels.cu(6338): warning #177-D: variable "cse_v254" was declared but never referenced
          int cse_v254 = ((i_3 * 4) + 219);
              ^

tvm_kernels.cu(6340): warning #177-D: variable "cse_v255" was declared but never referenced
          int cse_v255 = ((i_3 * 4) + 235);
              ^

tvm_kernels.cu(6342): warning #177-D: variable "cse_v256" was declared but never referenced
          int cse_v256 = ((i_3 * 4) + 251);
              ^

tvm_kernels.cu(6344): warning #177-D: variable "cse_v257" was declared but never referenced
          int cse_v257 = ((i_3 * 4) + 267);
              ^

tvm_kernels.cu(6346): warning #177-D: variable "cse_v258" was declared but never referenced
          int cse_v258 = ((i_3 * 4) + 283);
              ^

tvm_kernels.cu(6348): warning #177-D: variable "cse_v259" was declared but never referenced
          int cse_v259 = ((i_3 * 4) + 299);
              ^

tvm_kernels.cu(6350): warning #177-D: variable "cse_v260" was declared but never referenced
          int cse_v260 = ((i_3 * 4) + 315);
              ^

tvm_kernels.cu(6352): warning #177-D: variable "cse_v261" was declared but never referenced
          int cse_v261 = ((i_3 * 4) + 331);
              ^

tvm_kernels.cu(6354): warning #177-D: variable "cse_v262" was declared but never referenced
          int cse_v262 = ((i_3 * 4) + 347);
              ^

tvm_kernels.cu(6356): warning #177-D: variable "cse_v263" was declared but never referenced
          int cse_v263 = ((i_3 * 4) + 363);
              ^

tvm_kernels.cu(6358): warning #177-D: variable "cse_v264" was declared but never referenced
          int cse_v264 = ((i_3 * 4) + 379);
              ^

tvm_kernels.cu(6360): warning #177-D: variable "cse_v265" was declared but never referenced
          int cse_v265 = ((i_3 * 4) + 395);
              ^

tvm_kernels.cu(6362): warning #177-D: variable "cse_v266" was declared but never referenced
          int cse_v266 = ((i_3 * 4) + 411);
              ^

tvm_kernels.cu(6364): warning #177-D: variable "cse_v267" was declared but never referenced
          int cse_v267 = ((i_3 * 4) + 427);
              ^

tvm_kernels.cu(6366): warning #177-D: variable "cse_v268" was declared but never referenced
          int cse_v268 = ((i_3 * 4) + 443);
              ^

tvm_kernels.cu(6368): warning #177-D: variable "cse_v269" was declared but never referenced
          int cse_v269 = ((i_3 * 4) + 459);
              ^

tvm_kernels.cu(6370): warning #177-D: variable "cse_v270" was declared but never referenced
          int cse_v270 = ((i_3 * 4) + 475);
              ^

tvm_kernels.cu(6372): warning #177-D: variable "cse_v271" was declared but never referenced
          int cse_v271 = ((i_3 * 4) + 491);
              ^

tvm_kernels.cu(6374): warning #177-D: variable "cse_v272" was declared but never referenced
          int cse_v272 = ((i_3 * 4) + 507);
              ^

tvm_kernels.cu(672): warning #177-D: variable "cse_v2" was declared but never referenced
      int cse_v2 = (((int)threadIdx.x) * 2);
          ^

tvm_kernels.cu(673): warning #177-D: variable "cse_v3" was declared but never referenced
      int cse_v3 = (((int)threadIdx.x) * 4);
          ^

tvm_kernels.cu(674): warning #177-D: variable "cse_v4" was declared but never referenced
      int cse_v4 = (di_0 * 2048);
          ^

tvm_kernels.cu(675): warning #177-D: variable "cse_v9" was declared but never referenced
      int cse_v9 = ((((int)blockIdx.x) >> 7) * 128);
          ^

tvm_kernels.cu(676): warning #177-D: variable "cse_v10" was declared but never referenced
      int cse_v10 = ((((int)threadIdx.x) * 2) / 11);
          ^

tvm_kernels.cu(677): warning #177-D: variable "cse_v12" was declared but never referenced
      int cse_v12 = ((((int)threadIdx.x) * 4) % 22);
          ^

tvm_kernels.cu(678): warning #177-D: variable "cse_v273" was declared but never referenced
      int cse_v273 = (((((int)blockIdx.x) & 127) * 16) + ((((int)threadIdx.x) * 4) % 22));
          ^

tvm_kernels.cu(679): warning #177-D: variable "cse_v299" was declared but never referenced
      int cse_v299 = ((((((int)blockIdx.x) >> 7) * 128) + ((((int)threadIdx.x) * 2) / 11)) + di_0);
          ^

tvm_kernels.cu(680): warning #177-D: variable "cse_v327" was declared but never referenced
      int cse_v327 = (((((((int)blockIdx.x) >> 7) * 262144) + (((((int)threadIdx.x) * 2) / 11) * 2048)) + (di_0 * 2048)) + ((((int)blockIdx.x) & 127) * 16));
          ^

tvm_kernels.cu(681): warning #177-D: variable "cse_v329" was declared but never referenced
      int cse_v329 = ((((((((int)blockIdx.x) >> 7) * 262144) + (((((int)threadIdx.x) * 2) / 11) * 2048)) + (di_0 * 2048)) + ((((int)blockIdx.x) & 127) * 16)) + ((((int)threadIdx.x) * 4) % 22));
          ^

tvm_kernels.cu(690): warning #177-D: variable "cse_v14" was declared but never referenced
      int cse_v14 = ((((int)threadIdx.x) * 4) + 1);
          ^

tvm_kernels.cu(691): warning #177-D: variable "cse_v274" was declared but never referenced
      int cse_v274 = (((((int)threadIdx.x) * 4) + 1) % 22);
          ^

tvm_kernels.cu(692): warning #177-D: variable "cse_v300" was declared but never referenced
      int cse_v300 = (((((int)blockIdx.x) & 127) * 16) + (((((int)threadIdx.x) * 4) + 1) % 22));
          ^

tvm_kernels.cu(693): warning #177-D: variable "cse_v330" was declared but never referenced
      int cse_v330 = ((((((((int)blockIdx.x) >> 7) * 262144) + (((((int)threadIdx.x) * 2) / 11) * 2048)) + (di_0 * 2048)) + ((((int)blockIdx.x) & 127) * 16)) + (((((int)threadIdx.x) * 4) + 1) % 22));
          ^

tvm_kernels.cu(701): warning #177-D: variable "cse_v15" was declared but never referenced
      int cse_v15 = ((((int)threadIdx.x) * 4) + 2);
          ^

tvm_kernels.cu(702): warning #177-D: variable "cse_v275" was declared but never referenced
      int cse_v275 = (((((int)threadIdx.x) * 2) + 1) / 11);
          ^

tvm_kernels.cu(703): warning #177-D: variable "cse_v276" was declared but never referenced
      int cse_v276 = (((((int)threadIdx.x) * 4) + 2) % 22);
          ^

tvm_kernels.cu(704): warning #177-D: variable "cse_v301" was declared but never referenced
      int cse_v301 = (((((int)blockIdx.x) & 127) * 16) + (((((int)threadIdx.x) * 4) + 2) % 22));
          ^

tvm_kernels.cu(705): warning #177-D: variable "cse_v324" was declared but never referenced
      int cse_v324 = ((((((int)blockIdx.x) >> 7) * 128) + (((((int)threadIdx.x) * 2) + 1) / 11)) + di_0);
          ^

tvm_kernels.cu(706): warning #177-D: variable "cse_v331" was declared but never referenced
      int cse_v331 = (((((((int)blockIdx.x) >> 7) * 262144) + ((((((int)threadIdx.x) * 2) + 1) / 11) * 2048)) + (di_0 * 2048)) + ((((int)blockIdx.x) & 127) * 16));
          ^

tvm_kernels.cu(707): warning #177-D: variable "cse_v372" was declared but never referenced
      int cse_v372 = ((((((((int)blockIdx.x) >> 7) * 262144) + ((((((int)threadIdx.x) * 2) + 1) / 11) * 2048)) + (di_0 * 2048)) + ((((int)blockIdx.x) & 127) * 16)) + (((((int)threadIdx.x) * 4) + 2) % 22));
          ^

tvm_kernels.cu(715): warning #177-D: variable "cse_v16" was declared but never referenced
      int cse_v16 = ((((int)threadIdx.x) * 4) + 3);
          ^

tvm_kernels.cu(716): warning #177-D: variable "cse_v277" was declared but never referenced
      int cse_v277 = (((((int)threadIdx.x) * 4) + 3) % 22);
          ^

tvm_kernels.cu(717): warning #177-D: variable "cse_v302" was declared but never referenced
      int cse_v302 = (((((int)blockIdx.x) & 127) * 16) + (((((int)threadIdx.x) * 4) + 3) % 22));
          ^

tvm_kernels.cu(718): warning #177-D: variable "cse_v373" was declared but never referenced
      int cse_v373 = ((((((((int)blockIdx.x) >> 7) * 262144) + ((((((int)threadIdx.x) * 2) + 1) / 11) * 2048)) + (di_0 * 2048)) + ((((int)blockIdx.x) & 127) * 16)) + (((((int)threadIdx.x) * 4) + 3) % 22));
          ^

tvm_kernels.cu(726): warning #177-D: variable "cse_v278" was declared but never referenced
      int cse_v278 = (((((int)threadIdx.x) * 4) + 18) % 22);
          ^

tvm_kernels.cu(727): warning #177-D: variable "cse_v303" was declared but never referenced
      int cse_v303 = (((((int)blockIdx.x) & 127) * 16) + (((((int)threadIdx.x) * 4) + 18) % 22));
          ^

tvm_kernels.cu(728): warning #177-D: variable "cse_v332" was declared but never referenced
      int cse_v332 = (((((((int)blockIdx.x) >> 7) * 262144) + ((((((int)threadIdx.x) * 2) + 64) / 11) * 2048)) + (di_0 * 2048)) + ((((int)blockIdx.x) & 127) * 16));
          ^

tvm_kernels.cu(729): warning #177-D: variable "cse_v374" was declared but never referenced
      int cse_v374 = ((((((((int)blockIdx.x) >> 7) * 262144) + ((((((int)threadIdx.x) * 2) + 64) / 11) * 2048)) + (di_0 * 2048)) + ((((int)blockIdx.x) & 127) * 16)) + (((((int)threadIdx.x) * 4) + 18) % 22));
          ^

tvm_kernels.cu(737): warning #177-D: variable "cse_v279" was declared but never referenced
      int cse_v279 = (((((int)threadIdx.x) * 4) + 19) % 22);
          ^

tvm_kernels.cu(738): warning #177-D: variable "cse_v304" was declared but never referenced
      int cse_v304 = (((((int)blockIdx.x) & 127) * 16) + (((((int)threadIdx.x) * 4) + 19) % 22));
          ^

tvm_kernels.cu(739): warning #177-D: variable "cse_v375" was declared but never referenced
      int cse_v375 = ((((((((int)blockIdx.x) >> 7) * 262144) + ((((((int)threadIdx.x) * 2) + 64) / 11) * 2048)) + (di_0 * 2048)) + ((((int)blockIdx.x) & 127) * 16)) + (((((int)threadIdx.x) * 4) + 19) % 22));
          ^

tvm_kernels.cu(747): warning #177-D: variable "cse_v280" was declared but never referenced
      int cse_v280 = (((((int)threadIdx.x) * 4) + 20) % 22);
          ^

tvm_kernels.cu(748): warning #177-D: variable "cse_v305" was declared but never referenced
      int cse_v305 = (((((int)blockIdx.x) & 127) * 16) + (((((int)threadIdx.x) * 4) + 20) % 22));
          ^

tvm_kernels.cu(749): warning #177-D: variable "cse_v333" was declared but never referenced
      int cse_v333 = (((((((int)blockIdx.x) >> 7) * 262144) + ((((((int)threadIdx.x) * 2) + 65) / 11) * 2048)) + (di_0 * 2048)) + ((((int)blockIdx.x) & 127) * 16));
          ^

tvm_kernels.cu(750): warning #177-D: variable "cse_v376" was declared but never referenced
      int cse_v376 = ((((((((int)blockIdx.x) >> 7) * 262144) + ((((((int)threadIdx.x) * 2) + 65) / 11) * 2048)) + (di_0 * 2048)) + ((((int)blockIdx.x) & 127) * 16)) + (((((int)threadIdx.x) * 4) + 20) % 22));
          ^

tvm_kernels.cu(758): warning #177-D: variable "cse_v281" was declared but never referenced
      int cse_v281 = (((((int)threadIdx.x) * 4) + 21) % 22);
          ^

tvm_kernels.cu(759): warning #177-D: variable "cse_v306" was declared but never referenced
      int cse_v306 = (((((int)blockIdx.x) & 127) * 16) + (((((int)threadIdx.x) * 4) + 21) % 22));
          ^

tvm_kernels.cu(760): warning #177-D: variable "cse_v377" was declared but never referenced
      int cse_v377 = ((((((((int)blockIdx.x) >> 7) * 262144) + ((((((int)threadIdx.x) * 2) + 65) / 11) * 2048)) + (di_0 * 2048)) + ((((int)blockIdx.x) & 127) * 16)) + (((((int)threadIdx.x) * 4) + 21) % 22));
          ^

tvm_kernels.cu(768): warning #177-D: variable "cse_v282" was declared but never referenced
      int cse_v282 = (((((int)threadIdx.x) * 4) + 14) % 22);
          ^

tvm_kernels.cu(769): warning #177-D: variable "cse_v307" was declared but never referenced
      int cse_v307 = (((((int)blockIdx.x) & 127) * 16) + (((((int)threadIdx.x) * 4) + 14) % 22));
          ^

tvm_kernels.cu(770): warning #177-D: variable "cse_v334" was declared but never referenced
      int cse_v334 = (((((((int)blockIdx.x) >> 7) * 262144) + ((((((int)threadIdx.x) * 2) + 128) / 11) * 2048)) + (di_0 * 2048)) + ((((int)blockIdx.x) & 127) * 16));
          ^

tvm_kernels.cu(771): warning #177-D: variable "cse_v378" was declared but never referenced
      int cse_v378 = ((((((((int)blockIdx.x) >> 7) * 262144) + ((((((int)threadIdx.x) * 2) + 128) / 11) * 2048)) + (di_0 * 2048)) + ((((int)blockIdx.x) & 127) * 16)) + (((((int)threadIdx.x) * 4) + 14) % 22));
          ^

tvm_kernels.cu(779): warning #177-D: variable "cse_v283" was declared but never referenced
      int cse_v283 = (((((int)threadIdx.x) * 4) + 15) % 22);
          ^

tvm_kernels.cu(780): warning #177-D: variable "cse_v308" was declared but never referenced
      int cse_v308 = (((((int)blockIdx.x) & 127) * 16) + (((((int)threadIdx.x) * 4) + 15) % 22));
          ^

tvm_kernels.cu(781): warning #177-D: variable "cse_v379" was declared but never referenced
      int cse_v379 = ((((((((int)blockIdx.x) >> 7) * 262144) + ((((((int)threadIdx.x) * 2) + 128) / 11) * 2048)) + (di_0 * 2048)) + ((((int)blockIdx.x) & 127) * 16)) + (((((int)threadIdx.x) * 4) + 15) % 22));
          ^

tvm_kernels.cu(789): warning #177-D: variable "cse_v284" was declared but never referenced
      int cse_v284 = (((((int)threadIdx.x) * 4) + 16) % 22);
          ^

tvm_kernels.cu(790): warning #177-D: variable "cse_v309" was declared but never referenced
      int cse_v309 = (((((int)blockIdx.x) & 127) * 16) + (((((int)threadIdx.x) * 4) + 16) % 22));
          ^

tvm_kernels.cu(791): warning #177-D: variable "cse_v335" was declared but never referenced
      int cse_v335 = (((((((int)blockIdx.x) >> 7) * 262144) + ((((((int)threadIdx.x) * 2) + 129) / 11) * 2048)) + (di_0 * 2048)) + ((((int)blockIdx.x) & 127) * 16));
          ^

tvm_kernels.cu(792): warning #177-D: variable "cse_v380" was declared but never referenced
      int cse_v380 = ((((((((int)blockIdx.x) >> 7) * 262144) + ((((((int)threadIdx.x) * 2) + 129) / 11) * 2048)) + (di_0 * 2048)) + ((((int)blockIdx.x) & 127) * 16)) + (((((int)threadIdx.x) * 4) + 16) % 22));
          ^

tvm_kernels.cu(800): warning #177-D: variable "cse_v285" was declared but never referenced
      int cse_v285 = (((((int)threadIdx.x) * 4) + 17) % 22);
          ^

tvm_kernels.cu(801): warning #177-D: variable "cse_v310" was declared but never referenced
      int cse_v310 = (((((int)blockIdx.x) & 127) * 16) + (((((int)threadIdx.x) * 4) + 17) % 22));
          ^

tvm_kernels.cu(802): warning #177-D: variable "cse_v381" was declared but never referenced
      int cse_v381 = ((((((((int)blockIdx.x) >> 7) * 262144) + ((((((int)threadIdx.x) * 2) + 129) / 11) * 2048)) + (di_0 * 2048)) + ((((int)blockIdx.x) & 127) * 16)) + (((((int)threadIdx.x) * 4) + 17) % 22));
          ^

tvm_kernels.cu(810): warning #177-D: variable "cse_v286" was declared but never referenced
      int cse_v286 = (((((int)threadIdx.x) * 4) + 10) % 22);
          ^

tvm_kernels.cu(811): warning #177-D: variable "cse_v311" was declared but never referenced
      int cse_v311 = (((((int)blockIdx.x) & 127) * 16) + (((((int)threadIdx.x) * 4) + 10) % 22));
          ^

tvm_kernels.cu(812): warning #177-D: variable "cse_v336" was declared but never referenced
      int cse_v336 = (((((((int)blockIdx.x) >> 7) * 262144) + ((((((int)threadIdx.x) * 2) + 192) / 11) * 2048)) + (di_0 * 2048)) + ((((int)blockIdx.x) & 127) * 16));
          ^

tvm_kernels.cu(813): warning #177-D: variable "cse_v382" was declared but never referenced
      int cse_v382 = ((((((((int)blockIdx.x) >> 7) * 262144) + ((((((int)threadIdx.x) * 2) + 192) / 11) * 2048)) + (di_0 * 2048)) + ((((int)blockIdx.x) & 127) * 16)) + (((((int)threadIdx.x) * 4) + 10) % 22));
          ^

tvm_kernels.cu(821): warning #177-D: variable "cse_v287" was declared but never referenced
      int cse_v287 = (((((int)threadIdx.x) * 4) + 11) % 22);
          ^

tvm_kernels.cu(822): warning #177-D: variable "cse_v312" was declared but never referenced
      int cse_v312 = (((((int)blockIdx.x) & 127) * 16) + (((((int)threadIdx.x) * 4) + 11) % 22));
          ^

tvm_kernels.cu(823): warning #177-D: variable "cse_v383" was declared but never referenced
      int cse_v383 = ((((((((int)blockIdx.x) >> 7) * 262144) + ((((((int)threadIdx.x) * 2) + 192) / 11) * 2048)) + (di_0 * 2048)) + ((((int)blockIdx.x) & 127) * 16)) + (((((int)threadIdx.x) * 4) + 11) % 22));
          ^

tvm_kernels.cu(831): warning #177-D: variable "cse_v288" was declared but never referenced
      int cse_v288 = (((((int)threadIdx.x) * 4) + 12) % 22);
          ^

tvm_kernels.cu(832): warning #177-D: variable "cse_v313" was declared but never referenced
      int cse_v313 = (((((int)blockIdx.x) & 127) * 16) + (((((int)threadIdx.x) * 4) + 12) % 22));
          ^

tvm_kernels.cu(833): warning #177-D: variable "cse_v337" was declared but never referenced
      int cse_v337 = (((((((int)blockIdx.x) >> 7) * 262144) + ((((((int)threadIdx.x) * 2) + 193) / 11) * 2048)) + (di_0 * 2048)) + ((((int)blockIdx.x) & 127) * 16));
          ^

tvm_kernels.cu(834): warning #177-D: variable "cse_v384" was declared but never referenced
      int cse_v384 = ((((((((int)blockIdx.x) >> 7) * 262144) + ((((((int)threadIdx.x) * 2) + 193) / 11) * 2048)) + (di_0 * 2048)) + ((((int)blockIdx.x) & 127) * 16)) + (((((int)threadIdx.x) * 4) + 12) % 22));
          ^

tvm_kernels.cu(842): warning #177-D: variable "cse_v289" was declared but never referenced
      int cse_v289 = (((((int)threadIdx.x) * 4) + 13) % 22);
          ^

tvm_kernels.cu(843): warning #177-D: variable "cse_v314" was declared but never referenced
      int cse_v314 = (((((int)blockIdx.x) & 127) * 16) + (((((int)threadIdx.x) * 4) + 13) % 22));
          ^

tvm_kernels.cu(844): warning #177-D: variable "cse_v385" was declared but never referenced
      int cse_v385 = ((((((((int)blockIdx.x) >> 7) * 262144) + ((((((int)threadIdx.x) * 2) + 193) / 11) * 2048)) + (di_0 * 2048)) + ((((int)blockIdx.x) & 127) * 16)) + (((((int)threadIdx.x) * 4) + 13) % 22));
          ^

tvm_kernels.cu(852): warning #177-D: variable "cse_v290" was declared but never referenced
      int cse_v290 = (((((int)threadIdx.x) * 4) + 6) % 22);
          ^

tvm_kernels.cu(853): warning #177-D: variable "cse_v315" was declared but never referenced
      int cse_v315 = (((((int)blockIdx.x) & 127) * 16) + (((((int)threadIdx.x) * 4) + 6) % 22));
          ^

tvm_kernels.cu(854): warning #177-D: variable "cse_v338" was declared but never referenced
      int cse_v338 = (((((((int)blockIdx.x) >> 7) * 262144) + ((((((int)threadIdx.x) * 2) + 256) / 11) * 2048)) + (di_0 * 2048)) + ((((int)blockIdx.x) & 127) * 16));
          ^

tvm_kernels.cu(855): warning #177-D: variable "cse_v386" was declared but never referenced
      int cse_v386 = ((((((((int)blockIdx.x) >> 7) * 262144) + ((((((int)threadIdx.x) * 2) + 256) / 11) * 2048)) + (di_0 * 2048)) + ((((int)blockIdx.x) & 127) * 16)) + (((((int)threadIdx.x) * 4) + 6) % 22));
          ^

tvm_kernels.cu(863): warning #177-D: variable "cse_v291" was declared but never referenced
      int cse_v291 = (((((int)threadIdx.x) * 4) + 7) % 22);
          ^

tvm_kernels.cu(864): warning #177-D: variable "cse_v316" was declared but never referenced
      int cse_v316 = (((((int)blockIdx.x) & 127) * 16) + (((((int)threadIdx.x) * 4) + 7) % 22));
          ^

tvm_kernels.cu(865): warning #177-D: variable "cse_v387" was declared but never referenced
      int cse_v387 = ((((((((int)blockIdx.x) >> 7) * 262144) + ((((((int)threadIdx.x) * 2) + 256) / 11) * 2048)) + (di_0 * 2048)) + ((((int)blockIdx.x) & 127) * 16)) + (((((int)threadIdx.x) * 4) + 7) % 22));
          ^

tvm_kernels.cu(873): warning #177-D: variable "cse_v292" was declared but never referenced
      int cse_v292 = (((((int)threadIdx.x) * 4) + 8) % 22);
          ^

tvm_kernels.cu(874): warning #177-D: variable "cse_v317" was declared but never referenced
      int cse_v317 = (((((int)blockIdx.x) & 127) * 16) + (((((int)threadIdx.x) * 4) + 8) % 22));
          ^

tvm_kernels.cu(875): warning #177-D: variable "cse_v339" was declared but never referenced
      int cse_v339 = (((((((int)blockIdx.x) >> 7) * 262144) + ((((((int)threadIdx.x) * 2) + 257) / 11) * 2048)) + (di_0 * 2048)) + ((((int)blockIdx.x) & 127) * 16));
          ^

tvm_kernels.cu(876): warning #177-D: variable "cse_v388" was declared but never referenced
      int cse_v388 = ((((((((int)blockIdx.x) >> 7) * 262144) + ((((((int)threadIdx.x) * 2) + 257) / 11) * 2048)) + (di_0 * 2048)) + ((((int)blockIdx.x) & 127) * 16)) + (((((int)threadIdx.x) * 4) + 8) % 22));
          ^

tvm_kernels.cu(884): warning #177-D: variable "cse_v293" was declared but never referenced
      int cse_v293 = (((((int)threadIdx.x) * 4) + 9) % 22);
          ^

tvm_kernels.cu(885): warning #177-D: variable "cse_v318" was declared but never referenced
      int cse_v318 = (((((int)blockIdx.x) & 127) * 16) + (((((int)threadIdx.x) * 4) + 9) % 22));
          ^

tvm_kernels.cu(886): warning #177-D: variable "cse_v389" was declared but never referenced
      int cse_v389 = ((((((((int)blockIdx.x) >> 7) * 262144) + ((((((int)threadIdx.x) * 2) + 257) / 11) * 2048)) + (di_0 * 2048)) + ((((int)blockIdx.x) & 127) * 16)) + (((((int)threadIdx.x) * 4) + 9) % 22));
          ^

tvm_kernels.cu(894): warning #177-D: variable "cse_v340" was declared but never referenced
      int cse_v340 = (((((((int)blockIdx.x) >> 7) * 262144) + ((((((int)threadIdx.x) * 2) + 320) / 11) * 2048)) + (di_0 * 2048)) + ((((int)blockIdx.x) & 127) * 16));
          ^

tvm_kernels.cu(895): warning #177-D: variable "cse_v390" was declared but never referenced
      int cse_v390 = ((((((((int)blockIdx.x) >> 7) * 262144) + ((((((int)threadIdx.x) * 2) + 320) / 11) * 2048)) + (di_0 * 2048)) + ((((int)blockIdx.x) & 127) * 16)) + (((((int)threadIdx.x) * 4) + 2) % 22));
          ^

tvm_kernels.cu(903): warning #177-D: variable "cse_v391" was declared but never referenced
      int cse_v391 = ((((((((int)blockIdx.x) >> 7) * 262144) + ((((((int)threadIdx.x) * 2) + 320) / 11) * 2048)) + (di_0 * 2048)) + ((((int)blockIdx.x) & 127) * 16)) + (((((int)threadIdx.x) * 4) + 3) % 22));
          ^

tvm_kernels.cu(911): warning #177-D: variable "cse_v294" was declared but never referenced
      int cse_v294 = (((((int)threadIdx.x) * 4) + 4) % 22);
          ^

tvm_kernels.cu(912): warning #177-D: variable "cse_v319" was declared but never referenced
      int cse_v319 = (((((int)blockIdx.x) & 127) * 16) + (((((int)threadIdx.x) * 4) + 4) % 22));
          ^

tvm_kernels.cu(913): warning #177-D: variable "cse_v341" was declared but never referenced
      int cse_v341 = (((((((int)blockIdx.x) >> 7) * 262144) + ((((((int)threadIdx.x) * 2) + 321) / 11) * 2048)) + (di_0 * 2048)) + ((((int)blockIdx.x) & 127) * 16));
          ^

tvm_kernels.cu(914): warning #177-D: variable "cse_v392" was declared but never referenced
      int cse_v392 = ((((((((int)blockIdx.x) >> 7) * 262144) + ((((((int)threadIdx.x) * 2) + 321) / 11) * 2048)) + (di_0 * 2048)) + ((((int)blockIdx.x) & 127) * 16)) + (((((int)threadIdx.x) * 4) + 4) % 22));
          ^

tvm_kernels.cu(922): warning #177-D: variable "cse_v295" was declared but never referenced
      int cse_v295 = (((((int)threadIdx.x) * 4) + 5) % 22);
          ^

tvm_kernels.cu(923): warning #177-D: variable "cse_v320" was declared but never referenced
      int cse_v320 = (((((int)blockIdx.x) & 127) * 16) + (((((int)threadIdx.x) * 4) + 5) % 22));
          ^

tvm_kernels.cu(924): warning #177-D: variable "cse_v393" was declared but never referenced
      int cse_v393 = ((((((((int)blockIdx.x) >> 7) * 262144) + ((((((int)threadIdx.x) * 2) + 321) / 11) * 2048)) + (di_0 * 2048)) + ((((int)blockIdx.x) & 127) * 16)) + (((((int)threadIdx.x) * 4) + 5) % 22));
          ^

tvm_kernels.cu(932): warning #177-D: variable "cse_v342" was declared but never referenced
      int cse_v342 = (((((((int)blockIdx.x) >> 7) * 262144) + ((((((int)threadIdx.x) * 2) + 384) / 11) * 2048)) + (di_0 * 2048)) + ((((int)blockIdx.x) & 127) * 16));
          ^

tvm_kernels.cu(933): warning #177-D: variable "cse_v394" was declared but never referenced
      int cse_v394 = ((((((((int)blockIdx.x) >> 7) * 262144) + ((((((int)threadIdx.x) * 2) + 384) / 11) * 2048)) + (di_0 * 2048)) + ((((int)blockIdx.x) & 127) * 16)) + (((((int)threadIdx.x) * 4) + 20) % 22));
          ^

tvm_kernels.cu(941): warning #177-D: variable "cse_v395" was declared but never referenced
      int cse_v395 = ((((((((int)blockIdx.x) >> 7) * 262144) + ((((((int)threadIdx.x) * 2) + 384) / 11) * 2048)) + (di_0 * 2048)) + ((((int)blockIdx.x) & 127) * 16)) + (((((int)threadIdx.x) * 4) + 21) % 22));
          ^

tvm_kernels.cu(963): warning #177-D: variable "cse_v343" was declared but never referenced
      int cse_v343 = (((((((int)blockIdx.x) >> 7) * 262144) + ((((((int)threadIdx.x) * 2) + 448) / 11) * 2048)) + (di_0 * 2048)) + ((((int)blockIdx.x) & 127) * 16));
          ^

tvm_kernels.cu(964): warning #177-D: variable "cse_v396" was declared but never referenced
      int cse_v396 = ((((((((int)blockIdx.x) >> 7) * 262144) + ((((((int)threadIdx.x) * 2) + 448) / 11) * 2048)) + (di_0 * 2048)) + ((((int)blockIdx.x) & 127) * 16)) + (((((int)threadIdx.x) * 4) + 16) % 22));
          ^

tvm_kernels.cu(972): warning #177-D: variable "cse_v397" was declared but never referenced
      int cse_v397 = ((((((((int)blockIdx.x) >> 7) * 262144) + ((((((int)threadIdx.x) * 2) + 448) / 11) * 2048)) + (di_0 * 2048)) + ((((int)blockIdx.x) & 127) * 16)) + (((((int)threadIdx.x) * 4) + 17) % 22));
          ^

tvm_kernels.cu(980): warning #177-D: variable "cse_v344" was declared but never referenced
      int cse_v344 = (((((((int)blockIdx.x) >> 7) * 262144) + ((((((int)threadIdx.x) * 2) + 449) / 11) * 2048)) + (di_0 * 2048)) + ((((int)blockIdx.x) & 127) * 16));
          ^

tvm_kernels.cu(981): warning #177-D: variable "cse_v398" was declared but never referenced
      int cse_v398 = ((((((((int)blockIdx.x) >> 7) * 262144) + ((((((int)threadIdx.x) * 2) + 449) / 11) * 2048)) + (di_0 * 2048)) + ((((int)blockIdx.x) & 127) * 16)) + (((((int)threadIdx.x) * 4) + 18) % 22));
          ^

tvm_kernels.cu(989): warning #177-D: variable "cse_v399" was declared but never referenced
      int cse_v399 = ((((((((int)blockIdx.x) >> 7) * 262144) + ((((((int)threadIdx.x) * 2) + 449) / 11) * 2048)) + (di_0 * 2048)) + ((((int)blockIdx.x) & 127) * 16)) + (((((int)threadIdx.x) * 4) + 19) % 22));
          ^

tvm_kernels.cu(997): warning #177-D: variable "cse_v345" was declared but never referenced
      int cse_v345 = (((((((int)blockIdx.x) >> 7) * 262144) + ((((((int)threadIdx.x) * 2) + 512) / 11) * 2048)) + (di_0 * 2048)) + ((((int)blockIdx.x) & 127) * 16));
          ^

tvm_kernels.cu(998): warning #177-D: variable "cse_v400" was declared but never referenced
      int cse_v400 = ((((((((int)blockIdx.x) >> 7) * 262144) + ((((((int)threadIdx.x) * 2) + 512) / 11) * 2048)) + (di_0 * 2048)) + ((((int)blockIdx.x) & 127) * 16)) + (((((int)threadIdx.x) * 4) + 12) % 22));
          ^

tvm_kernels.cu(1006): warning #177-D: variable "cse_v401" was declared but never referenced
      int cse_v401 = ((((((((int)blockIdx.x) >> 7) * 262144) + ((((((int)threadIdx.x) * 2) + 512) / 11) * 2048)) + (di_0 * 2048)) + ((((int)blockIdx.x) & 127) * 16)) + (((((int)threadIdx.x) * 4) + 13) % 22));
          ^

tvm_kernels.cu(1014): warning #177-D: variable "cse_v346" was declared but never referenced
      int cse_v346 = (((((((int)blockIdx.x) >> 7) * 262144) + ((((((int)threadIdx.x) * 2) + 513) / 11) * 2048)) + (di_0 * 2048)) + ((((int)blockIdx.x) & 127) * 16));
          ^

tvm_kernels.cu(1015): warning #177-D: variable "cse_v402" was declared but never referenced
      int cse_v402 = ((((((((int)blockIdx.x) >> 7) * 262144) + ((((((int)threadIdx.x) * 2) + 513) / 11) * 2048)) + (di_0 * 2048)) + ((((int)blockIdx.x) & 127) * 16)) + (((((int)threadIdx.x) * 4) + 14) % 22));
          ^

tvm_kernels.cu(1023): warning #177-D: variable "cse_v403" was declared but never referenced
      int cse_v403 = ((((((((int)blockIdx.x) >> 7) * 262144) + ((((((int)threadIdx.x) * 2) + 513) / 11) * 2048)) + (di_0 * 2048)) + ((((int)blockIdx.x) & 127) * 16)) + (((((int)threadIdx.x) * 4) + 15) % 22));
          ^

tvm_kernels.cu(1031): warning #177-D: variable "cse_v347" was declared but never referenced
      int cse_v347 = (((((((int)blockIdx.x) >> 7) * 262144) + ((((((int)threadIdx.x) * 2) + 576) / 11) * 2048)) + (di_0 * 2048)) + ((((int)blockIdx.x) & 127) * 16));
          ^

tvm_kernels.cu(1032): warning #177-D: variable "cse_v404" was declared but never referenced
      int cse_v404 = ((((((((int)blockIdx.x) >> 7) * 262144) + ((((((int)threadIdx.x) * 2) + 576) / 11) * 2048)) + (di_0 * 2048)) + ((((int)blockIdx.x) & 127) * 16)) + (((((int)threadIdx.x) * 4) + 8) % 22));
          ^

tvm_kernels.cu(1040): warning #177-D: variable "cse_v405" was declared but never referenced
      int cse_v405 = ((((((((int)blockIdx.x) >> 7) * 262144) + ((((((int)threadIdx.x) * 2) + 576) / 11) * 2048)) + (di_0 * 2048)) + ((((int)blockIdx.x) & 127) * 16)) + (((((int)threadIdx.x) * 4) + 9) % 22));
          ^

tvm_kernels.cu(1048): warning #177-D: variable "cse_v348" was declared but never referenced
      int cse_v348 = (((((((int)blockIdx.x) >> 7) * 262144) + ((((((int)threadIdx.x) * 2) + 577) / 11) * 2048)) + (di_0 * 2048)) + ((((int)blockIdx.x) & 127) * 16));
          ^

tvm_kernels.cu(1049): warning #177-D: variable "cse_v406" was declared but never referenced
      int cse_v406 = ((((((((int)blockIdx.x) >> 7) * 262144) + ((((((int)threadIdx.x) * 2) + 577) / 11) * 2048)) + (di_0 * 2048)) + ((((int)blockIdx.x) & 127) * 16)) + (((((int)threadIdx.x) * 4) + 10) % 22));
          ^

tvm_kernels.cu(1057): warning #177-D: variable "cse_v407" was declared but never referenced
      int cse_v407 = ((((((((int)blockIdx.x) >> 7) * 262144) + ((((((int)threadIdx.x) * 2) + 577) / 11) * 2048)) + (di_0 * 2048)) + ((((int)blockIdx.x) & 127) * 16)) + (((((int)threadIdx.x) * 4) + 11) % 22));
          ^

tvm_kernels.cu(1065): warning #177-D: variable "cse_v349" was declared but never referenced
      int cse_v349 = (((((((int)blockIdx.x) >> 7) * 262144) + ((((((int)threadIdx.x) * 2) + 640) / 11) * 2048)) + (di_0 * 2048)) + ((((int)blockIdx.x) & 127) * 16));
          ^

tvm_kernels.cu(1066): warning #177-D: variable "cse_v408" was declared but never referenced
      int cse_v408 = ((((((((int)blockIdx.x) >> 7) * 262144) + ((((((int)threadIdx.x) * 2) + 640) / 11) * 2048)) + (di_0 * 2048)) + ((((int)blockIdx.x) & 127) * 16)) + (((((int)threadIdx.x) * 4) + 4) % 22));
          ^

tvm_kernels.cu(1074): warning #177-D: variable "cse_v409" was declared but never referenced
      int cse_v409 = ((((((((int)blockIdx.x) >> 7) * 262144) + ((((((int)threadIdx.x) * 2) + 640) / 11) * 2048)) + (di_0 * 2048)) + ((((int)blockIdx.x) & 127) * 16)) + (((((int)threadIdx.x) * 4) + 5) % 22));
          ^

tvm_kernels.cu(1082): warning #177-D: variable "cse_v350" was declared but never referenced
      int cse_v350 = (((((((int)blockIdx.x) >> 7) * 262144) + ((((((int)threadIdx.x) * 2) + 641) / 11) * 2048)) + (di_0 * 2048)) + ((((int)blockIdx.x) & 127) * 16));
          ^

tvm_kernels.cu(1083): warning #177-D: variable "cse_v410" was declared but never referenced
      int cse_v410 = ((((((((int)blockIdx.x) >> 7) * 262144) + ((((((int)threadIdx.x) * 2) + 641) / 11) * 2048)) + (di_0 * 2048)) + ((((int)blockIdx.x) & 127) * 16)) + (((((int)threadIdx.x) * 4) + 6) % 22));
          ^

tvm_kernels.cu(1091): warning #177-D: variable "cse_v411" was declared but never referenced
      int cse_v411 = ((((((((int)blockIdx.x) >> 7) * 262144) + ((((((int)threadIdx.x) * 2) + 641) / 11) * 2048)) + (di_0 * 2048)) + ((((int)blockIdx.x) & 127) * 16)) + (((((int)threadIdx.x) * 4) + 7) % 22));
          ^

tvm_kernels.cu(1113): warning #177-D: variable "cse_v351" was declared but never referenced
      int cse_v351 = (((((((int)blockIdx.x) >> 7) * 262144) + ((((((int)threadIdx.x) * 2) + 705) / 11) * 2048)) + (di_0 * 2048)) + ((((int)blockIdx.x) & 127) * 16));
          ^

tvm_kernels.cu(1114): warning #177-D: variable "cse_v412" was declared but never referenced
      int cse_v412 = ((((((((int)blockIdx.x) >> 7) * 262144) + ((((((int)threadIdx.x) * 2) + 705) / 11) * 2048)) + (di_0 * 2048)) + ((((int)blockIdx.x) & 127) * 16)) + (((((int)threadIdx.x) * 4) + 2) % 22));
          ^

tvm_kernels.cu(1122): warning #177-D: variable "cse_v413" was declared but never referenced
      int cse_v413 = ((((((((int)blockIdx.x) >> 7) * 262144) + ((((((int)threadIdx.x) * 2) + 705) / 11) * 2048)) + (di_0 * 2048)) + ((((int)blockIdx.x) & 127) * 16)) + (((((int)threadIdx.x) * 4) + 3) % 22));
          ^

tvm_kernels.cu(1130): warning #177-D: variable "cse_v352" was declared but never referenced
      int cse_v352 = (((((((int)blockIdx.x) >> 7) * 262144) + ((((((int)threadIdx.x) * 2) + 768) / 11) * 2048)) + (di_0 * 2048)) + ((((int)blockIdx.x) & 127) * 16));
          ^

tvm_kernels.cu(1131): warning #177-D: variable "cse_v414" was declared but never referenced
      int cse_v414 = ((((((((int)blockIdx.x) >> 7) * 262144) + ((((((int)threadIdx.x) * 2) + 768) / 11) * 2048)) + (di_0 * 2048)) + ((((int)blockIdx.x) & 127) * 16)) + (((((int)threadIdx.x) * 4) + 18) % 22));
          ^

tvm_kernels.cu(1139): warning #177-D: variable "cse_v415" was declared but never referenced
      int cse_v415 = ((((((((int)blockIdx.x) >> 7) * 262144) + ((((((int)threadIdx.x) * 2) + 768) / 11) * 2048)) + (di_0 * 2048)) + ((((int)blockIdx.x) & 127) * 16)) + (((((int)threadIdx.x) * 4) + 19) % 22));
          ^

tvm_kernels.cu(1147): warning #177-D: variable "cse_v353" was declared but never referenced
      int cse_v353 = (((((((int)blockIdx.x) >> 7) * 262144) + ((((((int)threadIdx.x) * 2) + 769) / 11) * 2048)) + (di_0 * 2048)) + ((((int)blockIdx.x) & 127) * 16));
          ^

tvm_kernels.cu(1148): warning #177-D: variable "cse_v416" was declared but never referenced
      int cse_v416 = ((((((((int)blockIdx.x) >> 7) * 262144) + ((((((int)threadIdx.x) * 2) + 769) / 11) * 2048)) + (di_0 * 2048)) + ((((int)blockIdx.x) & 127) * 16)) + (((((int)threadIdx.x) * 4) + 20) % 22));
          ^

tvm_kernels.cu(1156): warning #177-D: variable "cse_v417" was declared but never referenced
      int cse_v417 = ((((((((int)blockIdx.x) >> 7) * 262144) + ((((((int)threadIdx.x) * 2) + 769) / 11) * 2048)) + (di_0 * 2048)) + ((((int)blockIdx.x) & 127) * 16)) + (((((int)threadIdx.x) * 4) + 21) % 22));
          ^

tvm_kernels.cu(1164): warning #177-D: variable "cse_v354" was declared but never referenced
      int cse_v354 = (((((((int)blockIdx.x) >> 7) * 262144) + ((((((int)threadIdx.x) * 2) + 832) / 11) * 2048)) + (di_0 * 2048)) + ((((int)blockIdx.x) & 127) * 16));
          ^

tvm_kernels.cu(1165): warning #177-D: variable "cse_v418" was declared but never referenced
      int cse_v418 = ((((((((int)blockIdx.x) >> 7) * 262144) + ((((((int)threadIdx.x) * 2) + 832) / 11) * 2048)) + (di_0 * 2048)) + ((((int)blockIdx.x) & 127) * 16)) + (((((int)threadIdx.x) * 4) + 14) % 22));
          ^

tvm_kernels.cu(1173): warning #177-D: variable "cse_v419" was declared but never referenced
      int cse_v419 = ((((((((int)blockIdx.x) >> 7) * 262144) + ((((((int)threadIdx.x) * 2) + 832) / 11) * 2048)) + (di_0 * 2048)) + ((((int)blockIdx.x) & 127) * 16)) + (((((int)threadIdx.x) * 4) + 15) % 22));
          ^

tvm_kernels.cu(1181): warning #177-D: variable "cse_v355" was declared but never referenced
      int cse_v355 = (((((((int)blockIdx.x) >> 7) * 262144) + ((((((int)threadIdx.x) * 2) + 833) / 11) * 2048)) + (di_0 * 2048)) + ((((int)blockIdx.x) & 127) * 16));
          ^

tvm_kernels.cu(1182): warning #177-D: variable "cse_v420" was declared but never referenced
      int cse_v420 = ((((((((int)blockIdx.x) >> 7) * 262144) + ((((((int)threadIdx.x) * 2) + 833) / 11) * 2048)) + (di_0 * 2048)) + ((((int)blockIdx.x) & 127) * 16)) + (((((int)threadIdx.x) * 4) + 16) % 22));
          ^

tvm_kernels.cu(1190): warning #177-D: variable "cse_v421" was declared but never referenced
      int cse_v421 = ((((((((int)blockIdx.x) >> 7) * 262144) + ((((((int)threadIdx.x) * 2) + 833) / 11) * 2048)) + (di_0 * 2048)) + ((((int)blockIdx.x) & 127) * 16)) + (((((int)threadIdx.x) * 4) + 17) % 22));
          ^

tvm_kernels.cu(1198): warning #177-D: variable "cse_v356" was declared but never referenced
      int cse_v356 = (((((((int)blockIdx.x) >> 7) * 262144) + ((((((int)threadIdx.x) * 2) + 896) / 11) * 2048)) + (di_0 * 2048)) + ((((int)blockIdx.x) & 127) * 16));
          ^

tvm_kernels.cu(1199): warning #177-D: variable "cse_v422" was declared but never referenced
      int cse_v422 = ((((((((int)blockIdx.x) >> 7) * 262144) + ((((((int)threadIdx.x) * 2) + 896) / 11) * 2048)) + (di_0 * 2048)) + ((((int)blockIdx.x) & 127) * 16)) + (((((int)threadIdx.x) * 4) + 10) % 22));
          ^

tvm_kernels.cu(1207): warning #177-D: variable "cse_v423" was declared but never referenced
      int cse_v423 = ((((((((int)blockIdx.x) >> 7) * 262144) + ((((((int)threadIdx.x) * 2) + 896) / 11) * 2048)) + (di_0 * 2048)) + ((((int)blockIdx.x) & 127) * 16)) + (((((int)threadIdx.x) * 4) + 11) % 22));
          ^

tvm_kernels.cu(1215): warning #177-D: variable "cse_v357" was declared but never referenced
      int cse_v357 = (((((((int)blockIdx.x) >> 7) * 262144) + ((((((int)threadIdx.x) * 2) + 897) / 11) * 2048)) + (di_0 * 2048)) + ((((int)blockIdx.x) & 127) * 16));
          ^

tvm_kernels.cu(1216): warning #177-D: variable "cse_v424" was declared but never referenced
      int cse_v424 = ((((((((int)blockIdx.x) >> 7) * 262144) + ((((((int)threadIdx.x) * 2) + 897) / 11) * 2048)) + (di_0 * 2048)) + ((((int)blockIdx.x) & 127) * 16)) + (((((int)threadIdx.x) * 4) + 12) % 22));
          ^

tvm_kernels.cu(1224): warning #177-D: variable "cse_v425" was declared but never referenced
      int cse_v425 = ((((((((int)blockIdx.x) >> 7) * 262144) + ((((((int)threadIdx.x) * 2) + 897) / 11) * 2048)) + (di_0 * 2048)) + ((((int)blockIdx.x) & 127) * 16)) + (((((int)threadIdx.x) * 4) + 13) % 22));
          ^

tvm_kernels.cu(1232): warning #177-D: variable "cse_v358" was declared but never referenced
      int cse_v358 = (((((((int)blockIdx.x) >> 7) * 262144) + ((((((int)threadIdx.x) * 2) + 960) / 11) * 2048)) + (di_0 * 2048)) + ((((int)blockIdx.x) & 127) * 16));
          ^

tvm_kernels.cu(1233): warning #177-D: variable "cse_v426" was declared but never referenced
      int cse_v426 = ((((((((int)blockIdx.x) >> 7) * 262144) + ((((((int)threadIdx.x) * 2) + 960) / 11) * 2048)) + (di_0 * 2048)) + ((((int)blockIdx.x) & 127) * 16)) + (((((int)threadIdx.x) * 4) + 6) % 22));
          ^

tvm_kernels.cu(1241): warning #177-D: variable "cse_v427" was declared but never referenced
      int cse_v427 = ((((((((int)blockIdx.x) >> 7) * 262144) + ((((((int)threadIdx.x) * 2) + 960) / 11) * 2048)) + (di_0 * 2048)) + ((((int)blockIdx.x) & 127) * 16)) + (((((int)threadIdx.x) * 4) + 7) % 22));
          ^

tvm_kernels.cu(1249): warning #177-D: variable "cse_v359" was declared but never referenced
      int cse_v359 = (((((((int)blockIdx.x) >> 7) * 262144) + ((((((int)threadIdx.x) * 2) + 961) / 11) * 2048)) + (di_0 * 2048)) + ((((int)blockIdx.x) & 127) * 16));
          ^

tvm_kernels.cu(1250): warning #177-D: variable "cse_v428" was declared but never referenced
      int cse_v428 = ((((((((int)blockIdx.x) >> 7) * 262144) + ((((((int)threadIdx.x) * 2) + 961) / 11) * 2048)) + (di_0 * 2048)) + ((((int)blockIdx.x) & 127) * 16)) + (((((int)threadIdx.x) * 4) + 8) % 22));
          ^

tvm_kernels.cu(1258): warning #177-D: variable "cse_v429" was declared but never referenced
      int cse_v429 = ((((((((int)blockIdx.x) >> 7) * 262144) + ((((((int)threadIdx.x) * 2) + 961) / 11) * 2048)) + (di_0 * 2048)) + ((((int)blockIdx.x) & 127) * 16)) + (((((int)threadIdx.x) * 4) + 9) % 22));
          ^

tvm_kernels.cu(1266): warning #177-D: variable "cse_v360" was declared but never referenced
      int cse_v360 = (((((((int)blockIdx.x) >> 7) * 262144) + ((((((int)threadIdx.x) * 2) + 1024) / 11) * 2048)) + (di_0 * 2048)) + ((((int)blockIdx.x) & 127) * 16));
          ^

tvm_kernels.cu(1267): warning #177-D: variable "cse_v430" was declared but never referenced
      int cse_v430 = ((((((((int)blockIdx.x) >> 7) * 262144) + ((((((int)threadIdx.x) * 2) + 1024) / 11) * 2048)) + (di_0 * 2048)) + ((((int)blockIdx.x) & 127) * 16)) + (((((int)threadIdx.x) * 4) + 2) % 22));
          ^

tvm_kernels.cu(1275): warning #177-D: variable "cse_v431" was declared but never referenced
      int cse_v431 = ((((((((int)blockIdx.x) >> 7) * 262144) + ((((((int)threadIdx.x) * 2) + 1024) / 11) * 2048)) + (di_0 * 2048)) + ((((int)blockIdx.x) & 127) * 16)) + (((((int)threadIdx.x) * 4) + 3) % 22));
          ^

tvm_kernels.cu(1283): warning #177-D: variable "cse_v361" was declared but never referenced
      int cse_v361 = (((((((int)blockIdx.x) >> 7) * 262144) + ((((((int)threadIdx.x) * 2) + 1025) / 11) * 2048)) + (di_0 * 2048)) + ((((int)blockIdx.x) & 127) * 16));
          ^

tvm_kernels.cu(1284): warning #177-D: variable "cse_v432" was declared but never referenced
      int cse_v432 = ((((((((int)blockIdx.x) >> 7) * 262144) + ((((((int)threadIdx.x) * 2) + 1025) / 11) * 2048)) + (di_0 * 2048)) + ((((int)blockIdx.x) & 127) * 16)) + (((((int)threadIdx.x) * 4) + 4) % 22));
          ^

tvm_kernels.cu(1292): warning #177-D: variable "cse_v433" was declared but never referenced
      int cse_v433 = ((((((((int)blockIdx.x) >> 7) * 262144) + ((((((int)threadIdx.x) * 2) + 1025) / 11) * 2048)) + (di_0 * 2048)) + ((((int)blockIdx.x) & 127) * 16)) + (((((int)threadIdx.x) * 4) + 5) % 22));
          ^

tvm_kernels.cu(1300): warning #177-D: variable "cse_v362" was declared but never referenced
      int cse_v362 = (((((((int)blockIdx.x) >> 7) * 262144) + ((((((int)threadIdx.x) * 2) + 1088) / 11) * 2048)) + (di_0 * 2048)) + ((((int)blockIdx.x) & 127) * 16));
          ^

tvm_kernels.cu(1301): warning #177-D: variable "cse_v434" was declared but never referenced
      int cse_v434 = ((((((((int)blockIdx.x) >> 7) * 262144) + ((((((int)threadIdx.x) * 2) + 1088) / 11) * 2048)) + (di_0 * 2048)) + ((((int)blockIdx.x) & 127) * 16)) + (((((int)threadIdx.x) * 4) + 20) % 22));
          ^

tvm_kernels.cu(1309): warning #177-D: variable "cse_v435" was declared but never referenced
      int cse_v435 = ((((((((int)blockIdx.x) >> 7) * 262144) + ((((((int)threadIdx.x) * 2) + 1088) / 11) * 2048)) + (di_0 * 2048)) + ((((int)blockIdx.x) & 127) * 16)) + (((((int)threadIdx.x) * 4) + 21) % 22));
          ^

tvm_kernels.cu(1331): warning #177-D: variable "cse_v363" was declared but never referenced
      int cse_v363 = (((((((int)blockIdx.x) >> 7) * 262144) + ((((((int)threadIdx.x) * 2) + 1152) / 11) * 2048)) + (di_0 * 2048)) + ((((int)blockIdx.x) & 127) * 16));
          ^

tvm_kernels.cu(1332): warning #177-D: variable "cse_v436" was declared but never referenced
      int cse_v436 = ((((((((int)blockIdx.x) >> 7) * 262144) + ((((((int)threadIdx.x) * 2) + 1152) / 11) * 2048)) + (di_0 * 2048)) + ((((int)blockIdx.x) & 127) * 16)) + (((((int)threadIdx.x) * 4) + 16) % 22));
          ^

tvm_kernels.cu(1340): warning #177-D: variable "cse_v437" was declared but never referenced
      int cse_v437 = ((((((((int)blockIdx.x) >> 7) * 262144) + ((((((int)threadIdx.x) * 2) + 1152) / 11) * 2048)) + (di_0 * 2048)) + ((((int)blockIdx.x) & 127) * 16)) + (((((int)threadIdx.x) * 4) + 17) % 22));
          ^

tvm_kernels.cu(1348): warning #177-D: variable "cse_v364" was declared but never referenced
      int cse_v364 = (((((((int)blockIdx.x) >> 7) * 262144) + ((((((int)threadIdx.x) * 2) + 1153) / 11) * 2048)) + (di_0 * 2048)) + ((((int)blockIdx.x) & 127) * 16));
          ^

tvm_kernels.cu(1349): warning #177-D: variable "cse_v438" was declared but never referenced
      int cse_v438 = ((((((((int)blockIdx.x) >> 7) * 262144) + ((((((int)threadIdx.x) * 2) + 1153) / 11) * 2048)) + (di_0 * 2048)) + ((((int)blockIdx.x) & 127) * 16)) + (((((int)threadIdx.x) * 4) + 18) % 22));
          ^

tvm_kernels.cu(1357): warning #177-D: variable "cse_v439" was declared but never referenced
      int cse_v439 = ((((((((int)blockIdx.x) >> 7) * 262144) + ((((((int)threadIdx.x) * 2) + 1153) / 11) * 2048)) + (di_0 * 2048)) + ((((int)blockIdx.x) & 127) * 16)) + (((((int)threadIdx.x) * 4) + 19) % 22));
          ^

tvm_kernels.cu(1365): warning #177-D: variable "cse_v365" was declared but never referenced
      int cse_v365 = (((((((int)blockIdx.x) >> 7) * 262144) + ((((((int)threadIdx.x) * 2) + 1216) / 11) * 2048)) + (di_0 * 2048)) + ((((int)blockIdx.x) & 127) * 16));
          ^

tvm_kernels.cu(1366): warning #177-D: variable "cse_v440" was declared but never referenced
      int cse_v440 = ((((((((int)blockIdx.x) >> 7) * 262144) + ((((((int)threadIdx.x) * 2) + 1216) / 11) * 2048)) + (di_0 * 2048)) + ((((int)blockIdx.x) & 127) * 16)) + (((((int)threadIdx.x) * 4) + 12) % 22));
          ^

tvm_kernels.cu(1374): warning #177-D: variable "cse_v441" was declared but never referenced
      int cse_v441 = ((((((((int)blockIdx.x) >> 7) * 262144) + ((((((int)threadIdx.x) * 2) + 1216) / 11) * 2048)) + (di_0 * 2048)) + ((((int)blockIdx.x) & 127) * 16)) + (((((int)threadIdx.x) * 4) + 13) % 22));
          ^

tvm_kernels.cu(1382): warning #177-D: variable "cse_v366" was declared but never referenced
      int cse_v366 = (((((((int)blockIdx.x) >> 7) * 262144) + ((((((int)threadIdx.x) * 2) + 1217) / 11) * 2048)) + (di_0 * 2048)) + ((((int)blockIdx.x) & 127) * 16));
          ^

tvm_kernels.cu(1383): warning #177-D: variable "cse_v442" was declared but never referenced
      int cse_v442 = ((((((((int)blockIdx.x) >> 7) * 262144) + ((((((int)threadIdx.x) * 2) + 1217) / 11) * 2048)) + (di_0 * 2048)) + ((((int)blockIdx.x) & 127) * 16)) + (((((int)threadIdx.x) * 4) + 14) % 22));
          ^

tvm_kernels.cu(1391): warning #177-D: variable "cse_v443" was declared but never referenced
      int cse_v443 = ((((((((int)blockIdx.x) >> 7) * 262144) + ((((((int)threadIdx.x) * 2) + 1217) / 11) * 2048)) + (di_0 * 2048)) + ((((int)blockIdx.x) & 127) * 16)) + (((((int)threadIdx.x) * 4) + 15) % 22));
          ^

tvm_kernels.cu(1399): warning #177-D: variable "cse_v367" was declared but never referenced
      int cse_v367 = (((((((int)blockIdx.x) >> 7) * 262144) + ((((((int)threadIdx.x) * 2) + 1280) / 11) * 2048)) + (di_0 * 2048)) + ((((int)blockIdx.x) & 127) * 16));
          ^

tvm_kernels.cu(1400): warning #177-D: variable "cse_v444" was declared but never referenced
      int cse_v444 = ((((((((int)blockIdx.x) >> 7) * 262144) + ((((((int)threadIdx.x) * 2) + 1280) / 11) * 2048)) + (di_0 * 2048)) + ((((int)blockIdx.x) & 127) * 16)) + (((((int)threadIdx.x) * 4) + 8) % 22));
          ^

tvm_kernels.cu(1408): warning #177-D: variable "cse_v445" was declared but never referenced
      int cse_v445 = ((((((((int)blockIdx.x) >> 7) * 262144) + ((((((int)threadIdx.x) * 2) + 1280) / 11) * 2048)) + (di_0 * 2048)) + ((((int)blockIdx.x) & 127) * 16)) + (((((int)threadIdx.x) * 4) + 9) % 22));
          ^

tvm_kernels.cu(1416): warning #177-D: variable "cse_v368" was declared but never referenced
      int cse_v368 = (((((((int)blockIdx.x) >> 7) * 262144) + ((((((int)threadIdx.x) * 2) + 1281) / 11) * 2048)) + (di_0 * 2048)) + ((((int)blockIdx.x) & 127) * 16));
          ^

tvm_kernels.cu(1417): warning #177-D: variable "cse_v446" was declared but never referenced
      int cse_v446 = ((((((((int)blockIdx.x) >> 7) * 262144) + ((((((int)threadIdx.x) * 2) + 1281) / 11) * 2048)) + (di_0 * 2048)) + ((((int)blockIdx.x) & 127) * 16)) + (((((int)threadIdx.x) * 4) + 10) % 22));
          ^

tvm_kernels.cu(1425): warning #177-D: variable "cse_v447" was declared but never referenced
      int cse_v447 = ((((((((int)blockIdx.x) >> 7) * 262144) + ((((((int)threadIdx.x) * 2) + 1281) / 11) * 2048)) + (di_0 * 2048)) + ((((int)blockIdx.x) & 127) * 16)) + (((((int)threadIdx.x) * 4) + 11) % 22));
          ^

tvm_kernels.cu(1433): warning #177-D: variable "cse_v296" was declared but never referenced
      int cse_v296 = (((((int)threadIdx.x) * 2) + 1344) / 11);
          ^

tvm_kernels.cu(1434): warning #177-D: variable "cse_v325" was declared but never referenced
      int cse_v325 = ((((((int)blockIdx.x) >> 7) * 128) + (((((int)threadIdx.x) * 2) + 1344) / 11)) + di_0);
          ^

tvm_kernels.cu(1435): warning #177-D: variable "cse_v369" was declared but never referenced
      int cse_v369 = (((((((int)blockIdx.x) >> 7) * 262144) + ((((((int)threadIdx.x) * 2) + 1344) / 11) * 2048)) + (di_0 * 2048)) + ((((int)blockIdx.x) & 127) * 16));
          ^

tvm_kernels.cu(1436): warning #177-D: variable "cse_v448" was declared but never referenced
      int cse_v448 = ((((((((int)blockIdx.x) >> 7) * 262144) + ((((((int)threadIdx.x) * 2) + 1344) / 11) * 2048)) + (di_0 * 2048)) + ((((int)blockIdx.x) & 127) * 16)) + (((((int)threadIdx.x) * 4) + 4) % 22));
          ^

tvm_kernels.cu(1444): warning #177-D: variable "cse_v449" was declared but never referenced
      int cse_v449 = ((((((((int)blockIdx.x) >> 7) * 262144) + ((((((int)threadIdx.x) * 2) + 1344) / 11) * 2048)) + (di_0 * 2048)) + ((((int)blockIdx.x) & 127) * 16)) + (((((int)threadIdx.x) * 4) + 5) % 22));
          ^

tvm_kernels.cu(1452): warning #177-D: variable "cse_v297" was declared but never referenced
      int cse_v297 = (((((int)threadIdx.x) * 2) + 1345) / 11);
          ^

tvm_kernels.cu(1453): warning #177-D: variable "cse_v326" was declared but never referenced
      int cse_v326 = ((((((int)blockIdx.x) >> 7) * 128) + (((((int)threadIdx.x) * 2) + 1345) / 11)) + di_0);
          ^

tvm_kernels.cu(1454): warning #177-D: variable "cse_v370" was declared but never referenced
      int cse_v370 = (((((((int)blockIdx.x) >> 7) * 262144) + ((((((int)threadIdx.x) * 2) + 1345) / 11) * 2048)) + (di_0 * 2048)) + ((((int)blockIdx.x) & 127) * 16));
          ^

tvm_kernels.cu(1455): warning #177-D: variable "cse_v450" was declared but never referenced
      int cse_v450 = ((((((((int)blockIdx.x) >> 7) * 262144) + ((((((int)threadIdx.x) * 2) + 1345) / 11) * 2048)) + (di_0 * 2048)) + ((((int)blockIdx.x) & 127) * 16)) + (((((int)threadIdx.x) * 4) + 6) % 22));
          ^

tvm_kernels.cu(1463): warning #177-D: variable "cse_v451" was declared but never referenced
      int cse_v451 = ((((((((int)blockIdx.x) >> 7) * 262144) + ((((((int)threadIdx.x) * 2) + 1345) / 11) * 2048)) + (di_0 * 2048)) + ((((int)blockIdx.x) & 127) * 16)) + (((((int)threadIdx.x) * 4) + 7) % 22));
          ^

tvm_kernels.cu(665): warning #177-D: variable "cse_v1" was declared but never referenced
    int cse_v1 = (((int)blockIdx.x) >> 7);
        ^

tvm_kernels.cu(666): warning #177-D: variable "cse_v7" was declared but never referenced
    int cse_v7 = (((int)threadIdx.x) >> 4);
        ^

tvm_kernels.cu(667): warning #177-D: variable "cse_v8" was declared but never referenced
    int cse_v8 = (((int)threadIdx.x) & 1);
        ^

tvm_kernels.cu(668): warning #177-D: variable "cse_v11" was declared but never referenced
    int cse_v11 = ((((int)blockIdx.x) & 127) * 16);
        ^

tvm_kernels.cu(669): warning #177-D: variable "cse_v13" was declared but never referenced
    int cse_v13 = ((((int)blockIdx.x) >> 7) * 262144);
        ^

tvm_kernels.cu(670): warning #177-D: variable "cse_v17" was declared but never referenced
    int cse_v17 = ((((int)threadIdx.x) & 15) >> 1);
        ^

tvm_kernels.cu(6379): warning #177-D: variable "cse_v328" was declared but never referenced
    int cse_v328 = ((((((((int)threadIdx.x) >> 4) * 8388608) + ((((int)blockIdx.x) >> 7) * 262144)) + (((((int)threadIdx.x) & 15) >> 1) * 16384)) + ((((int)blockIdx.x) & 127) * 16)) + (((int)threadIdx.x) & 1));
        ^

tvm_kernels.cu(76): warning #177-D: function "__pack_half2" was declared but never referenced
  __pack_half2(const half x, const half y) {
  ^

tvm_kernels.cu(102): warning #177-D: function "hpow" was declared but never referenced
  CUDA_UNSUPPORTED_HALF_MATH_BINARY(hpow, powf)
  ^

tvm_kernels.cu(106): warning #177-D: function "htan" was declared but never referenced
  CUDA_UNSUPPORTED_HALF_MATH_UNARY(htan, tanf)
  ^

tvm_kernels.cu(107): warning #177-D: function "hatan" was declared but never referenced
  CUDA_UNSUPPORTED_HALF_MATH_UNARY(hatan, atanf)
  ^

tvm_kernels.cu(108): warning #177-D: function "herf" was declared but never referenced
  CUDA_UNSUPPORTED_HALF_MATH_UNARY(herf, erf)
  ^

5 errors detected in the compilation of "tvm_kernels.cu".

2026-08-26 15:04:38 [INFO] [task_scheduler.cc:144] [Task #0: main] Trial #74: GFLOPs: 601.9424. Time: 5462.8717 us. Best GFLOPs: 9591.9237
2026-08-26 15:04:38 [INFO] [task_scheduler.cc:144] [Task #0: main] Trial #75: GFLOPs: 1976.2410. Time: 1663.9339 us. Best GFLOPs: 9591.9237
2026-08-26 15:04:38 [INFO] [task_scheduler.cc:144] [Task #0: main] Trial #76: GFLOPs: 3266.9327. Time: 1006.5510 us. Best GFLOPs: 9591.9237
2026-08-26 15:04:38 [INFO] [task_scheduler.cc:144] [Task #0: main] Trial #77: GFLOPs: 742.8323. Time: 4426.7521 us. Best GFLOPs: 9591.9237
2026-08-26 15:04:38 [INFO] [task_scheduler.cc:144] [Task #0: main] Trial #78: GFLOPs: 3283.9489. Time: 1001.3354 us. Best GFLOPs: 9591.9237
2026-08-26 15:04:38 [INFO] [task_scheduler.cc:144] [Task #0: main] Trial #79: GFLOPs: 2603.1699. Time: 1263.2039 us. Best GFLOPs: 9591.9237
2026-08-26 15:04:38 [INFO] [task_scheduler.cc:144] [Task #0: main] Trial #80: GFLOPs: 1672.1748. Time: 1966.5016 us. Best GFLOPs: 9591.9237
2026-08-26 15:04:38 [INFO] [task_scheduler.cc:144] [Task #0: main] Trial #81: GFLOPs: 2155.2516. Time: 1525.7311 us. Best GFLOPs: 9591.9237
2026-08-26 15:04:38 [INFO] [task_scheduler.cc:144] [Task #0: main] Trial #82: GFLOPs: 2316.9060. Time: 1419.2783 us. Best GFLOPs: 9591.9237
2026-08-26 15:04:38 [INFO] [task_scheduler.cc:144] [Task #0: main] Trial #83: GFLOPs: 1105.2309. Time: 2975.2465 us. Best GFLOPs: 9591.9237
2026-08-26 15:04:38 [INFO] [task_scheduler.cc:144] [Task #0: main] Trial #84: GFLOPs: 2271.8814. Time: 1447.4058 us. Best GFLOPs: 9591.9237
2026-08-26 15:04:38 [INFO] [task_scheduler.cc:144] [Task #0: main] Trial #85: GFLOPs: 3455.9614. Time: 951.4963 us. Best GFLOPs: 9591.9237
2026-08-26 15:04:38 [INFO] [task_scheduler.cc:144] [Task #0: main] Trial #86: GFLOPs: 429.1523. Time: 7662.3956 us. Best GFLOPs: 9591.9237
2026-08-26 15:04:38 [INFO] [task_scheduler.cc:144] [Task #0: main] Trial #87: GFLOPs: 2512.1040. Time: 1308.9961 us. Best GFLOPs: 9591.9237
2026-08-26 15:04:38 [INFO] [task_scheduler.cc:144] [Task #0: main] Trial #88: GFLOPs: 2262.5757. Time: 1453.3588 us. Best GFLOPs: 9591.9237
2026-08-26 15:04:38 [INFO] [task_scheduler.cc:144] [Task #0: main] Trial #89: GFLOPs: 481.1465. Time: 6834.3724 us. Best GFLOPs: 9591.9237
2026-08-26 15:04:38 [INFO] [task_scheduler.cc:144] [Task #0: main] Trial #90: GFLOPs: 3073.1019. Time: 1070.0375 us. Best GFLOPs: 9591.9237
2026-08-26 15:04:38 [INFO] [task_scheduler.cc:144] [Task #0: main] Trial #91: GFLOPs: 2861.4824. Time: 1149.1716 us. Best GFLOPs: 9591.9237
2026-08-26 15:04:38 [INFO] [task_scheduler.cc:144] [Task #0: main] Trial #92: GFLOPs: 543.9792. Time: 6044.9636 us. Best GFLOPs: 9591.9237
2026-08-26 15:04:38 [INFO] [task_scheduler.cc:144] [Task #0: main] Trial #93: GFLOPs: 114.8018. Time: 28643.5832 us. Best GFLOPs: 9591.9237
2026-08-26 15:04:38 [INFO] [task_scheduler.cc:144] [Task #0: main] Trial #94: GFLOPs: 1836.6323. Time: 1790.4152 us. Best GFLOPs: 9591.9237
2026-08-26 15:04:38 [INFO] [task_scheduler.cc:144] [Task #0: main] Trial #95: GFLOPs: 256.6754. Time: 12811.2564 us. Best GFLOPs: 9591.9237
2026-08-26 15:04:38 [INFO] [task_scheduler.cc:144] [Task #0: main] Trial #96: GFLOPs: 1239.1097. Time: 2653.7878 us. Best GFLOPs: 9591.9237
2026-08-26 15:04:38 [INFO] [task_scheduler.cc:144] [Task #0: main] Trial #97: GFLOPs: 2849.5333. Time: 1153.9905 us. Best GFLOPs: 9591.9237
2026-08-26 15:04:38 [INFO] [task_scheduler.cc:144] [Task #0: main] Trial #98: GFLOPs: 4858.3003. Time: 676.8487 us. Best GFLOPs: 9591.9237
2026-08-26 15:04:38 [INFO] [task_scheduler.cc:144] [Task #0: main] Trial #99: GFLOPs: 3507.7143. Time: 937.4579 us. Best GFLOPs: 9591.9237
2026-08-26 15:04:38 [INFO] [task_scheduler.cc:144] [Task #0: main] Trial #100: GFLOPs: 2224.1372. Time: 1478.4764 us. Best GFLOPs: 9591.9237
2026-08-26 15:04:38 [INFO] [task_scheduler.cc:144] [Task #0: main] Trial #101: GFLOPs: 764.9374. Time: 4298.8281 us. Best GFLOPs: 9591.9237
2026-08-26 15:04:38 [INFO] [task_scheduler.cc:144] [Task #0: main] Trial #102: GFLOPs: 1876.7045. Time: 1752.1855 us. Best GFLOPs: 9591.9237
2026-08-26 15:04:38 [INFO] [task_scheduler.cc:144] [Task #0: main] Trial #103: GFLOPs: 1535.8025. Time: 2141.1180 us. Best GFLOPs: 9591.9237
2026-08-26 15:04:38 [INFO] [task_scheduler.cc:144] [Task #0: main] Trial #104: GFLOPs: 677.8792. Time: 4850.9150 us. Best GFLOPs: 9591.9237
2026-08-26 15:04:38 [INFO] [task_scheduler.cc:144] [Task #0: main] Trial #105: GFLOPs: 3572.6879. Time: 920.4091 us. Best GFLOPs: 9591.9237
2026-08-26 15:04:38 [INFO] [task_scheduler.cc:144] [Task #0: main] Trial #106: GFLOPs: 3073.0633. Time: 1070.0510 us. Best GFLOPs: 9591.9237
2026-08-26 15:04:38 [INFO] [task_scheduler.cc:144] [Task #0: main] Trial #107: GFLOPs: 2603.1795. Time: 1263.1992 us. Best GFLOPs: 9591.9237
2026-08-26 15:04:38 [INFO] [task_scheduler.cc:144] [Task #0: main] Trial #108: GFLOPs: 360.0341. Time: 9133.3974 us. Best GFLOPs: 9591.9237
2026-08-26 15:04:38 [INFO] [task_scheduler.cc:144] [Task #0: main] Trial #109: GFLOPs: 1591.9887. Time: 2065.5513 us. Best GFLOPs: 9591.9237
2026-08-26 15:04:38 [INFO] [task_scheduler.cc:144] [Task #0: main] Trial #110: GFLOPs: 352.3476. Time: 9332.6429 us. Best GFLOPs: 9591.9237
2026-08-26 15:04:38 [INFO] [task_scheduler.cc:144] [Task #0: main] Trial #111: GFLOPs: 3094.1441. Time: 1062.7606 us. Best GFLOPs: 9591.9237
2026-08-26 15:04:38 [INFO] [task_scheduler.cc:144] [Task #0: main] Trial #112: GFLOPs: 2688.4354. Time: 1223.1405 us. Best GFLOPs: 9591.9237
2026-08-26 15:04:38 [INFO] [task_scheduler.cc:144] [Task #0: main] Trial #113: GFLOPs: 387.7834. Time: 8479.8225 us. Best GFLOPs: 9591.9237
2026-08-26 15:04:38 [INFO] [task_scheduler.cc:144] [Task #0: main] Trial #114: GFLOPs: 2043.3372. Time: 1609.2960 us. Best GFLOPs: 9591.9237
2026-08-26 15:04:38 [INFO] [task_scheduler.cc:144] [Task #0: main] Trial #115: GFLOPs: 1930.1434. Time: 1703.6735 us. Best GFLOPs: 9591.9237
2026-08-26 15:04:38 [INFO] [task_scheduler.cc:144] [Task #0: main] Trial #116: GFLOPs: 2855.3410. Time: 1151.6433 us. Best GFLOPs: 9591.9237
2026-08-26 15:04:38 [INFO] [task_scheduler.cc:144] [Task #0: main] Trial #117: GFLOPs: 1900.1944. Time: 1730.5253 us. Best GFLOPs: 9591.9237
2026-08-26 15:04:38 [INFO] [task_scheduler.cc:144] [Task #0: main] Trial #118: GFLOPs: 4818.6084. Time: 682.4241 us. Best GFLOPs: 9591.9237
2026-08-26 15:04:38 [INFO] [task_scheduler.cc:144] [Task #0: main] Trial #119: GFLOPs: 1491.4429. Time: 2204.8007 us. Best GFLOPs: 9591.9237
2026-08-26 15:04:38 [INFO] [task_scheduler.cc:144] [Task #0: main] Trial #120: GFLOPs: 2844.0005. Time: 1156.2355 us. Best GFLOPs: 9591.9237
2026-08-26 15:04:38 [INFO] [task_scheduler.cc:144] [Task #0: main] Trial #121: GFLOPs: 3806.9438. Time: 863.7728 us. Best GFLOPs: 9591.9237
2026-08-26 15:04:38 [INFO] [task_scheduler.cc:144] [Task #0: main] Trial #122: GFLOPs: 1810.9687. Time: 1815.7875 us. Best GFLOPs: 9591.9237
2026-08-26 15:04:38 [INFO] [task_scheduler.cc:144] [Task #0: main] Trial #123: GFLOPs: 2528.0605. Time: 1300.7340 us. Best GFLOPs: 9591.9237
2026-08-26 15:04:38 [INFO] [task_scheduler.cc:134] [Task #0: main] Trial #124: Error in building:
LocalBuilder: An exception occurred
Traceback (most recent call last):
  File "/home/raymond/Projects/compiler/PolyLLMAgent/env_pla/lib/python3.11/site-packages/tvm/exec/popen_worker.py", line 106, in main
    result = fn(*args, **kwargs)
             ^^^^^^^^^^^^^^^^^^^
  File "/home/raymond/Projects/compiler/PolyLLMAgent/env_pla/lib/python3.11/site-packages/tvm/s_tir/meta_schedule/builder/local_builder.py", line 170, in <lambda>
    lambda x: _worker_func(*x),
              ^^^^^^^^^^^^^^^^
  File "/home/raymond/Projects/compiler/PolyLLMAgent/env_pla/lib/python3.11/site-packages/tvm/s_tir/meta_schedule/builder/local_builder.py", line 236, in _worker_func
    rt_mod: Module = f_build(mod, target, _deserialize_params(params))
                     ^^^^^^^^^^^^^^^^^^^^^^^^^^^^^^^^^^^^^^^^^^^^^^^^^
  File "python/tvm_ffi/cython/function.pxi", line 988, in tvm_ffi.core.Function.__call__
  File "<unknown>", line 0, in TVMFFIPyCallback(void*, TVMFFIAny const*, int, TVMFFIAny*)
  File "<unknown>", line 0, in TVMFFIPyCallManager::ForwardPyErrorToFFI()
  File "<unknown>", line 0, in TVMFFICyErrorSetRaisedFromPyError(_object*)
  File "/home/raymond/Projects/compiler/PolyLLMAgent/env_pla/lib/python3.11/site-packages/tvm/s_tir/meta_schedule/builder/local_builder.py", line 267, in default_build
    return tvm_build(mod, target=target)
    
  File "/home/raymond/Projects/compiler/PolyLLMAgent/env_pla/lib/python3.11/site-packages/tvm/driver/build_module.py", line 60, in build
    return tvm.tirx.build(mod, target, pipeline)
    
  File "/home/raymond/Projects/compiler/PolyLLMAgent/env_pla/lib/python3.11/site-packages/tvm/tirx/build.py", line 240, in build
    return tir_to_runtime(host_mod, device_mod_dict, target_host)
    
  File "/home/raymond/Projects/compiler/PolyLLMAgent/env_pla/lib/python3.11/site-packages/tvm/tirx/build.py", line 148, in tir_to_runtime
    device_modules.append(codegen_build(device_mod, target))
    
  File "/home/raymond/Projects/compiler/PolyLLMAgent/env_pla/lib/python3.11/site-packages/tvm/tirx/build.py", line 132, in codegen_build
    return bf(mod, target)
    
  File "python/tvm_ffi/cython/function.pxi", line 988, in tvm_ffi.core.Function.__call__
  File "<unknown>", line 0, in TVMFFIPyCallback(void*, TVMFFIAny const*, int, TVMFFIAny*)
  File "<unknown>", line 0, in TVMFFIPyCallManager::ForwardPyErrorToFFI()
  File "<unknown>", line 0, in TVMFFICyErrorSetRaisedFromPyError(_object*)
  File "/home/raymond/Projects/compiler/PolyLLMAgent/env_pla/lib/python3.11/site-packages/tvm/support/nvcc.py", line 925, in tvm_callback_cuda_compile
    return compile_cuda(code, target_format="cubin", compiler="nvrtc")
    
  File "/home/raymond/Projects/compiler/PolyLLMAgent/env_pla/lib/python3.11/site-packages/tvm/support/nvcc.py", line 99, in compile_cuda
    result = _compile_cuda_nvrtc(code, target_format, arch, options, path_target, use_nvshmem)
    
  File "/home/raymond/Projects/compiler/PolyLLMAgent/env_pla/lib/python3.11/site-packages/tvm/support/nvcc.py", line 620, in _compile_cuda_nvrtc
    raise RuntimeError(error_msg)
    
RuntimeError: NVRTC compilation failed:
tvm_kernels.cu(180): warning #177-D: variable "cse_v3" was declared but never referenced
        int cse_v3 = (di_0 * 2048);
            ^

Remark: The warnings can be suppressed with "-diag-suppress <warning-number>"

tvm_kernels.cu(181): warning #177-D: variable "cse_v21" was declared but never referenced
        int cse_v21 = ((((int)blockIdx.x) >> 8) * 128);
            ^

tvm_kernels.cu(182): warning #177-D: variable "cse_v22" was declared but never referenced
        int cse_v22 = ((ax0_ax1_ax2_ax3_fused_0 * 256) + (((int)threadIdx.x) * 4));
            ^

tvm_kernels.cu(183): warning #177-D: variable "cse_v24" was declared but never referenced
        int cse_v24 = ((ax0_ax1_ax2_ax3_fused_0 * 512) + (((int)threadIdx.x) * 8));
            ^

tvm_kernels.cu(184): warning #177-D: variable "cse_v26" was declared but never referenced
        int cse_v26 = (((ax0_ax1_ax2_ax3_fused_0 * 512) + (((int)threadIdx.x) * 8)) % 14);
            ^

tvm_kernels.cu(185): warning #177-D: variable "cse_v35" was declared but never referenced
        int cse_v35 = ((((ax0_ax1_ax2_ax3_fused_0 * 256) + (((int)threadIdx.x) * 4)) % 896) / 7);
            ^

tvm_kernels.cu(186): warning #177-D: variable "cse_v36" was declared but never referenced
        int cse_v36 = (((((int)blockIdx.x) & 255) * 8) + (((ax0_ax1_ax2_ax3_fused_0 * 512) + (((int)threadIdx.x) * 8)) % 14));
            ^

tvm_kernels.cu(187): warning #177-D: variable "cse_v44" was declared but never referenced
        int cse_v44 = (((((ax0_ax1_ax2_ax3_fused_0 * 2) + (((int)threadIdx.x) >> 5)) / 7) * 4194304) + ((((int)blockIdx.x) >> 8) * 262144));
            ^

tvm_kernels.cu(188): warning #177-D: variable "cse_v56" was declared but never referenced
        int cse_v56 = ((((((int)blockIdx.x) >> 8) * 128) + ((((ax0_ax1_ax2_ax3_fused_0 * 256) + (((int)threadIdx.x) * 4)) % 896) / 7)) + di_0);
            ^

tvm_kernels.cu(189): warning #177-D: variable "cse_v61" was declared but never referenced
        int cse_v61 = ((((((((ax0_ax1_ax2_ax3_fused_0 * 2) + (((int)threadIdx.x) >> 5)) / 7) * 4194304) + ((((int)blockIdx.x) >> 8) * 262144)) + (((((ax0_ax1_ax2_ax3_fused_0 * 256) + (((int)threadIdx.x) * 4)) % 896) / 7) * 2048)) + (di_0 * 2048)) + ((((int)blockIdx.x) & 255) * 8));
            ^

tvm_kernels.cu(197): warning #177-D: variable "cse_v27" was declared but never referenced
        int cse_v27 = (((ax0_ax1_ax2_ax3_fused_0 * 512) + (((int)threadIdx.x) * 8)) + 1);
            ^

tvm_kernels.cu(198): warning #177-D: variable "cse_v37" was declared but never referenced
        int cse_v37 = ((((ax0_ax1_ax2_ax3_fused_0 * 512) + (((int)threadIdx.x) * 8)) + 1) % 14);
            ^

tvm_kernels.cu(199): warning #177-D: variable "cse_v45" was declared but never referenced
        int cse_v45 = (((((int)blockIdx.x) & 255) * 8) + ((((ax0_ax1_ax2_ax3_fused_0 * 512) + (((int)threadIdx.x) * 8)) + 1) % 14));
            ^

tvm_kernels.cu(207): warning #177-D: variable "cse_v28" was declared but never referenced
        int cse_v28 = (((ax0_ax1_ax2_ax3_fused_0 * 512) + (((int)threadIdx.x) * 8)) + 2);
            ^

tvm_kernels.cu(208): warning #177-D: variable "cse_v38" was declared but never referenced
        int cse_v38 = ((((ax0_ax1_ax2_ax3_fused_0 * 512) + (((int)threadIdx.x) * 8)) + 2) % 14);
            ^

tvm_kernels.cu(209): warning #177-D: variable "cse_v46" was declared but never referenced
        int cse_v46 = (((((ax0_ax1_ax2_ax3_fused_0 * 256) + (((int)threadIdx.x) * 4)) + 1) % 896) / 7);
            ^

tvm_kernels.cu(210): warning #177-D: variable "cse_v47" was declared but never referenced
        int cse_v47 = (((((int)blockIdx.x) & 255) * 8) + ((((ax0_ax1_ax2_ax3_fused_0 * 512) + (((int)threadIdx.x) * 8)) + 2) % 14));
            ^

tvm_kernels.cu(211): warning #177-D: variable "cse_v58" was declared but never referenced
        int cse_v58 = ((((((int)blockIdx.x) >> 8) * 128) + (((((ax0_ax1_ax2_ax3_fused_0 * 256) + (((int)threadIdx.x) * 4)) + 1) % 896) / 7)) + di_0);
            ^

tvm_kernels.cu(212): warning #177-D: variable "cse_v62" was declared but never referenced
        int cse_v62 = ((((((((ax0_ax1_ax2_ax3_fused_0 * 2) + (((int)threadIdx.x) >> 5)) / 7) * 4194304) + ((((int)blockIdx.x) >> 8) * 262144)) + ((((((ax0_ax1_ax2_ax3_fused_0 * 256) + (((int)threadIdx.x) * 4)) + 1) % 896) / 7) * 2048)) + (di_0 * 2048)) + ((((int)blockIdx.x) & 255) * 8));
            ^

tvm_kernels.cu(220): warning #177-D: variable "cse_v29" was declared but never referenced
        int cse_v29 = (((ax0_ax1_ax2_ax3_fused_0 * 512) + (((int)threadIdx.x) * 8)) + 3);
            ^

tvm_kernels.cu(221): warning #177-D: variable "cse_v39" was declared but never referenced
        int cse_v39 = ((((ax0_ax1_ax2_ax3_fused_0 * 512) + (((int)threadIdx.x) * 8)) + 3) % 14);
            ^

tvm_kernels.cu(222): warning #177-D: variable "cse_v48" was declared but never referenced
        int cse_v48 = (((((int)blockIdx.x) & 255) * 8) + ((((ax0_ax1_ax2_ax3_fused_0 * 512) + (((int)threadIdx.x) * 8)) + 3) % 14));
            ^

tvm_kernels.cu(230): warning #177-D: variable "cse_v30" was declared but never referenced
        int cse_v30 = (((ax0_ax1_ax2_ax3_fused_0 * 512) + (((int)threadIdx.x) * 8)) + 4);
            ^

tvm_kernels.cu(231): warning #177-D: variable "cse_v40" was declared but never referenced
        int cse_v40 = ((((ax0_ax1_ax2_ax3_fused_0 * 512) + (((int)threadIdx.x) * 8)) + 4) % 14);
            ^

tvm_kernels.cu(232): warning #177-D: variable "cse_v49" was declared but never referenced
        int cse_v49 = (((((ax0_ax1_ax2_ax3_fused_0 * 256) + (((int)threadIdx.x) * 4)) + 2) % 896) / 7);
            ^

tvm_kernels.cu(233): warning #177-D: variable "cse_v50" was declared but never referenced
        int cse_v50 = (((((int)blockIdx.x) & 255) * 8) + ((((ax0_ax1_ax2_ax3_fused_0 * 512) + (((int)threadIdx.x) * 8)) + 4) % 14));
            ^

tvm_kernels.cu(234): warning #177-D: variable "cse_v59" was declared but never referenced
        int cse_v59 = ((((((int)blockIdx.x) >> 8) * 128) + (((((ax0_ax1_ax2_ax3_fused_0 * 256) + (((int)threadIdx.x) * 4)) + 2) % 896) / 7)) + di_0);
            ^

tvm_kernels.cu(235): warning #177-D: variable "cse_v63" was declared but never referenced
        int cse_v63 = ((((((((ax0_ax1_ax2_ax3_fused_0 * 2) + (((int)threadIdx.x) >> 5)) / 7) * 4194304) + ((((int)blockIdx.x) >> 8) * 262144)) + ((((((ax0_ax1_ax2_ax3_fused_0 * 256) + (((int)threadIdx.x) * 4)) + 2) % 896) / 7) * 2048)) + (di_0 * 2048)) + ((((int)blockIdx.x) & 255) * 8));
            ^

tvm_kernels.cu(243): warning #177-D: variable "cse_v31" was declared but never referenced
        int cse_v31 = (((ax0_ax1_ax2_ax3_fused_0 * 512) + (((int)threadIdx.x) * 8)) + 5);
            ^

tvm_kernels.cu(244): warning #177-D: variable "cse_v41" was declared but never referenced
        int cse_v41 = ((((ax0_ax1_ax2_ax3_fused_0 * 512) + (((int)threadIdx.x) * 8)) + 5) % 14);
            ^

tvm_kernels.cu(245): warning #177-D: variable "cse_v51" was declared but never referenced
        int cse_v51 = (((((int)blockIdx.x) & 255) * 8) + ((((ax0_ax1_ax2_ax3_fused_0 * 512) + (((int)threadIdx.x) * 8)) + 5) % 14));
            ^

tvm_kernels.cu(253): warning #177-D: variable "cse_v32" was declared but never referenced
        int cse_v32 = (((ax0_ax1_ax2_ax3_fused_0 * 512) + (((int)threadIdx.x) * 8)) + 6);
            ^

tvm_kernels.cu(254): warning #177-D: variable "cse_v42" was declared but never referenced
        int cse_v42 = ((((ax0_ax1_ax2_ax3_fused_0 * 512) + (((int)threadIdx.x) * 8)) + 6) % 14);
            ^

tvm_kernels.cu(255): warning #177-D: variable "cse_v52" was declared but never referenced
        int cse_v52 = (((((ax0_ax1_ax2_ax3_fused_0 * 256) + (((int)threadIdx.x) * 4)) + 3) % 896) / 7);
            ^

tvm_kernels.cu(256): warning #177-D: variable "cse_v53" was declared but never referenced
        int cse_v53 = (((((int)blockIdx.x) & 255) * 8) + ((((ax0_ax1_ax2_ax3_fused_0 * 512) + (((int)threadIdx.x) * 8)) + 6) % 14));
            ^

tvm_kernels.cu(257): warning #177-D: variable "cse_v60" was declared but never referenced
        int cse_v60 = ((((((int)blockIdx.x) >> 8) * 128) + (((((ax0_ax1_ax2_ax3_fused_0 * 256) + (((int)threadIdx.x) * 4)) + 3) % 896) / 7)) + di_0);
            ^

tvm_kernels.cu(258): warning #177-D: variable "cse_v64" was declared but never referenced
        int cse_v64 = ((((((((ax0_ax1_ax2_ax3_fused_0 * 2) + (((int)threadIdx.x) >> 5)) / 7) * 4194304) + ((((int)blockIdx.x) >> 8) * 262144)) + ((((((ax0_ax1_ax2_ax3_fused_0 * 256) + (((int)threadIdx.x) * 4)) + 3) % 896) / 7) * 2048)) + (di_0 * 2048)) + ((((int)blockIdx.x) & 255) * 8));
            ^

tvm_kernels.cu(266): warning #177-D: variable "cse_v33" was declared but never referenced
        int cse_v33 = (((ax0_ax1_ax2_ax3_fused_0 * 512) + (((int)threadIdx.x) * 8)) + 7);
            ^

tvm_kernels.cu(267): warning #177-D: variable "cse_v43" was declared but never referenced
        int cse_v43 = ((((ax0_ax1_ax2_ax3_fused_0 * 512) + (((int)threadIdx.x) * 8)) + 7) % 14);
            ^

tvm_kernels.cu(268): warning #177-D: variable "cse_v54" was declared but never referenced
        int cse_v54 = (((((int)blockIdx.x) & 255) * 8) + ((((ax0_ax1_ax2_ax3_fused_0 * 512) + (((int)threadIdx.x) * 8)) + 7) % 14));
            ^

tvm_kernels.cu(292): error: too many arguments in function call
                longlong4 v__1 = make_longlong4(7, 7, 7, 7, 7, 7, 7, 7);
                                                            ^

tvm_kernels.cu(301): error: too many arguments in function call
              longlong4 v__2 = make_longlong4(49, 49, 49, 49, 49, 49, 49, 49);
                                                              ^

tvm_kernels.cu(310): error: too many arguments in function call
            longlong4 v__3 = make_longlong4((di_0 * 7), (di_0 * 7), (di_0 * 7), (di_0 * 7), (di_0 * 7), (di_0 * 7), (di_0 * 7), (di_0 * 7));
                                                                                            ^

tvm_kernels.cu(330): error: too many arguments in function call
            longlong4 v__5 = make_longlong4(7, 7, 7, 7, 7, 7, 7, 7);
                                                        ^

tvm_kernels.cu(347): error: too many arguments in function call
        *(uint4*)(W_shared_ptr + (((int)threadIdx.x) * 8)) = make_uint4(W_ptr[((int2*)(&(__1.x)))->x],W_ptr[((int2*)(&(__1.x)))->y],W_ptr[((int2*)(&(__1.y)))->x],W_ptr[((int2*)(&(__1.y)))->y],W_ptr[((int2*)(&(__1.z)))->x],W_ptr[((int2*)(&(__1.z)))->y],W_ptr[((int2*)(&(__1.w)))->x],W_ptr[((int2*)(&(__1.w)))->y]);
                                                                                                                                                                                                ^

tvm_kernels.cu(352): warning #177-D: variable "cse_v34" was declared but never referenced
          int cse_v34 = (((((int)threadIdx.x) >> 3) * 7) + dj_1);
              ^

tvm_kernels.cu(353): warning #177-D: variable "cse_v55" was declared but never referenced
          int cse_v55 = (((((((int)threadIdx.x) >> 3) * 1792) + (i_3 * 14)) + dj_1) + (((int)threadIdx.x) & 7));
              ^

tvm_kernels.cu(355): warning #177-D: variable "cse_v6" was declared but never referenced
          int cse_v6 = (i_3 + 8);
              ^

tvm_kernels.cu(357): warning #177-D: variable "cse_v7" was declared but never referenced
          int cse_v7 = (i_3 + 16);
              ^

tvm_kernels.cu(359): warning #177-D: variable "cse_v8" was declared but never referenced
          int cse_v8 = (i_3 + 24);
              ^

tvm_kernels.cu(361): warning #177-D: variable "cse_v9" was declared but never referenced
          int cse_v9 = (i_3 + 32);
              ^

tvm_kernels.cu(363): warning #177-D: variable "cse_v10" was declared but never referenced
          int cse_v10 = (i_3 + 40);
              ^

tvm_kernels.cu(365): warning #177-D: variable "cse_v11" was declared but never referenced
          int cse_v11 = (i_3 + 48);
              ^

tvm_kernels.cu(367): warning #177-D: variable "cse_v12" was declared but never referenced
          int cse_v12 = (i_3 + 56);
              ^

tvm_kernels.cu(369): warning #177-D: variable "cse_v13" was declared but never referenced
          int cse_v13 = (i_3 + 64);
              ^

tvm_kernels.cu(371): warning #177-D: variable "cse_v14" was declared but never referenced
          int cse_v14 = (i_3 + 72);
              ^

tvm_kernels.cu(373): warning #177-D: variable "cse_v15" was declared but never referenced
          int cse_v15 = (i_3 + 80);
              ^

tvm_kernels.cu(375): warning #177-D: variable "cse_v16" was declared but never referenced
          int cse_v16 = (i_3 + 88);
              ^

tvm_kernels.cu(377): warning #177-D: variable "cse_v17" was declared but never referenced
          int cse_v17 = (i_3 + 96);
              ^

tvm_kernels.cu(379): warning #177-D: variable "cse_v18" was declared but never referenced
          int cse_v18 = (i_3 + 104);
              ^

tvm_kernels.cu(381): warning #177-D: variable "cse_v19" was declared but never referenced
          int cse_v19 = (i_3 + 112);
              ^

tvm_kernels.cu(383): warning #177-D: variable "cse_v20" was declared but never referenced
          int cse_v20 = (i_3 + 120);
              ^

tvm_kernels.cu(177): warning #177-D: variable "cse_v2" was declared but never referenced
      int cse_v2 = (((int)threadIdx.x) * 8);
          ^

tvm_kernels.cu(389): warning #177-D: variable "cse_v57" was declared but never referenced
      int cse_v57 = ((((((((int)threadIdx.x) >> 3) * 4194304) + ((((int)blockIdx.x) >> 8) * 262144)) + (ax2 * 2048)) + ((((int)blockIdx.x) & 255) * 8)) + (((int)threadIdx.x) & 7));
          ^

tvm_kernels.cu(171): warning #177-D: variable "cse_v1" was declared but never referenced
    int cse_v1 = (((int)blockIdx.x) >> 8);
        ^

tvm_kernels.cu(172): warning #177-D: variable "cse_v4" was declared but never referenced
    int cse_v4 = (((int)threadIdx.x) >> 3);
        ^

tvm_kernels.cu(173): warning #177-D: variable "cse_v5" was declared but never referenced
    int cse_v5 = (((int)threadIdx.x) & 7);
        ^

tvm_kernels.cu(174): warning #177-D: variable "cse_v23" was declared but never referenced
    int cse_v23 = ((((int)blockIdx.x) & 255) * 8);
        ^

tvm_kernels.cu(175): warning #177-D: variable "cse_v25" was declared but never referenced
    int cse_v25 = ((((int)blockIdx.x) >> 8) * 262144);
        ^

tvm_kernels.cu(76): warning #177-D: function "__pack_half2" was declared but never referenced
  __pack_half2(const half x, const half y) {
  ^

tvm_kernels.cu(102): warning #177-D: function "hpow" was declared but never referenced
  CUDA_UNSUPPORTED_HALF_MATH_BINARY(hpow, powf)
  ^

tvm_kernels.cu(106): warning #177-D: function "htan" was declared but never referenced
  CUDA_UNSUPPORTED_HALF_MATH_UNARY(htan, tanf)
  ^

tvm_kernels.cu(107): warning #177-D: function "hatan" was declared but never referenced
  CUDA_UNSUPPORTED_HALF_MATH_UNARY(hatan, atanf)
  ^

tvm_kernels.cu(108): warning #177-D: function "herf" was declared but never referenced
  CUDA_UNSUPPORTED_HALF_MATH_UNARY(herf, erf)
  ^

5 errors detected in the compilation of "tvm_kernels.cu".

2026-08-26 15:04:38 [INFO] [task_scheduler.cc:144] [Task #0: main] Trial #125: GFLOPs: 346.9706. Time: 9477.2713 us. Best GFLOPs: 9591.9237
2026-08-26 15:04:38 [INFO] [task_scheduler.cc:144] [Task #0: main] Trial #126: GFLOPs: 554.6844. Time: 5928.2976 us. Best GFLOPs: 9591.9237
2026-08-26 15:04:38 [INFO] [task_scheduler.cc:144] [Task #0: main] Trial #127: GFLOPs: 688.2990. Time: 4777.4793 us. Best GFLOPs: 9591.9237
2026-08-26 15:04:38 [INFO] [task_scheduler.cc:144] [Task #0: main] Trial #128: GFLOPs: 117.8143. Time: 27911.1670 us. Best GFLOPs: 9591.9237
2026-08-26 15:04:38 [INFO] [evolutionary_search.cc:738] Generating candidates......
2026-08-26 15:04:38 [INFO] [evolutionary_search.cc:505] Pick-Best-From-Database summary:
Trace replay failures: 0 failure(s)
Postproc #0 [s_tir.meta_schedule.DisallowDynamicLoop]: 0 failure(s)
Postproc #1 [s_tir.meta_schedule.RewriteCooperativeFetch]: 0 failure(s)
Postproc #2 [s_tir.meta_schedule.RewriteUnboundBlock]: 0 failure(s)
Postproc #3 [s_tir.meta_schedule.RewriteParallelVectorizeUnroll]: 0 failure(s)
Postproc #4 [s_tir.meta_schedule.RewriteReductionBlock]: 0 failure(s)
Postproc #5 [s_tir.meta_schedule.VerifyGPUCode]: 0 failure(s)
Postproc #6 [s_tir.meta_schedule.RewriteTensorize]: 0 failure(s)
2026-08-26 15:04:38 [INFO] [evolutionary_search.cc:740] Picked top 102 candidate(s) from database
2026-08-26 15:04:39 [INFO] [evolutionary_search.cc:551] Sample-Init-Population summary:
Trace replay failures: 0 failure(s)
Postproc #0 [s_tir.meta_schedule.DisallowDynamicLoop]: 0 failure(s)
Postproc #1 [s_tir.meta_schedule.RewriteCooperativeFetch]: 0 failure(s)
Postproc #2 [s_tir.meta_schedule.RewriteUnboundBlock]: 0 failure(s)
Postproc #3 [s_tir.meta_schedule.RewriteParallelVectorizeUnroll]: 0 failure(s)
Postproc #4 [s_tir.meta_schedule.RewriteReductionBlock]: 0 failure(s)
Postproc #5 [s_tir.meta_schedule.VerifyGPUCode]: 406 failure(s)
Postproc #6 [s_tir.meta_schedule.RewriteTensorize]: 0 failure(s)
2026-08-26 15:04:40 [INFO] [evolutionary_search.cc:551] Sample-Init-Population summary:
Trace replay failures: 0 failure(s)
Postproc #0 [s_tir.meta_schedule.DisallowDynamicLoop]: 0 failure(s)
Postproc #1 [s_tir.meta_schedule.RewriteCooperativeFetch]: 0 failure(s)
Postproc #2 [s_tir.meta_schedule.RewriteUnboundBlock]: 0 failure(s)
Postproc #3 [s_tir.meta_schedule.RewriteParallelVectorizeUnroll]: 0 failure(s)
Postproc #4 [s_tir.meta_schedule.RewriteReductionBlock]: 0 failure(s)
Postproc #5 [s_tir.meta_schedule.VerifyGPUCode]: 813 failure(s)
Postproc #6 [s_tir.meta_schedule.RewriteTensorize]: 0 failure(s)
2026-08-26 15:04:41 [INFO] [evolutionary_search.cc:551] Sample-Init-Population summary:
Trace replay failures: 0 failure(s)
Postproc #0 [s_tir.meta_schedule.DisallowDynamicLoop]: 0 failure(s)
Postproc #1 [s_tir.meta_schedule.RewriteCooperativeFetch]: 0 failure(s)
Postproc #2 [s_tir.meta_schedule.RewriteUnboundBlock]: 0 failure(s)
Postproc #3 [s_tir.meta_schedule.RewriteParallelVectorizeUnroll]: 0 failure(s)
Postproc #4 [s_tir.meta_schedule.RewriteReductionBlock]: 0 failure(s)
Postproc #5 [s_tir.meta_schedule.VerifyGPUCode]: 1221 failure(s)
Postproc #6 [s_tir.meta_schedule.RewriteTensorize]: 0 failure(s)
2026-08-26 15:04:42 [INFO] [evolutionary_search.cc:551] Sample-Init-Population summary:
Trace replay failures: 0 failure(s)
Postproc #0 [s_tir.meta_schedule.DisallowDynamicLoop]: 0 failure(s)
Postproc #1 [s_tir.meta_schedule.RewriteCooperativeFetch]: 0 failure(s)
Postproc #2 [s_tir.meta_schedule.RewriteUnboundBlock]: 0 failure(s)
Postproc #3 [s_tir.meta_schedule.RewriteParallelVectorizeUnroll]: 0 failure(s)
Postproc #4 [s_tir.meta_schedule.RewriteReductionBlock]: 0 failure(s)
Postproc #5 [s_tir.meta_schedule.VerifyGPUCode]: 1627 failure(s)
Postproc #6 [s_tir.meta_schedule.RewriteTensorize]: 0 failure(s)
2026-08-26 15:04:43 [INFO] [evolutionary_search.cc:551] Sample-Init-Population summary:
Trace replay failures: 0 failure(s)
Postproc #0 [s_tir.meta_schedule.DisallowDynamicLoop]: 0 failure(s)
Postproc #1 [s_tir.meta_schedule.RewriteCooperativeFetch]: 0 failure(s)
Postproc #2 [s_tir.meta_schedule.RewriteUnboundBlock]: 0 failure(s)
Postproc #3 [s_tir.meta_schedule.RewriteParallelVectorizeUnroll]: 0 failure(s)
Postproc #4 [s_tir.meta_schedule.RewriteReductionBlock]: 0 failure(s)
Postproc #5 [s_tir.meta_schedule.VerifyGPUCode]: 2035 failure(s)
Postproc #6 [s_tir.meta_schedule.RewriteTensorize]: 0 failure(s)
2026-08-26 15:04:44 [INFO] [evolutionary_search.cc:551] Sample-Init-Population summary:
Trace replay failures: 0 failure(s)
Postproc #0 [s_tir.meta_schedule.DisallowDynamicLoop]: 0 failure(s)
Postproc #1 [s_tir.meta_schedule.RewriteCooperativeFetch]: 0 failure(s)
Postproc #2 [s_tir.meta_schedule.RewriteUnboundBlock]: 0 failure(s)
Postproc #3 [s_tir.meta_schedule.RewriteParallelVectorizeUnroll]: 0 failure(s)
Postproc #4 [s_tir.meta_schedule.RewriteReductionBlock]: 0 failure(s)
Postproc #5 [s_tir.meta_schedule.VerifyGPUCode]: 2444 failure(s)
Postproc #6 [s_tir.meta_schedule.RewriteTensorize]: 0 failure(s)
2026-08-26 15:04:45 [INFO] [evolutionary_search.cc:551] Sample-Init-Population summary:
Trace replay failures: 0 failure(s)
Postproc #0 [s_tir.meta_schedule.DisallowDynamicLoop]: 0 failure(s)
Postproc #1 [s_tir.meta_schedule.RewriteCooperativeFetch]: 0 failure(s)
Postproc #2 [s_tir.meta_schedule.RewriteUnboundBlock]: 0 failure(s)
Postproc #3 [s_tir.meta_schedule.RewriteParallelVectorizeUnroll]: 0 failure(s)
Postproc #4 [s_tir.meta_schedule.RewriteReductionBlock]: 0 failure(s)
Postproc #5 [s_tir.meta_schedule.VerifyGPUCode]: 2854 failure(s)
Postproc #6 [s_tir.meta_schedule.RewriteTensorize]: 0 failure(s)
2026-08-26 15:04:46 [INFO] [evolutionary_search.cc:551] Sample-Init-Population summary:
Trace replay failures: 0 failure(s)
Postproc #0 [s_tir.meta_schedule.DisallowDynamicLoop]: 0 failure(s)
Postproc #1 [s_tir.meta_schedule.RewriteCooperativeFetch]: 0 failure(s)
Postproc #2 [s_tir.meta_schedule.RewriteUnboundBlock]: 0 failure(s)
Postproc #3 [s_tir.meta_schedule.RewriteParallelVectorizeUnroll]: 0 failure(s)
Postproc #4 [s_tir.meta_schedule.RewriteReductionBlock]: 0 failure(s)
Postproc #5 [s_tir.meta_schedule.VerifyGPUCode]: 3260 failure(s)
Postproc #6 [s_tir.meta_schedule.RewriteTensorize]: 0 failure(s)
2026-08-26 15:04:47 [INFO] [evolutionary_search.cc:551] Sample-Init-Population summary:
Trace replay failures: 0 failure(s)
Postproc #0 [s_tir.meta_schedule.DisallowDynamicLoop]: 0 failure(s)
Postproc #1 [s_tir.meta_schedule.RewriteCooperativeFetch]: 0 failure(s)
Postproc #2 [s_tir.meta_schedule.RewriteUnboundBlock]: 0 failure(s)
Postproc #3 [s_tir.meta_schedule.RewriteParallelVectorizeUnroll]: 0 failure(s)
Postproc #4 [s_tir.meta_schedule.RewriteReductionBlock]: 0 failure(s)
Postproc #5 [s_tir.meta_schedule.VerifyGPUCode]: 3668 failure(s)
Postproc #6 [s_tir.meta_schedule.RewriteTensorize]: 0 failure(s)
2026-08-26 15:04:47 [INFO] [evolutionary_search.cc:551] Sample-Init-Population summary:
Trace replay failures: 0 failure(s)
Postproc #0 [s_tir.meta_schedule.DisallowDynamicLoop]: 0 failure(s)
Postproc #1 [s_tir.meta_schedule.RewriteCooperativeFetch]: 0 failure(s)
Postproc #2 [s_tir.meta_schedule.RewriteUnboundBlock]: 0 failure(s)
Postproc #3 [s_tir.meta_schedule.RewriteParallelVectorizeUnroll]: 0 failure(s)
Postproc #4 [s_tir.meta_schedule.RewriteReductionBlock]: 0 failure(s)
Postproc #5 [s_tir.meta_schedule.VerifyGPUCode]: 4075 failure(s)
Postproc #6 [s_tir.meta_schedule.RewriteTensorize]: 0 failure(s)
2026-08-26 15:04:48 [INFO] [evolutionary_search.cc:551] Sample-Init-Population summary:
Trace replay failures: 0 failure(s)
Postproc #0 [s_tir.meta_schedule.DisallowDynamicLoop]: 0 failure(s)
Postproc #1 [s_tir.meta_schedule.RewriteCooperativeFetch]: 0 failure(s)
Postproc #2 [s_tir.meta_schedule.RewriteUnboundBlock]: 0 failure(s)
Postproc #3 [s_tir.meta_schedule.RewriteParallelVectorizeUnroll]: 0 failure(s)
Postproc #4 [s_tir.meta_schedule.RewriteReductionBlock]: 0 failure(s)
Postproc #5 [s_tir.meta_schedule.VerifyGPUCode]: 4482 failure(s)
Postproc #6 [s_tir.meta_schedule.RewriteTensorize]: 0 failure(s)
2026-08-26 15:04:49 [INFO] [evolutionary_search.cc:551] Sample-Init-Population summary:
Trace replay failures: 0 failure(s)
Postproc #0 [s_tir.meta_schedule.DisallowDynamicLoop]: 0 failure(s)
Postproc #1 [s_tir.meta_schedule.RewriteCooperativeFetch]: 0 failure(s)
Postproc #2 [s_tir.meta_schedule.RewriteUnboundBlock]: 0 failure(s)
Postproc #3 [s_tir.meta_schedule.RewriteParallelVectorizeUnroll]: 0 failure(s)
Postproc #4 [s_tir.meta_schedule.RewriteReductionBlock]: 0 failure(s)
Postproc #5 [s_tir.meta_schedule.VerifyGPUCode]: 4892 failure(s)
Postproc #6 [s_tir.meta_schedule.RewriteTensorize]: 0 failure(s)
2026-08-26 15:04:50 [INFO] [evolutionary_search.cc:551] Sample-Init-Population summary:
Trace replay failures: 0 failure(s)
Postproc #0 [s_tir.meta_schedule.DisallowDynamicLoop]: 0 failure(s)
Postproc #1 [s_tir.meta_schedule.RewriteCooperativeFetch]: 0 failure(s)
Postproc #2 [s_tir.meta_schedule.RewriteUnboundBlock]: 0 failure(s)
Postproc #3 [s_tir.meta_schedule.RewriteParallelVectorizeUnroll]: 0 failure(s)
Postproc #4 [s_tir.meta_schedule.RewriteReductionBlock]: 0 failure(s)
Postproc #5 [s_tir.meta_schedule.VerifyGPUCode]: 5298 failure(s)
Postproc #6 [s_tir.meta_schedule.RewriteTensorize]: 0 failure(s)
2026-08-26 15:04:51 [INFO] [evolutionary_search.cc:551] Sample-Init-Population summary:
Trace replay failures: 0 failure(s)
Postproc #0 [s_tir.meta_schedule.DisallowDynamicLoop]: 0 failure(s)
Postproc #1 [s_tir.meta_schedule.RewriteCooperativeFetch]: 0 failure(s)
Postproc #2 [s_tir.meta_schedule.RewriteUnboundBlock]: 0 failure(s)
Postproc #3 [s_tir.meta_schedule.RewriteParallelVectorizeUnroll]: 0 failure(s)
Postproc #4 [s_tir.meta_schedule.RewriteReductionBlock]: 0 failure(s)
Postproc #5 [s_tir.meta_schedule.VerifyGPUCode]: 5703 failure(s)
Postproc #6 [s_tir.meta_schedule.RewriteTensorize]: 0 failure(s)
2026-08-26 15:04:52 [INFO] [evolutionary_search.cc:551] Sample-Init-Population summary:
Trace replay failures: 0 failure(s)
Postproc #0 [s_tir.meta_schedule.DisallowDynamicLoop]: 0 failure(s)
Postproc #1 [s_tir.meta_schedule.RewriteCooperativeFetch]: 0 failure(s)
Postproc #2 [s_tir.meta_schedule.RewriteUnboundBlock]: 0 failure(s)
Postproc #3 [s_tir.meta_schedule.RewriteParallelVectorizeUnroll]: 0 failure(s)
Postproc #4 [s_tir.meta_schedule.RewriteReductionBlock]: 0 failure(s)
Postproc #5 [s_tir.meta_schedule.VerifyGPUCode]: 6111 failure(s)
Postproc #6 [s_tir.meta_schedule.RewriteTensorize]: 0 failure(s)
2026-08-26 15:04:53 [INFO] [evolutionary_search.cc:551] Sample-Init-Population summary:
Trace replay failures: 0 failure(s)
Postproc #0 [s_tir.meta_schedule.DisallowDynamicLoop]: 0 failure(s)
Postproc #1 [s_tir.meta_schedule.RewriteCooperativeFetch]: 0 failure(s)
Postproc #2 [s_tir.meta_schedule.RewriteUnboundBlock]: 0 failure(s)
Postproc #3 [s_tir.meta_schedule.RewriteParallelVectorizeUnroll]: 0 failure(s)
Postproc #4 [s_tir.meta_schedule.RewriteReductionBlock]: 0 failure(s)
Postproc #5 [s_tir.meta_schedule.VerifyGPUCode]: 6518 failure(s)
Postproc #6 [s_tir.meta_schedule.RewriteTensorize]: 0 failure(s)
2026-08-26 15:04:54 [INFO] [evolutionary_search.cc:551] Sample-Init-Population summary:
Trace replay failures: 0 failure(s)
Postproc #0 [s_tir.meta_schedule.DisallowDynamicLoop]: 0 failure(s)
Postproc #1 [s_tir.meta_schedule.RewriteCooperativeFetch]: 0 failure(s)
Postproc #2 [s_tir.meta_schedule.RewriteUnboundBlock]: 0 failure(s)
Postproc #3 [s_tir.meta_schedule.RewriteParallelVectorizeUnroll]: 0 failure(s)
Postproc #4 [s_tir.meta_schedule.RewriteReductionBlock]: 0 failure(s)
Postproc #5 [s_tir.meta_schedule.VerifyGPUCode]: 6926 failure(s)
Postproc #6 [s_tir.meta_schedule.RewriteTensorize]: 0 failure(s)
2026-08-26 15:04:55 [INFO] [evolutionary_search.cc:551] Sample-Init-Population summary:
Trace replay failures: 0 failure(s)
Postproc #0 [s_tir.meta_schedule.DisallowDynamicLoop]: 0 failure(s)
Postproc #1 [s_tir.meta_schedule.RewriteCooperativeFetch]: 0 failure(s)
Postproc #2 [s_tir.meta_schedule.RewriteUnboundBlock]: 0 failure(s)
Postproc #3 [s_tir.meta_schedule.RewriteParallelVectorizeUnroll]: 0 failure(s)
Postproc #4 [s_tir.meta_schedule.RewriteReductionBlock]: 0 failure(s)
Postproc #5 [s_tir.meta_schedule.VerifyGPUCode]: 7332 failure(s)
Postproc #6 [s_tir.meta_schedule.RewriteTensorize]: 0 failure(s)
2026-08-26 15:04:56 [INFO] [evolutionary_search.cc:551] Sample-Init-Population summary:
Trace replay failures: 0 failure(s)
Postproc #0 [s_tir.meta_schedule.DisallowDynamicLoop]: 0 failure(s)
Postproc #1 [s_tir.meta_schedule.RewriteCooperativeFetch]: 0 failure(s)
Postproc #2 [s_tir.meta_schedule.RewriteUnboundBlock]: 0 failure(s)
Postproc #3 [s_tir.meta_schedule.RewriteParallelVectorizeUnroll]: 0 failure(s)
Postproc #4 [s_tir.meta_schedule.RewriteReductionBlock]: 0 failure(s)
Postproc #5 [s_tir.meta_schedule.VerifyGPUCode]: 7739 failure(s)
Postproc #6 [s_tir.meta_schedule.RewriteTensorize]: 0 failure(s)
2026-08-26 15:04:56 [INFO] [evolutionary_search.cc:748] Sampled 51 candidate(s)
2026-08-26 15:04:58 [INFO] [evolutionary_search.cc:645] Evolve iter #0 done. Summary:
Trace replay failures: 0 failure(s)
Postproc #0 [s_tir.meta_schedule.DisallowDynamicLoop]: 0 failure(s)
Postproc #1 [s_tir.meta_schedule.RewriteCooperativeFetch]: 0 failure(s)
Postproc #2 [s_tir.meta_schedule.RewriteUnboundBlock]: 0 failure(s)
Postproc #3 [s_tir.meta_schedule.RewriteParallelVectorizeUnroll]: 0 failure(s)
Postproc #4 [s_tir.meta_schedule.RewriteReductionBlock]: 0 failure(s)
Postproc #5 [s_tir.meta_schedule.VerifyGPUCode]: 63 failure(s)
Postproc #6 [s_tir.meta_schedule.RewriteTensorize]: 0 failure(s)
2026-08-26 15:05:01 [INFO] [evolutionary_search.cc:645] Evolve iter #1 done. Summary:
Trace replay failures: 0 failure(s)
Postproc #0 [s_tir.meta_schedule.DisallowDynamicLoop]: 0 failure(s)
Postproc #1 [s_tir.meta_schedule.RewriteCooperativeFetch]: 0 failure(s)
Postproc #2 [s_tir.meta_schedule.RewriteUnboundBlock]: 0 failure(s)
Postproc #3 [s_tir.meta_schedule.RewriteParallelVectorizeUnroll]: 0 failure(s)
Postproc #4 [s_tir.meta_schedule.RewriteReductionBlock]: 0 failure(s)
Postproc #5 [s_tir.meta_schedule.VerifyGPUCode]: 67 failure(s)
Postproc #6 [s_tir.meta_schedule.RewriteTensorize]: 0 failure(s)
2026-08-26 15:05:03 [INFO] [evolutionary_search.cc:645] Evolve iter #2 done. Summary:
Trace replay failures: 0 failure(s)
Postproc #0 [s_tir.meta_schedule.DisallowDynamicLoop]: 0 failure(s)
Postproc #1 [s_tir.meta_schedule.RewriteCooperativeFetch]: 0 failure(s)
Postproc #2 [s_tir.meta_schedule.RewriteUnboundBlock]: 0 failure(s)
Postproc #3 [s_tir.meta_schedule.RewriteParallelVectorizeUnroll]: 0 failure(s)
Postproc #4 [s_tir.meta_schedule.RewriteReductionBlock]: 0 failure(s)
Postproc #5 [s_tir.meta_schedule.VerifyGPUCode]: 68 failure(s)
Postproc #6 [s_tir.meta_schedule.RewriteTensorize]: 0 failure(s)
2026-08-26 15:05:06 [INFO] [evolutionary_search.cc:645] Evolve iter #3 done. Summary:
Trace replay failures: 0 failure(s)
Postproc #0 [s_tir.meta_schedule.DisallowDynamicLoop]: 0 failure(s)
Postproc #1 [s_tir.meta_schedule.RewriteCooperativeFetch]: 0 failure(s)
Postproc #2 [s_tir.meta_schedule.RewriteUnboundBlock]: 0 failure(s)
Postproc #3 [s_tir.meta_schedule.RewriteParallelVectorizeUnroll]: 0 failure(s)
Postproc #4 [s_tir.meta_schedule.RewriteReductionBlock]: 0 failure(s)
Postproc #5 [s_tir.meta_schedule.VerifyGPUCode]: 45 failure(s)
Postproc #6 [s_tir.meta_schedule.RewriteTensorize]: 0 failure(s)
2026-08-26 15:05:08 [INFO] [evolutionary_search.cc:673] Scores of the best 64 candidates:
[1 : 16]:	0.9847  0.9847  0.9847  0.9847  0.9847  0.9847  0.9837  0.9755  0.9744  0.9741  0.9741  0.9741  0.9741  0.9741  0.9741  0.9741
[17 : 32]:	0.9723  0.9650  0.9640  0.9586  0.9225  0.9225  0.9170  0.9126  0.9126  0.9126  0.8932  0.8932  0.8846  0.8846  0.8846  0.8814
[33 : 48]:	0.8741  0.8741  0.8655  0.8645  0.8645  0.8549  0.8549  0.8549  0.8549  0.8549  0.8542  0.8542  0.8498  0.8498  0.8436  0.8152
[49 : 64]:	0.8152  0.8152  0.8152  0.8152  0.8142  0.8091  0.8046  0.8023  0.8023  0.7926  0.7926  0.7926  0.7877  0.7831  0.7645  0.7606
2026-08-26 15:05:08 [INFO] [evolutionary_search.cc:752] Got 64 candidate(s) with evolutionary search
2026-08-26 15:05:08 [INFO] [evolutionary_search.cc:755] Sending 64 candidates(s) for measurement
2026-08-26 15:05:58 [INFO] [task_scheduler.cc:144] [Task #0: main] Trial #129: GFLOPs: 8672.1980. Time: 379.1812 us. Best GFLOPs: 9591.9237
2026-08-26 15:05:58 [INFO] [task_scheduler.cc:144] [Task #0: main] Trial #130: GFLOPs: 8693.0391. Time: 378.2721 us. Best GFLOPs: 9591.9237
2026-08-26 15:05:58 [INFO] [task_scheduler.cc:144] [Task #0: main] Trial #131: GFLOPs: 8412.0588. Time: 390.9072 us. Best GFLOPs: 9591.9237
2026-08-26 15:05:58 [INFO] [task_scheduler.cc:144] [Task #0: main] Trial #132: GFLOPs: 5595.0580. Time: 587.7212 us. Best GFLOPs: 9591.9237
2026-08-26 15:05:58 [INFO] [task_scheduler.cc:144] [Task #0: main] Trial #133: GFLOPs: 9671.1404. Time: 340.0152 us. Best GFLOPs: 9671.1404
2026-08-26 15:05:58 [INFO] [task_scheduler.cc:144] [Task #0: main] Trial #134: GFLOPs: 9002.8094. Time: 365.2565 us. Best GFLOPs: 9671.1404
2026-08-26 15:05:58 [INFO] [task_scheduler.cc:144] [Task #0: main] Trial #135: GFLOPs: 10594.4638. Time: 310.3823 us. Best GFLOPs: 10594.4638
2026-08-26 15:05:58 [INFO] [task_scheduler.cc:144] [Task #0: main] Trial #136: GFLOPs: 8906.3156. Time: 369.2138 us. Best GFLOPs: 10594.4638
2026-08-26 15:05:58 [INFO] [task_scheduler.cc:144] [Task #0: main] Trial #137: GFLOPs: 8234.0883. Time: 399.3562 us. Best GFLOPs: 10594.4638
2026-08-26 15:05:58 [INFO] [task_scheduler.cc:144] [Task #0: main] Trial #138: GFLOPs: 9765.0074. Time: 336.7467 us. Best GFLOPs: 10594.4638
2026-08-26 15:05:58 [INFO] [task_scheduler.cc:144] [Task #0: main] Trial #139: GFLOPs: 5830.2602. Time: 564.0116 us. Best GFLOPs: 10594.4638
2026-08-26 15:05:58 [INFO] [task_scheduler.cc:144] [Task #0: main] Trial #140: GFLOPs: 8960.7665. Time: 366.9702 us. Best GFLOPs: 10594.4638
2026-08-26 15:05:58 [INFO] [task_scheduler.cc:144] [Task #0: main] Trial #141: GFLOPs: 9485.6911. Time: 346.6626 us. Best GFLOPs: 10594.4638
2026-08-26 15:05:58 [INFO] [task_scheduler.cc:144] [Task #0: main] Trial #142: GFLOPs: 8420.8701. Time: 390.4982 us. Best GFLOPs: 10594.4638
2026-08-26 15:05:58 [INFO] [task_scheduler.cc:144] [Task #0: main] Trial #143: GFLOPs: 7935.1771. Time: 414.3996 us. Best GFLOPs: 10594.4638
2026-08-26 15:05:58 [INFO] [task_scheduler.cc:144] [Task #0: main] Trial #144: GFLOPs: 9121.3745. Time: 360.5086 us. Best GFLOPs: 10594.4638
2026-08-26 15:05:58 [INFO] [task_scheduler.cc:144] [Task #0: main] Trial #145: GFLOPs: 6808.5572. Time: 482.9708 us. Best GFLOPs: 10594.4638
2026-08-26 15:05:58 [INFO] [task_scheduler.cc:144] [Task #0: main] Trial #146: GFLOPs: 7728.4936. Time: 425.4819 us. Best GFLOPs: 10594.4638
2026-08-26 15:05:58 [INFO] [task_scheduler.cc:144] [Task #0: main] Trial #147: GFLOPs: 7781.6391. Time: 422.5761 us. Best GFLOPs: 10594.4638
2026-08-26 15:05:58 [INFO] [task_scheduler.cc:144] [Task #0: main] Trial #148: GFLOPs: 6304.9083. Time: 521.5515 us. Best GFLOPs: 10594.4638
2026-08-26 15:05:58 [INFO] [task_scheduler.cc:144] [Task #0: main] Trial #149: GFLOPs: 7522.0857. Time: 437.1573 us. Best GFLOPs: 10594.4638
2026-08-26 15:05:58 [INFO] [task_scheduler.cc:144] [Task #0: main] Trial #150: GFLOPs: 9341.2287. Time: 352.0237 us. Best GFLOPs: 10594.4638
2026-08-26 15:05:58 [INFO] [task_scheduler.cc:144] [Task #0: main] Trial #151: GFLOPs: 8577.3976. Time: 383.3720 us. Best GFLOPs: 10594.4638
2026-08-26 15:05:58 [INFO] [task_scheduler.cc:144] [Task #0: main] Trial #152: GFLOPs: 7523.0582. Time: 437.1007 us. Best GFLOPs: 10594.4638
2026-08-26 15:05:58 [INFO] [task_scheduler.cc:144] [Task #0: main] Trial #153: GFLOPs: 8405.7056. Time: 391.2027 us. Best GFLOPs: 10594.4638
2026-08-26 15:05:58 [INFO] [task_scheduler.cc:144] [Task #0: main] Trial #154: GFLOPs: 8909.5086. Time: 369.0814 us. Best GFLOPs: 10594.4638
2026-08-26 15:05:58 [INFO] [task_scheduler.cc:144] [Task #0: main] Trial #155: GFLOPs: 9149.0815. Time: 359.4169 us. Best GFLOPs: 10594.4638
2026-08-26 15:05:58 [INFO] [task_scheduler.cc:144] [Task #0: main] Trial #156: GFLOPs: 8892.7132. Time: 369.7785 us. Best GFLOPs: 10594.4638
2026-08-26 15:05:58 [INFO] [task_scheduler.cc:144] [Task #0: main] Trial #157: GFLOPs: 6188.7232. Time: 531.3429 us. Best GFLOPs: 10594.4638
2026-08-26 15:05:58 [INFO] [task_scheduler.cc:144] [Task #0: main] Trial #158: GFLOPs: 5726.5646. Time: 574.2246 us. Best GFLOPs: 10594.4638
2026-08-26 15:05:58 [INFO] [task_scheduler.cc:144] [Task #0: main] Trial #159: GFLOPs: 8775.3727. Time: 374.7230 us. Best GFLOPs: 10594.4638
2026-08-26 15:05:58 [INFO] [task_scheduler.cc:144] [Task #0: main] Trial #160: GFLOPs: 6718.7792. Time: 489.4244 us. Best GFLOPs: 10594.4638
2026-08-26 15:05:58 [INFO] [task_scheduler.cc:144] [Task #0: main] Trial #161: GFLOPs: 7372.4491. Time: 446.0301 us. Best GFLOPs: 10594.4638
2026-08-26 15:05:58 [INFO] [task_scheduler.cc:144] [Task #0: main] Trial #162: GFLOPs: 7948.9829. Time: 413.6799 us. Best GFLOPs: 10594.4638
2026-08-26 15:05:58 [INFO] [task_scheduler.cc:144] [Task #0: main] Trial #163: GFLOPs: 6449.4638. Time: 509.8617 us. Best GFLOPs: 10594.4638
2026-08-26 15:05:58 [INFO] [task_scheduler.cc:144] [Task #0: main] Trial #164: GFLOPs: 6583.3863. Time: 499.4898 us. Best GFLOPs: 10594.4638
2026-08-26 15:05:58 [INFO] [task_scheduler.cc:144] [Task #0: main] Trial #165: GFLOPs: 6225.4944. Time: 528.2045 us. Best GFLOPs: 10594.4638
2026-08-26 15:05:58 [INFO] [task_scheduler.cc:144] [Task #0: main] Trial #166: GFLOPs: 6426.8153. Time: 511.6584 us. Best GFLOPs: 10594.4638
2026-08-26 15:05:58 [INFO] [task_scheduler.cc:144] [Task #0: main] Trial #167: GFLOPs: 5129.0250. Time: 641.1227 us. Best GFLOPs: 10594.4638
2026-08-26 15:05:58 [INFO] [task_scheduler.cc:144] [Task #0: main] Trial #168: GFLOPs: 6591.8949. Time: 498.8451 us. Best GFLOPs: 10594.4638
2026-08-26 15:05:58 [INFO] [task_scheduler.cc:144] [Task #0: main] Trial #169: GFLOPs: 6207.0462. Time: 529.7744 us. Best GFLOPs: 10594.4638
2026-08-26 15:05:58 [INFO] [task_scheduler.cc:144] [Task #0: main] Trial #170: GFLOPs: 5206.3094. Time: 631.6056 us. Best GFLOPs: 10594.4638
2026-08-26 15:05:58 [INFO] [task_scheduler.cc:144] [Task #0: main] Trial #171: GFLOPs: 8255.3621. Time: 398.3271 us. Best GFLOPs: 10594.4638
2026-08-26 15:05:58 [INFO] [task_scheduler.cc:144] [Task #0: main] Trial #172: GFLOPs: 9570.5390. Time: 343.5893 us. Best GFLOPs: 10594.4638
2026-08-26 15:05:58 [INFO] [task_scheduler.cc:144] [Task #0: main] Trial #173: GFLOPs: 8440.2426. Time: 389.6019 us. Best GFLOPs: 10594.4638
2026-08-26 15:05:58 [INFO] [task_scheduler.cc:144] [Task #0: main] Trial #174: GFLOPs: 5645.3086. Time: 582.4897 us. Best GFLOPs: 10594.4638
2026-08-26 15:05:58 [INFO] [task_scheduler.cc:144] [Task #0: main] Trial #175: GFLOPs: 9538.1791. Time: 344.7549 us. Best GFLOPs: 10594.4638
2026-08-26 15:05:58 [INFO] [task_scheduler.cc:144] [Task #0: main] Trial #176: GFLOPs: 7987.6984. Time: 411.6748 us. Best GFLOPs: 10594.4638
2026-08-26 15:05:58 [INFO] [task_scheduler.cc:144] [Task #0: main] Trial #177: GFLOPs: 8774.3750. Time: 374.7656 us. Best GFLOPs: 10594.4638
2026-08-26 15:05:58 [INFO] [task_scheduler.cc:144] [Task #0: main] Trial #178: GFLOPs: 8429.4973. Time: 390.0985 us. Best GFLOPs: 10594.4638
2026-08-26 15:05:58 [INFO] [task_scheduler.cc:144] [Task #0: main] Trial #179: GFLOPs: 8980.0533. Time: 366.1821 us. Best GFLOPs: 10594.4638
2026-08-26 15:05:58 [INFO] [task_scheduler.cc:144] [Task #0: main] Trial #180: GFLOPs: 7529.8367. Time: 436.7073 us. Best GFLOPs: 10594.4638
2026-08-26 15:05:58 [INFO] [task_scheduler.cc:144] [Task #0: main] Trial #181: GFLOPs: 9846.2709. Time: 333.9675 us. Best GFLOPs: 10594.4638
2026-08-26 15:05:58 [INFO] [task_scheduler.cc:144] [Task #0: main] Trial #182: GFLOPs: 8382.4518. Time: 392.2879 us. Best GFLOPs: 10594.4638
2026-08-26 15:05:58 [INFO] [task_scheduler.cc:144] [Task #0: main] Trial #183: GFLOPs: 9096.0706. Time: 361.5115 us. Best GFLOPs: 10594.4638
2026-08-26 15:05:58 [INFO] [task_scheduler.cc:144] [Task #0: main] Trial #184: GFLOPs: 8953.8406. Time: 367.2541 us. Best GFLOPs: 10594.4638
2026-08-26 15:05:58 [INFO] [task_scheduler.cc:144] [Task #0: main] Trial #185: GFLOPs: 8813.1170. Time: 373.1182 us. Best GFLOPs: 10594.4638
2026-08-26 15:05:58 [INFO] [task_scheduler.cc:144] [Task #0: main] Trial #186: GFLOPs: 4330.5917. Time: 759.3268 us. Best GFLOPs: 10594.4638
2026-08-26 15:05:58 [INFO] [task_scheduler.cc:144] [Task #0: main] Trial #187: GFLOPs: 6336.6523. Time: 518.9387 us. Best GFLOPs: 10594.4638
2026-08-26 15:05:58 [INFO] [task_scheduler.cc:144] [Task #0: main] Trial #188: GFLOPs: 6290.8886. Time: 522.7138 us. Best GFLOPs: 10594.4638
2026-08-26 15:05:58 [INFO] [task_scheduler.cc:144] [Task #0: main] Trial #189: GFLOPs: 4047.6429. Time: 812.4072 us. Best GFLOPs: 10594.4638
2026-08-26 15:05:58 [INFO] [task_scheduler.cc:144] [Task #0: main] Trial #190: GFLOPs: 752.6620. Time: 4368.9388 us. Best GFLOPs: 10594.4638
2026-08-26 15:05:58 [INFO] [task_scheduler.cc:144] [Task #0: main] Trial #191: GFLOPs: 1991.2435. Time: 1651.3974 us. Best GFLOPs: 10594.4638
2026-08-26 15:05:58 [INFO] [task_scheduler.cc:144] [Task #0: main] Trial #192: GFLOPs: 726.4229. Time: 4526.7491 us. Best GFLOPs: 10594.4638
2026-08-26 15:05:58 [INFO] [evolutionary_search.cc:738] Generating candidates......
2026-08-26 15:05:59 [INFO] [evolutionary_search.cc:505] Pick-Best-From-Database summary:
Trace replay failures: 0 failure(s)
Postproc #0 [s_tir.meta_schedule.DisallowDynamicLoop]: 0 failure(s)
Postproc #1 [s_tir.meta_schedule.RewriteCooperativeFetch]: 0 failure(s)
Postproc #2 [s_tir.meta_schedule.RewriteUnboundBlock]: 0 failure(s)
Postproc #3 [s_tir.meta_schedule.RewriteParallelVectorizeUnroll]: 0 failure(s)
Postproc #4 [s_tir.meta_schedule.RewriteReductionBlock]: 0 failure(s)
Postproc #5 [s_tir.meta_schedule.VerifyGPUCode]: 0 failure(s)
Postproc #6 [s_tir.meta_schedule.RewriteTensorize]: 0 failure(s)
2026-08-26 15:05:59 [INFO] [evolutionary_search.cc:740] Picked top 102 candidate(s) from database
2026-08-26 15:06:00 [INFO] [evolutionary_search.cc:551] Sample-Init-Population summary:
Trace replay failures: 0 failure(s)
Postproc #0 [s_tir.meta_schedule.DisallowDynamicLoop]: 0 failure(s)
Postproc #1 [s_tir.meta_schedule.RewriteCooperativeFetch]: 0 failure(s)
Postproc #2 [s_tir.meta_schedule.RewriteUnboundBlock]: 0 failure(s)
Postproc #3 [s_tir.meta_schedule.RewriteParallelVectorizeUnroll]: 0 failure(s)
Postproc #4 [s_tir.meta_schedule.RewriteReductionBlock]: 0 failure(s)
Postproc #5 [s_tir.meta_schedule.VerifyGPUCode]: 407 failure(s)
Postproc #6 [s_tir.meta_schedule.RewriteTensorize]: 0 failure(s)
2026-08-26 15:06:00 [INFO] [evolutionary_search.cc:551] Sample-Init-Population summary:
Trace replay failures: 0 failure(s)
Postproc #0 [s_tir.meta_schedule.DisallowDynamicLoop]: 0 failure(s)
Postproc #1 [s_tir.meta_schedule.RewriteCooperativeFetch]: 0 failure(s)
Postproc #2 [s_tir.meta_schedule.RewriteUnboundBlock]: 0 failure(s)
Postproc #3 [s_tir.meta_schedule.RewriteParallelVectorizeUnroll]: 0 failure(s)
Postproc #4 [s_tir.meta_schedule.RewriteReductionBlock]: 0 failure(s)
Postproc #5 [s_tir.meta_schedule.VerifyGPUCode]: 817 failure(s)
Postproc #6 [s_tir.meta_schedule.RewriteTensorize]: 0 failure(s)
2026-08-26 15:06:01 [INFO] [evolutionary_search.cc:551] Sample-Init-Population summary:
Trace replay failures: 0 failure(s)
Postproc #0 [s_tir.meta_schedule.DisallowDynamicLoop]: 0 failure(s)
Postproc #1 [s_tir.meta_schedule.RewriteCooperativeFetch]: 0 failure(s)
Postproc #2 [s_tir.meta_schedule.RewriteUnboundBlock]: 0 failure(s)
Postproc #3 [s_tir.meta_schedule.RewriteParallelVectorizeUnroll]: 0 failure(s)
Postproc #4 [s_tir.meta_schedule.RewriteReductionBlock]: 0 failure(s)
Postproc #5 [s_tir.meta_schedule.VerifyGPUCode]: 1227 failure(s)
Postproc #6 [s_tir.meta_schedule.RewriteTensorize]: 0 failure(s)
2026-08-26 15:06:02 [INFO] [evolutionary_search.cc:551] Sample-Init-Population summary:
Trace replay failures: 0 failure(s)
Postproc #0 [s_tir.meta_schedule.DisallowDynamicLoop]: 0 failure(s)
Postproc #1 [s_tir.meta_schedule.RewriteCooperativeFetch]: 0 failure(s)
Postproc #2 [s_tir.meta_schedule.RewriteUnboundBlock]: 0 failure(s)
Postproc #3 [s_tir.meta_schedule.RewriteParallelVectorizeUnroll]: 0 failure(s)
Postproc #4 [s_tir.meta_schedule.RewriteReductionBlock]: 0 failure(s)
Postproc #5 [s_tir.meta_schedule.VerifyGPUCode]: 1635 failure(s)
Postproc #6 [s_tir.meta_schedule.RewriteTensorize]: 0 failure(s)
2026-08-26 15:06:03 [INFO] [evolutionary_search.cc:551] Sample-Init-Population summary:
Trace replay failures: 0 failure(s)
Postproc #0 [s_tir.meta_schedule.DisallowDynamicLoop]: 0 failure(s)
Postproc #1 [s_tir.meta_schedule.RewriteCooperativeFetch]: 0 failure(s)
Postproc #2 [s_tir.meta_schedule.RewriteUnboundBlock]: 0 failure(s)
Postproc #3 [s_tir.meta_schedule.RewriteParallelVectorizeUnroll]: 0 failure(s)
Postproc #4 [s_tir.meta_schedule.RewriteReductionBlock]: 0 failure(s)
Postproc #5 [s_tir.meta_schedule.VerifyGPUCode]: 2040 failure(s)
Postproc #6 [s_tir.meta_schedule.RewriteTensorize]: 0 failure(s)
2026-08-26 15:06:04 [INFO] [evolutionary_search.cc:551] Sample-Init-Population summary:
Trace replay failures: 0 failure(s)
Postproc #0 [s_tir.meta_schedule.DisallowDynamicLoop]: 0 failure(s)
Postproc #1 [s_tir.meta_schedule.RewriteCooperativeFetch]: 0 failure(s)
Postproc #2 [s_tir.meta_schedule.RewriteUnboundBlock]: 0 failure(s)
Postproc #3 [s_tir.meta_schedule.RewriteParallelVectorizeUnroll]: 0 failure(s)
Postproc #4 [s_tir.meta_schedule.RewriteReductionBlock]: 0 failure(s)
Postproc #5 [s_tir.meta_schedule.VerifyGPUCode]: 2448 failure(s)
Postproc #6 [s_tir.meta_schedule.RewriteTensorize]: 0 failure(s)
2026-08-26 15:06:05 [INFO] [evolutionary_search.cc:551] Sample-Init-Population summary:
Trace replay failures: 0 failure(s)
Postproc #0 [s_tir.meta_schedule.DisallowDynamicLoop]: 0 failure(s)
Postproc #1 [s_tir.meta_schedule.RewriteCooperativeFetch]: 0 failure(s)
Postproc #2 [s_tir.meta_schedule.RewriteUnboundBlock]: 0 failure(s)
Postproc #3 [s_tir.meta_schedule.RewriteParallelVectorizeUnroll]: 0 failure(s)
Postproc #4 [s_tir.meta_schedule.RewriteReductionBlock]: 0 failure(s)
Postproc #5 [s_tir.meta_schedule.VerifyGPUCode]: 2854 failure(s)
Postproc #6 [s_tir.meta_schedule.RewriteTensorize]: 0 failure(s)
2026-08-26 15:06:06 [INFO] [evolutionary_search.cc:551] Sample-Init-Population summary:
Trace replay failures: 0 failure(s)
Postproc #0 [s_tir.meta_schedule.DisallowDynamicLoop]: 0 failure(s)
Postproc #1 [s_tir.meta_schedule.RewriteCooperativeFetch]: 0 failure(s)
Postproc #2 [s_tir.meta_schedule.RewriteUnboundBlock]: 0 failure(s)
Postproc #3 [s_tir.meta_schedule.RewriteParallelVectorizeUnroll]: 0 failure(s)
Postproc #4 [s_tir.meta_schedule.RewriteReductionBlock]: 0 failure(s)
Postproc #5 [s_tir.meta_schedule.VerifyGPUCode]: 3263 failure(s)
Postproc #6 [s_tir.meta_schedule.RewriteTensorize]: 0 failure(s)
2026-08-26 15:06:07 [INFO] [evolutionary_search.cc:551] Sample-Init-Population summary:
Trace replay failures: 0 failure(s)
Postproc #0 [s_tir.meta_schedule.DisallowDynamicLoop]: 0 failure(s)
Postproc #1 [s_tir.meta_schedule.RewriteCooperativeFetch]: 0 failure(s)
Postproc #2 [s_tir.meta_schedule.RewriteUnboundBlock]: 0 failure(s)
Postproc #3 [s_tir.meta_schedule.RewriteParallelVectorizeUnroll]: 0 failure(s)
Postproc #4 [s_tir.meta_schedule.RewriteReductionBlock]: 0 failure(s)
Postproc #5 [s_tir.meta_schedule.VerifyGPUCode]: 3672 failure(s)
Postproc #6 [s_tir.meta_schedule.RewriteTensorize]: 0 failure(s)
2026-08-26 15:06:08 [INFO] [evolutionary_search.cc:551] Sample-Init-Population summary:
Trace replay failures: 0 failure(s)
Postproc #0 [s_tir.meta_schedule.DisallowDynamicLoop]: 0 failure(s)
Postproc #1 [s_tir.meta_schedule.RewriteCooperativeFetch]: 0 failure(s)
Postproc #2 [s_tir.meta_schedule.RewriteUnboundBlock]: 0 failure(s)
Postproc #3 [s_tir.meta_schedule.RewriteParallelVectorizeUnroll]: 0 failure(s)
Postproc #4 [s_tir.meta_schedule.RewriteReductionBlock]: 0 failure(s)
Postproc #5 [s_tir.meta_schedule.VerifyGPUCode]: 4079 failure(s)
Postproc #6 [s_tir.meta_schedule.RewriteTensorize]: 0 failure(s)
2026-08-26 15:06:09 [INFO] [evolutionary_search.cc:551] Sample-Init-Population summary:
Trace replay failures: 0 failure(s)
Postproc #0 [s_tir.meta_schedule.DisallowDynamicLoop]: 0 failure(s)
Postproc #1 [s_tir.meta_schedule.RewriteCooperativeFetch]: 0 failure(s)
Postproc #2 [s_tir.meta_schedule.RewriteUnboundBlock]: 0 failure(s)
Postproc #3 [s_tir.meta_schedule.RewriteParallelVectorizeUnroll]: 0 failure(s)
Postproc #4 [s_tir.meta_schedule.RewriteReductionBlock]: 0 failure(s)
Postproc #5 [s_tir.meta_schedule.VerifyGPUCode]: 4487 failure(s)
Postproc #6 [s_tir.meta_schedule.RewriteTensorize]: 0 failure(s)
2026-08-26 15:06:09 [INFO] [evolutionary_search.cc:551] Sample-Init-Population summary:
Trace replay failures: 0 failure(s)
Postproc #0 [s_tir.meta_schedule.DisallowDynamicLoop]: 0 failure(s)
Postproc #1 [s_tir.meta_schedule.RewriteCooperativeFetch]: 0 failure(s)
Postproc #2 [s_tir.meta_schedule.RewriteUnboundBlock]: 0 failure(s)
Postproc #3 [s_tir.meta_schedule.RewriteParallelVectorizeUnroll]: 0 failure(s)
Postproc #4 [s_tir.meta_schedule.RewriteReductionBlock]: 0 failure(s)
Postproc #5 [s_tir.meta_schedule.VerifyGPUCode]: 4894 failure(s)
Postproc #6 [s_tir.meta_schedule.RewriteTensorize]: 0 failure(s)
2026-08-26 15:06:10 [INFO] [evolutionary_search.cc:551] Sample-Init-Population summary:
Trace replay failures: 0 failure(s)
Postproc #0 [s_tir.meta_schedule.DisallowDynamicLoop]: 0 failure(s)
Postproc #1 [s_tir.meta_schedule.RewriteCooperativeFetch]: 0 failure(s)
Postproc #2 [s_tir.meta_schedule.RewriteUnboundBlock]: 0 failure(s)
Postproc #3 [s_tir.meta_schedule.RewriteParallelVectorizeUnroll]: 0 failure(s)
Postproc #4 [s_tir.meta_schedule.RewriteReductionBlock]: 0 failure(s)
Postproc #5 [s_tir.meta_schedule.VerifyGPUCode]: 5304 failure(s)
Postproc #6 [s_tir.meta_schedule.RewriteTensorize]: 0 failure(s)
2026-08-26 15:06:11 [INFO] [evolutionary_search.cc:551] Sample-Init-Population summary:
Trace replay failures: 0 failure(s)
Postproc #0 [s_tir.meta_schedule.DisallowDynamicLoop]: 0 failure(s)
Postproc #1 [s_tir.meta_schedule.RewriteCooperativeFetch]: 0 failure(s)
Postproc #2 [s_tir.meta_schedule.RewriteUnboundBlock]: 0 failure(s)
Postproc #3 [s_tir.meta_schedule.RewriteParallelVectorizeUnroll]: 0 failure(s)
Postproc #4 [s_tir.meta_schedule.RewriteReductionBlock]: 0 failure(s)
Postproc #5 [s_tir.meta_schedule.VerifyGPUCode]: 5711 failure(s)
Postproc #6 [s_tir.meta_schedule.RewriteTensorize]: 0 failure(s)
2026-08-26 15:06:12 [INFO] [evolutionary_search.cc:551] Sample-Init-Population summary:
Trace replay failures: 0 failure(s)
Postproc #0 [s_tir.meta_schedule.DisallowDynamicLoop]: 0 failure(s)
Postproc #1 [s_tir.meta_schedule.RewriteCooperativeFetch]: 0 failure(s)
Postproc #2 [s_tir.meta_schedule.RewriteUnboundBlock]: 0 failure(s)
Postproc #3 [s_tir.meta_schedule.RewriteParallelVectorizeUnroll]: 0 failure(s)
Postproc #4 [s_tir.meta_schedule.RewriteReductionBlock]: 0 failure(s)
Postproc #5 [s_tir.meta_schedule.VerifyGPUCode]: 6119 failure(s)
Postproc #6 [s_tir.meta_schedule.RewriteTensorize]: 0 failure(s)
2026-08-26 15:06:13 [INFO] [evolutionary_search.cc:551] Sample-Init-Population summary:
Trace replay failures: 0 failure(s)
Postproc #0 [s_tir.meta_schedule.DisallowDynamicLoop]: 0 failure(s)
Postproc #1 [s_tir.meta_schedule.RewriteCooperativeFetch]: 0 failure(s)
Postproc #2 [s_tir.meta_schedule.RewriteUnboundBlock]: 0 failure(s)
Postproc #3 [s_tir.meta_schedule.RewriteParallelVectorizeUnroll]: 0 failure(s)
Postproc #4 [s_tir.meta_schedule.RewriteReductionBlock]: 0 failure(s)
Postproc #5 [s_tir.meta_schedule.VerifyGPUCode]: 6526 failure(s)
Postproc #6 [s_tir.meta_schedule.RewriteTensorize]: 0 failure(s)
2026-08-26 15:06:14 [INFO] [evolutionary_search.cc:551] Sample-Init-Population summary:
Trace replay failures: 0 failure(s)
Postproc #0 [s_tir.meta_schedule.DisallowDynamicLoop]: 0 failure(s)
Postproc #1 [s_tir.meta_schedule.RewriteCooperativeFetch]: 0 failure(s)
Postproc #2 [s_tir.meta_schedule.RewriteUnboundBlock]: 0 failure(s)
Postproc #3 [s_tir.meta_schedule.RewriteParallelVectorizeUnroll]: 0 failure(s)
Postproc #4 [s_tir.meta_schedule.RewriteReductionBlock]: 0 failure(s)
Postproc #5 [s_tir.meta_schedule.VerifyGPUCode]: 6935 failure(s)
Postproc #6 [s_tir.meta_schedule.RewriteTensorize]: 0 failure(s)
2026-08-26 15:06:15 [INFO] [evolutionary_search.cc:551] Sample-Init-Population summary:
Trace replay failures: 0 failure(s)
Postproc #0 [s_tir.meta_schedule.DisallowDynamicLoop]: 0 failure(s)
Postproc #1 [s_tir.meta_schedule.RewriteCooperativeFetch]: 0 failure(s)
Postproc #2 [s_tir.meta_schedule.RewriteUnboundBlock]: 0 failure(s)
Postproc #3 [s_tir.meta_schedule.RewriteParallelVectorizeUnroll]: 0 failure(s)
Postproc #4 [s_tir.meta_schedule.RewriteReductionBlock]: 0 failure(s)
Postproc #5 [s_tir.meta_schedule.VerifyGPUCode]: 7344 failure(s)
Postproc #6 [s_tir.meta_schedule.RewriteTensorize]: 0 failure(s)
2026-08-26 15:06:16 [INFO] [evolutionary_search.cc:551] Sample-Init-Population summary:
Trace replay failures: 0 failure(s)
Postproc #0 [s_tir.meta_schedule.DisallowDynamicLoop]: 0 failure(s)
Postproc #1 [s_tir.meta_schedule.RewriteCooperativeFetch]: 0 failure(s)
Postproc #2 [s_tir.meta_schedule.RewriteUnboundBlock]: 0 failure(s)
Postproc #3 [s_tir.meta_schedule.RewriteParallelVectorizeUnroll]: 0 failure(s)
Postproc #4 [s_tir.meta_schedule.RewriteReductionBlock]: 0 failure(s)
Postproc #5 [s_tir.meta_schedule.VerifyGPUCode]: 7751 failure(s)
Postproc #6 [s_tir.meta_schedule.RewriteTensorize]: 0 failure(s)
2026-08-26 15:06:17 [INFO] [evolutionary_search.cc:551] Sample-Init-Population summary:
Trace replay failures: 0 failure(s)
Postproc #0 [s_tir.meta_schedule.DisallowDynamicLoop]: 0 failure(s)
Postproc #1 [s_tir.meta_schedule.RewriteCooperativeFetch]: 0 failure(s)
Postproc #2 [s_tir.meta_schedule.RewriteUnboundBlock]: 0 failure(s)
Postproc #3 [s_tir.meta_schedule.RewriteParallelVectorizeUnroll]: 0 failure(s)
Postproc #4 [s_tir.meta_schedule.RewriteReductionBlock]: 0 failure(s)
Postproc #5 [s_tir.meta_schedule.VerifyGPUCode]: 8158 failure(s)
Postproc #6 [s_tir.meta_schedule.RewriteTensorize]: 0 failure(s)
2026-08-26 15:06:18 [INFO] [evolutionary_search.cc:551] Sample-Init-Population summary:
Trace replay failures: 0 failure(s)
Postproc #0 [s_tir.meta_schedule.DisallowDynamicLoop]: 0 failure(s)
Postproc #1 [s_tir.meta_schedule.RewriteCooperativeFetch]: 0 failure(s)
Postproc #2 [s_tir.meta_schedule.RewriteUnboundBlock]: 0 failure(s)
Postproc #3 [s_tir.meta_schedule.RewriteParallelVectorizeUnroll]: 0 failure(s)
Postproc #4 [s_tir.meta_schedule.RewriteReductionBlock]: 0 failure(s)
Postproc #5 [s_tir.meta_schedule.VerifyGPUCode]: 8567 failure(s)
Postproc #6 [s_tir.meta_schedule.RewriteTensorize]: 0 failure(s)
2026-08-26 15:06:18 [INFO] [evolutionary_search.cc:551] Sample-Init-Population summary:
Trace replay failures: 0 failure(s)
Postproc #0 [s_tir.meta_schedule.DisallowDynamicLoop]: 0 failure(s)
Postproc #1 [s_tir.meta_schedule.RewriteCooperativeFetch]: 0 failure(s)
Postproc #2 [s_tir.meta_schedule.RewriteUnboundBlock]: 0 failure(s)
Postproc #3 [s_tir.meta_schedule.RewriteParallelVectorizeUnroll]: 0 failure(s)
Postproc #4 [s_tir.meta_schedule.RewriteReductionBlock]: 0 failure(s)
Postproc #5 [s_tir.meta_schedule.VerifyGPUCode]: 8977 failure(s)
Postproc #6 [s_tir.meta_schedule.RewriteTensorize]: 0 failure(s)
2026-08-26 15:06:19 [INFO] [evolutionary_search.cc:551] Sample-Init-Population summary:
Trace replay failures: 0 failure(s)
Postproc #0 [s_tir.meta_schedule.DisallowDynamicLoop]: 0 failure(s)
Postproc #1 [s_tir.meta_schedule.RewriteCooperativeFetch]: 0 failure(s)
Postproc #2 [s_tir.meta_schedule.RewriteUnboundBlock]: 0 failure(s)
Postproc #3 [s_tir.meta_schedule.RewriteParallelVectorizeUnroll]: 0 failure(s)
Postproc #4 [s_tir.meta_schedule.RewriteReductionBlock]: 0 failure(s)
Postproc #5 [s_tir.meta_schedule.VerifyGPUCode]: 9385 failure(s)
Postproc #6 [s_tir.meta_schedule.RewriteTensorize]: 0 failure(s)
2026-08-26 15:06:20 [INFO] [evolutionary_search.cc:551] Sample-Init-Population summary:
Trace replay failures: 0 failure(s)
Postproc #0 [s_tir.meta_schedule.DisallowDynamicLoop]: 0 failure(s)
Postproc #1 [s_tir.meta_schedule.RewriteCooperativeFetch]: 0 failure(s)
Postproc #2 [s_tir.meta_schedule.RewriteUnboundBlock]: 0 failure(s)
Postproc #3 [s_tir.meta_schedule.RewriteParallelVectorizeUnroll]: 0 failure(s)
Postproc #4 [s_tir.meta_schedule.RewriteReductionBlock]: 0 failure(s)
Postproc #5 [s_tir.meta_schedule.VerifyGPUCode]: 9792 failure(s)
Postproc #6 [s_tir.meta_schedule.RewriteTensorize]: 0 failure(s)
2026-08-26 15:06:21 [INFO] [evolutionary_search.cc:551] Sample-Init-Population summary:
Trace replay failures: 0 failure(s)
Postproc #0 [s_tir.meta_schedule.DisallowDynamicLoop]: 0 failure(s)
Postproc #1 [s_tir.meta_schedule.RewriteCooperativeFetch]: 0 failure(s)
Postproc #2 [s_tir.meta_schedule.RewriteUnboundBlock]: 0 failure(s)
Postproc #3 [s_tir.meta_schedule.RewriteParallelVectorizeUnroll]: 0 failure(s)
Postproc #4 [s_tir.meta_schedule.RewriteReductionBlock]: 0 failure(s)
Postproc #5 [s_tir.meta_schedule.VerifyGPUCode]: 10197 failure(s)
Postproc #6 [s_tir.meta_schedule.RewriteTensorize]: 0 failure(s)
2026-08-26 15:06:21 [INFO] [evolutionary_search.cc:748] Sampled 53 candidate(s)
2026-08-26 15:06:23 [INFO] [evolutionary_search.cc:645] Evolve iter #0 done. Summary:
Trace replay failures: 0 failure(s)
Postproc #0 [s_tir.meta_schedule.DisallowDynamicLoop]: 0 failure(s)
Postproc #1 [s_tir.meta_schedule.RewriteCooperativeFetch]: 0 failure(s)
Postproc #2 [s_tir.meta_schedule.RewriteUnboundBlock]: 0 failure(s)
Postproc #3 [s_tir.meta_schedule.RewriteParallelVectorizeUnroll]: 0 failure(s)
Postproc #4 [s_tir.meta_schedule.RewriteReductionBlock]: 0 failure(s)
Postproc #5 [s_tir.meta_schedule.VerifyGPUCode]: 55 failure(s)
Postproc #6 [s_tir.meta_schedule.RewriteTensorize]: 0 failure(s)
2026-08-26 15:06:26 [INFO] [evolutionary_search.cc:645] Evolve iter #1 done. Summary:
Trace replay failures: 0 failure(s)
Postproc #0 [s_tir.meta_schedule.DisallowDynamicLoop]: 0 failure(s)
Postproc #1 [s_tir.meta_schedule.RewriteCooperativeFetch]: 0 failure(s)
Postproc #2 [s_tir.meta_schedule.RewriteUnboundBlock]: 0 failure(s)
Postproc #3 [s_tir.meta_schedule.RewriteParallelVectorizeUnroll]: 0 failure(s)
Postproc #4 [s_tir.meta_schedule.RewriteReductionBlock]: 0 failure(s)
Postproc #5 [s_tir.meta_schedule.VerifyGPUCode]: 39 failure(s)
Postproc #6 [s_tir.meta_schedule.RewriteTensorize]: 0 failure(s)
2026-08-26 15:06:29 [INFO] [evolutionary_search.cc:645] Evolve iter #2 done. Summary:
Trace replay failures: 0 failure(s)
Postproc #0 [s_tir.meta_schedule.DisallowDynamicLoop]: 0 failure(s)
Postproc #1 [s_tir.meta_schedule.RewriteCooperativeFetch]: 0 failure(s)
Postproc #2 [s_tir.meta_schedule.RewriteUnboundBlock]: 0 failure(s)
Postproc #3 [s_tir.meta_schedule.RewriteParallelVectorizeUnroll]: 0 failure(s)
Postproc #4 [s_tir.meta_schedule.RewriteReductionBlock]: 0 failure(s)
Postproc #5 [s_tir.meta_schedule.VerifyGPUCode]: 35 failure(s)
Postproc #6 [s_tir.meta_schedule.RewriteTensorize]: 0 failure(s)
2026-08-26 15:06:32 [INFO] [evolutionary_search.cc:645] Evolve iter #3 done. Summary:
Trace replay failures: 0 failure(s)
Postproc #0 [s_tir.meta_schedule.DisallowDynamicLoop]: 0 failure(s)
Postproc #1 [s_tir.meta_schedule.RewriteCooperativeFetch]: 0 failure(s)
Postproc #2 [s_tir.meta_schedule.RewriteUnboundBlock]: 0 failure(s)
Postproc #3 [s_tir.meta_schedule.RewriteParallelVectorizeUnroll]: 0 failure(s)
Postproc #4 [s_tir.meta_schedule.RewriteReductionBlock]: 0 failure(s)
Postproc #5 [s_tir.meta_schedule.VerifyGPUCode]: 35 failure(s)
Postproc #6 [s_tir.meta_schedule.RewriteTensorize]: 0 failure(s)
2026-08-26 15:06:34 [INFO] [evolutionary_search.cc:673] Scores of the best 64 candidates:
[1 : 16]:	1.0157  0.9729  0.9660  0.9660  0.9509  0.9509  0.9509  0.9135  0.9135  0.9112  0.9077  0.8998  0.8994  0.8968  0.8879  0.8863
[17 : 32]:	0.8842  0.8784  0.8784  0.8693  0.8643  0.8643  0.8643  0.8643  0.8643  0.8625  0.8619  0.8615  0.8600  0.8596  0.8585  0.8585
[33 : 48]:	0.8565  0.8550  0.8513  0.8513  0.8495  0.8479  0.8461  0.8455  0.8442  0.8408  0.8407  0.8388  0.8383  0.8364  0.8360  0.8360
[49 : 64]:	0.8360  0.8360  0.8360  0.8355  0.8353  0.8353  0.8347  0.8346  0.8345  0.8345  0.8345  0.8345  0.8329  0.8329  0.8325  0.8318
2026-08-26 15:06:34 [INFO] [evolutionary_search.cc:752] Got 64 candidate(s) with evolutionary search
2026-08-26 15:06:34 [INFO] [evolutionary_search.cc:755] Sending 64 candidates(s) for measurement
2026-08-26 15:07:27 [INFO] [task_scheduler.cc:144] [Task #0: main] Trial #193: GFLOPs: 10158.7774. Time: 323.6939 us. Best GFLOPs: 10594.4638
2026-08-26 15:07:27 [INFO] [task_scheduler.cc:144] [Task #0: main] Trial #194: GFLOPs: 9889.2310. Time: 332.5167 us. Best GFLOPs: 10594.4638
2026-08-26 15:07:27 [INFO] [task_scheduler.cc:144] [Task #0: main] Trial #195: GFLOPs: 10176.4014. Time: 323.1333 us. Best GFLOPs: 10594.4638
2026-08-26 15:07:27 [INFO] [task_scheduler.cc:144] [Task #0: main] Trial #196: GFLOPs: 10342.1794. Time: 317.9537 us. Best GFLOPs: 10594.4638
2026-08-26 15:07:27 [INFO] [task_scheduler.cc:144] [Task #0: main] Trial #197: GFLOPs: 10561.2877. Time: 311.3573 us. Best GFLOPs: 10594.4638
2026-08-26 15:07:27 [INFO] [task_scheduler.cc:144] [Task #0: main] Trial #198: GFLOPs: 10338.3477. Time: 318.0716 us. Best GFLOPs: 10594.4638
2026-08-26 15:07:27 [INFO] [task_scheduler.cc:144] [Task #0: main] Trial #199: GFLOPs: 10599.7375. Time: 310.2279 us. Best GFLOPs: 10599.7375
2026-08-26 15:07:27 [INFO] [task_scheduler.cc:144] [Task #0: main] Trial #200: GFLOPs: 10015.5379. Time: 328.3233 us. Best GFLOPs: 10599.7375
2026-08-26 15:07:27 [INFO] [task_scheduler.cc:144] [Task #0: main] Trial #201: GFLOPs: 8648.9487. Time: 380.2005 us. Best GFLOPs: 10599.7375
2026-08-26 15:07:27 [INFO] [task_scheduler.cc:144] [Task #0: main] Trial #202: GFLOPs: 9188.5235. Time: 357.8741 us. Best GFLOPs: 10599.7375
2026-08-26 15:07:27 [INFO] [task_scheduler.cc:144] [Task #0: main] Trial #203: GFLOPs: 10196.9016. Time: 322.4837 us. Best GFLOPs: 10599.7375
2026-08-26 15:07:27 [INFO] [task_scheduler.cc:144] [Task #0: main] Trial #204: GFLOPs: 9276.1259. Time: 354.4944 us. Best GFLOPs: 10599.7375
2026-08-26 15:07:27 [INFO] [task_scheduler.cc:144] [Task #0: main] Trial #205: GFLOPs: 9106.9588. Time: 361.0793 us. Best GFLOPs: 10599.7375
2026-08-26 15:07:27 [INFO] [task_scheduler.cc:144] [Task #0: main] Trial #206: GFLOPs: 7812.0594. Time: 420.9305 us. Best GFLOPs: 10599.7375
2026-08-26 15:07:27 [INFO] [task_scheduler.cc:144] [Task #0: main] Trial #207: GFLOPs: 10807.9851. Time: 304.2505 us. Best GFLOPs: 10807.9851
2026-08-26 15:07:27 [INFO] [task_scheduler.cc:144] [Task #0: main] Trial #208: GFLOPs: 9487.5334. Time: 346.5953 us. Best GFLOPs: 10807.9851
2026-08-26 15:07:27 [INFO] [task_scheduler.cc:144] [Task #0: main] Trial #209: GFLOPs: 8624.0073. Time: 381.3000 us. Best GFLOPs: 10807.9851
2026-08-26 15:07:27 [INFO] [task_scheduler.cc:144] [Task #0: main] Trial #210: GFLOPs: 5773.6689. Time: 569.5398 us. Best GFLOPs: 10807.9851
2026-08-26 15:07:27 [INFO] [task_scheduler.cc:144] [Task #0: main] Trial #211: GFLOPs: 5844.2635. Time: 562.6602 us. Best GFLOPs: 10807.9851
2026-08-26 15:07:27 [INFO] [task_scheduler.cc:144] [Task #0: main] Trial #212: GFLOPs: 8886.1496. Time: 370.0517 us. Best GFLOPs: 10807.9851
2026-08-26 15:07:27 [INFO] [task_scheduler.cc:144] [Task #0: main] Trial #213: GFLOPs: 10073.4951. Time: 326.4343 us. Best GFLOPs: 10807.9851
2026-08-26 15:07:27 [INFO] [task_scheduler.cc:144] [Task #0: main] Trial #214: GFLOPs: 9794.3998. Time: 335.7362 us. Best GFLOPs: 10807.9851
2026-08-26 15:07:27 [INFO] [task_scheduler.cc:144] [Task #0: main] Trial #215: GFLOPs: 8951.5008. Time: 367.3501 us. Best GFLOPs: 10807.9851
2026-08-26 15:07:27 [INFO] [task_scheduler.cc:144] [Task #0: main] Trial #216: GFLOPs: 8029.4293. Time: 409.5353 us. Best GFLOPs: 10807.9851
2026-08-26 15:07:27 [INFO] [task_scheduler.cc:144] [Task #0: main] Trial #217: GFLOPs: 7969.0005. Time: 412.6408 us. Best GFLOPs: 10807.9851
2026-08-26 15:07:27 [INFO] [task_scheduler.cc:144] [Task #0: main] Trial #218: GFLOPs: 8673.3993. Time: 379.1287 us. Best GFLOPs: 10807.9851
2026-08-26 15:07:27 [INFO] [task_scheduler.cc:144] [Task #0: main] Trial #219: GFLOPs: 7403.1961. Time: 444.1777 us. Best GFLOPs: 10807.9851
2026-08-26 15:07:27 [INFO] [task_scheduler.cc:144] [Task #0: main] Trial #220: GFLOPs: 9529.9969. Time: 345.0509 us. Best GFLOPs: 10807.9851
2026-08-26 15:07:27 [INFO] [task_scheduler.cc:144] [Task #0: main] Trial #221: GFLOPs: 5790.8043. Time: 567.8545 us. Best GFLOPs: 10807.9851
2026-08-26 15:07:27 [INFO] [task_scheduler.cc:144] [Task #0: main] Trial #222: GFLOPs: 5796.3925. Time: 567.3071 us. Best GFLOPs: 10807.9851
2026-08-26 15:07:27 [INFO] [task_scheduler.cc:144] [Task #0: main] Trial #223: GFLOPs: 5884.1300. Time: 558.8480 us. Best GFLOPs: 10807.9851
2026-08-26 15:07:27 [INFO] [task_scheduler.cc:144] [Task #0: main] Trial #224: GFLOPs: 5779.3069. Time: 568.9842 us. Best GFLOPs: 10807.9851
2026-08-26 15:07:27 [INFO] [task_scheduler.cc:144] [Task #0: main] Trial #225: GFLOPs: 8869.7894. Time: 370.7342 us. Best GFLOPs: 10807.9851
2026-08-26 15:07:27 [INFO] [task_scheduler.cc:144] [Task #0: main] Trial #226: GFLOPs: 9561.8680. Time: 343.9008 us. Best GFLOPs: 10807.9851
2026-08-26 15:07:27 [INFO] [task_scheduler.cc:144] [Task #0: main] Trial #227: GFLOPs: 7960.6475. Time: 413.0737 us. Best GFLOPs: 10807.9851
2026-08-26 15:07:27 [INFO] [task_scheduler.cc:144] [Task #0: main] Trial #228: GFLOPs: 8003.7473. Time: 410.8493 us. Best GFLOPs: 10807.9851
2026-08-26 15:07:27 [INFO] [task_scheduler.cc:144] [Task #0: main] Trial #229: GFLOPs: 7802.9937. Time: 421.4196 us. Best GFLOPs: 10807.9851
2026-08-26 15:07:27 [INFO] [task_scheduler.cc:144] [Task #0: main] Trial #230: GFLOPs: 7642.5051. Time: 430.2692 us. Best GFLOPs: 10807.9851
2026-08-26 15:07:27 [INFO] [task_scheduler.cc:144] [Task #0: main] Trial #231: GFLOPs: 8307.3805. Time: 395.8329 us. Best GFLOPs: 10807.9851
2026-08-26 15:07:27 [INFO] [task_scheduler.cc:144] [Task #0: main] Trial #232: GFLOPs: 9516.2566. Time: 345.5491 us. Best GFLOPs: 10807.9851
2026-08-26 15:07:27 [INFO] [task_scheduler.cc:144] [Task #0: main] Trial #233: GFLOPs: 5368.5194. Time: 612.5217 us. Best GFLOPs: 10807.9851
2026-08-26 15:07:27 [INFO] [task_scheduler.cc:144] [Task #0: main] Trial #234: GFLOPs: 8598.5238. Time: 382.4301 us. Best GFLOPs: 10807.9851
2026-08-26 15:07:27 [INFO] [task_scheduler.cc:144] [Task #0: main] Trial #235: GFLOPs: 7938.4648. Time: 414.2280 us. Best GFLOPs: 10807.9851
2026-08-26 15:07:27 [INFO] [task_scheduler.cc:144] [Task #0: main] Trial #236: GFLOPs: 9638.2618. Time: 341.1750 us. Best GFLOPs: 10807.9851
2026-08-26 15:07:27 [INFO] [task_scheduler.cc:144] [Task #0: main] Trial #237: GFLOPs: 7681.0787. Time: 428.1084 us. Best GFLOPs: 10807.9851
2026-08-26 15:07:27 [INFO] [task_scheduler.cc:144] [Task #0: main] Trial #238: GFLOPs: 5187.7724. Time: 633.8625 us. Best GFLOPs: 10807.9851
2026-08-26 15:07:27 [INFO] [task_scheduler.cc:144] [Task #0: main] Trial #239: GFLOPs: 7784.6017. Time: 422.4152 us. Best GFLOPs: 10807.9851
2026-08-26 15:07:27 [INFO] [task_scheduler.cc:144] [Task #0: main] Trial #240: GFLOPs: 6211.8328. Time: 529.3662 us. Best GFLOPs: 10807.9851
2026-08-26 15:07:27 [INFO] [task_scheduler.cc:144] [Task #0: main] Trial #241: GFLOPs: 8597.3446. Time: 382.4826 us. Best GFLOPs: 10807.9851
2026-08-26 15:07:27 [INFO] [task_scheduler.cc:144] [Task #0: main] Trial #242: GFLOPs: 8976.7035. Time: 366.3187 us. Best GFLOPs: 10807.9851
2026-08-26 15:07:27 [INFO] [task_scheduler.cc:144] [Task #0: main] Trial #243: GFLOPs: 9263.2623. Time: 354.9866 us. Best GFLOPs: 10807.9851
2026-08-26 15:07:27 [INFO] [task_scheduler.cc:144] [Task #0: main] Trial #244: GFLOPs: 8637.9023. Time: 380.6867 us. Best GFLOPs: 10807.9851
2026-08-26 15:07:27 [INFO] [task_scheduler.cc:144] [Task #0: main] Trial #245: GFLOPs: 5371.1760. Time: 612.2187 us. Best GFLOPs: 10807.9851
2026-08-26 15:07:27 [INFO] [task_scheduler.cc:144] [Task #0: main] Trial #246: GFLOPs: 5372.3990. Time: 612.0793 us. Best GFLOPs: 10807.9851
2026-08-26 15:07:27 [INFO] [task_scheduler.cc:144] [Task #0: main] Trial #247: GFLOPs: 9237.9523. Time: 355.9592 us. Best GFLOPs: 10807.9851
2026-08-26 15:07:27 [INFO] [task_scheduler.cc:144] [Task #0: main] Trial #248: GFLOPs: 8883.1970. Time: 370.1746 us. Best GFLOPs: 10807.9851
2026-08-26 15:07:27 [INFO] [task_scheduler.cc:144] [Task #0: main] Trial #249: GFLOPs: 8290.9579. Time: 396.6169 us. Best GFLOPs: 10807.9851
2026-08-26 15:07:27 [INFO] [task_scheduler.cc:144] [Task #0: main] Trial #250: GFLOPs: 5394.1319. Time: 609.6133 us. Best GFLOPs: 10807.9851
2026-08-26 15:07:27 [INFO] [task_scheduler.cc:144] [Task #0: main] Trial #251: GFLOPs: 8210.6234. Time: 400.4975 us. Best GFLOPs: 10807.9851
2026-08-26 15:07:27 [INFO] [task_scheduler.cc:144] [Task #0: main] Trial #252: GFLOPs: 8592.4050. Time: 382.7024 us. Best GFLOPs: 10807.9851
2026-08-26 15:07:27 [INFO] [task_scheduler.cc:144] [Task #0: main] Trial #253: GFLOPs: 6176.4412. Time: 532.3995 us. Best GFLOPs: 10807.9851
2026-08-26 15:07:27 [INFO] [task_scheduler.cc:144] [Task #0: main] Trial #254: GFLOPs: 1733.9553. Time: 1896.4354 us. Best GFLOPs: 10807.9851
2026-08-26 15:07:27 [INFO] [task_scheduler.cc:144] [Task #0: main] Trial #255: GFLOPs: 2341.3366. Time: 1404.4689 us. Best GFLOPs: 10807.9851
2026-08-26 15:07:27 [INFO] [task_scheduler.cc:144] [Task #0: main] Trial #256: GFLOPs: 4998.1167. Time: 657.9147 us. Best GFLOPs: 10807.9851
2026-08-26 15:07:27 [INFO] [evolutionary_search.cc:738] Generating candidates......
2026-08-26 15:07:28 [INFO] [evolutionary_search.cc:505] Pick-Best-From-Database summary:
Trace replay failures: 0 failure(s)
Postproc #0 [s_tir.meta_schedule.DisallowDynamicLoop]: 0 failure(s)
Postproc #1 [s_tir.meta_schedule.RewriteCooperativeFetch]: 0 failure(s)
Postproc #2 [s_tir.meta_schedule.RewriteUnboundBlock]: 0 failure(s)
Postproc #3 [s_tir.meta_schedule.RewriteParallelVectorizeUnroll]: 0 failure(s)
Postproc #4 [s_tir.meta_schedule.RewriteReductionBlock]: 0 failure(s)
Postproc #5 [s_tir.meta_schedule.VerifyGPUCode]: 0 failure(s)
Postproc #6 [s_tir.meta_schedule.RewriteTensorize]: 0 failure(s)
2026-08-26 15:07:28 [INFO] [evolutionary_search.cc:740] Picked top 102 candidate(s) from database
2026-08-26 15:07:29 [INFO] [evolutionary_search.cc:551] Sample-Init-Population summary:
Trace replay failures: 0 failure(s)
Postproc #0 [s_tir.meta_schedule.DisallowDynamicLoop]: 0 failure(s)
Postproc #1 [s_tir.meta_schedule.RewriteCooperativeFetch]: 0 failure(s)
Postproc #2 [s_tir.meta_schedule.RewriteUnboundBlock]: 0 failure(s)
Postproc #3 [s_tir.meta_schedule.RewriteParallelVectorizeUnroll]: 0 failure(s)
Postproc #4 [s_tir.meta_schedule.RewriteReductionBlock]: 0 failure(s)
Postproc #5 [s_tir.meta_schedule.VerifyGPUCode]: 408 failure(s)
Postproc #6 [s_tir.meta_schedule.RewriteTensorize]: 0 failure(s)
2026-08-26 15:07:30 [INFO] [evolutionary_search.cc:551] Sample-Init-Population summary:
Trace replay failures: 0 failure(s)
Postproc #0 [s_tir.meta_schedule.DisallowDynamicLoop]: 0 failure(s)
Postproc #1 [s_tir.meta_schedule.RewriteCooperativeFetch]: 0 failure(s)
Postproc #2 [s_tir.meta_schedule.RewriteUnboundBlock]: 0 failure(s)
Postproc #3 [s_tir.meta_schedule.RewriteParallelVectorizeUnroll]: 0 failure(s)
Postproc #4 [s_tir.meta_schedule.RewriteReductionBlock]: 0 failure(s)
Postproc #5 [s_tir.meta_schedule.VerifyGPUCode]: 816 failure(s)
Postproc #6 [s_tir.meta_schedule.RewriteTensorize]: 0 failure(s)
2026-08-26 15:07:30 [INFO] [evolutionary_search.cc:551] Sample-Init-Population summary:
Trace replay failures: 0 failure(s)
Postproc #0 [s_tir.meta_schedule.DisallowDynamicLoop]: 0 failure(s)
Postproc #1 [s_tir.meta_schedule.RewriteCooperativeFetch]: 0 failure(s)
Postproc #2 [s_tir.meta_schedule.RewriteUnboundBlock]: 0 failure(s)
Postproc #3 [s_tir.meta_schedule.RewriteParallelVectorizeUnroll]: 0 failure(s)
Postproc #4 [s_tir.meta_schedule.RewriteReductionBlock]: 0 failure(s)
Postproc #5 [s_tir.meta_schedule.VerifyGPUCode]: 1224 failure(s)
Postproc #6 [s_tir.meta_schedule.RewriteTensorize]: 0 failure(s)
2026-08-26 15:07:31 [INFO] [evolutionary_search.cc:551] Sample-Init-Population summary:
Trace replay failures: 0 failure(s)
Postproc #0 [s_tir.meta_schedule.DisallowDynamicLoop]: 0 failure(s)
Postproc #1 [s_tir.meta_schedule.RewriteCooperativeFetch]: 0 failure(s)
Postproc #2 [s_tir.meta_schedule.RewriteUnboundBlock]: 0 failure(s)
Postproc #3 [s_tir.meta_schedule.RewriteParallelVectorizeUnroll]: 0 failure(s)
Postproc #4 [s_tir.meta_schedule.RewriteReductionBlock]: 0 failure(s)
Postproc #5 [s_tir.meta_schedule.VerifyGPUCode]: 1632 failure(s)
Postproc #6 [s_tir.meta_schedule.RewriteTensorize]: 0 failure(s)
2026-08-26 15:07:32 [INFO] [evolutionary_search.cc:551] Sample-Init-Population summary:
Trace replay failures: 0 failure(s)
Postproc #0 [s_tir.meta_schedule.DisallowDynamicLoop]: 0 failure(s)
Postproc #1 [s_tir.meta_schedule.RewriteCooperativeFetch]: 0 failure(s)
Postproc #2 [s_tir.meta_schedule.RewriteUnboundBlock]: 0 failure(s)
Postproc #3 [s_tir.meta_schedule.RewriteParallelVectorizeUnroll]: 0 failure(s)
Postproc #4 [s_tir.meta_schedule.RewriteReductionBlock]: 0 failure(s)
Postproc #5 [s_tir.meta_schedule.VerifyGPUCode]: 2038 failure(s)
Postproc #6 [s_tir.meta_schedule.RewriteTensorize]: 0 failure(s)
2026-08-26 15:07:33 [INFO] [evolutionary_search.cc:551] Sample-Init-Population summary:
Trace replay failures: 0 failure(s)
Postproc #0 [s_tir.meta_schedule.DisallowDynamicLoop]: 0 failure(s)
Postproc #1 [s_tir.meta_schedule.RewriteCooperativeFetch]: 0 failure(s)
Postproc #2 [s_tir.meta_schedule.RewriteUnboundBlock]: 0 failure(s)
Postproc #3 [s_tir.meta_schedule.RewriteParallelVectorizeUnroll]: 0 failure(s)
Postproc #4 [s_tir.meta_schedule.RewriteReductionBlock]: 0 failure(s)
Postproc #5 [s_tir.meta_schedule.VerifyGPUCode]: 2447 failure(s)
Postproc #6 [s_tir.meta_schedule.RewriteTensorize]: 0 failure(s)
2026-08-26 15:07:34 [INFO] [evolutionary_search.cc:551] Sample-Init-Population summary:
Trace replay failures: 0 failure(s)
Postproc #0 [s_tir.meta_schedule.DisallowDynamicLoop]: 0 failure(s)
Postproc #1 [s_tir.meta_schedule.RewriteCooperativeFetch]: 0 failure(s)
Postproc #2 [s_tir.meta_schedule.RewriteUnboundBlock]: 0 failure(s)
Postproc #3 [s_tir.meta_schedule.RewriteParallelVectorizeUnroll]: 0 failure(s)
Postproc #4 [s_tir.meta_schedule.RewriteReductionBlock]: 0 failure(s)
Postproc #5 [s_tir.meta_schedule.VerifyGPUCode]: 2855 failure(s)
Postproc #6 [s_tir.meta_schedule.RewriteTensorize]: 0 failure(s)
2026-08-26 15:07:35 [INFO] [evolutionary_search.cc:551] Sample-Init-Population summary:
Trace replay failures: 0 failure(s)
Postproc #0 [s_tir.meta_schedule.DisallowDynamicLoop]: 0 failure(s)
Postproc #1 [s_tir.meta_schedule.RewriteCooperativeFetch]: 0 failure(s)
Postproc #2 [s_tir.meta_schedule.RewriteUnboundBlock]: 0 failure(s)
Postproc #3 [s_tir.meta_schedule.RewriteParallelVectorizeUnroll]: 0 failure(s)
Postproc #4 [s_tir.meta_schedule.RewriteReductionBlock]: 0 failure(s)
Postproc #5 [s_tir.meta_schedule.VerifyGPUCode]: 3261 failure(s)
Postproc #6 [s_tir.meta_schedule.RewriteTensorize]: 0 failure(s)
2026-08-26 15:07:36 [INFO] [evolutionary_search.cc:551] Sample-Init-Population summary:
Trace replay failures: 0 failure(s)
Postproc #0 [s_tir.meta_schedule.DisallowDynamicLoop]: 0 failure(s)
Postproc #1 [s_tir.meta_schedule.RewriteCooperativeFetch]: 0 failure(s)
Postproc #2 [s_tir.meta_schedule.RewriteUnboundBlock]: 0 failure(s)
Postproc #3 [s_tir.meta_schedule.RewriteParallelVectorizeUnroll]: 0 failure(s)
Postproc #4 [s_tir.meta_schedule.RewriteReductionBlock]: 0 failure(s)
Postproc #5 [s_tir.meta_schedule.VerifyGPUCode]: 3667 failure(s)
Postproc #6 [s_tir.meta_schedule.RewriteTensorize]: 0 failure(s)
2026-08-26 15:07:37 [INFO] [evolutionary_search.cc:551] Sample-Init-Population summary:
Trace replay failures: 0 failure(s)
Postproc #0 [s_tir.meta_schedule.DisallowDynamicLoop]: 0 failure(s)
Postproc #1 [s_tir.meta_schedule.RewriteCooperativeFetch]: 0 failure(s)
Postproc #2 [s_tir.meta_schedule.RewriteUnboundBlock]: 0 failure(s)
Postproc #3 [s_tir.meta_schedule.RewriteParallelVectorizeUnroll]: 0 failure(s)
Postproc #4 [s_tir.meta_schedule.RewriteReductionBlock]: 0 failure(s)
Postproc #5 [s_tir.meta_schedule.VerifyGPUCode]: 4074 failure(s)
Postproc #6 [s_tir.meta_schedule.RewriteTensorize]: 0 failure(s)
2026-08-26 15:07:38 [INFO] [evolutionary_search.cc:551] Sample-Init-Population summary:
Trace replay failures: 0 failure(s)
Postproc #0 [s_tir.meta_schedule.DisallowDynamicLoop]: 0 failure(s)
Postproc #1 [s_tir.meta_schedule.RewriteCooperativeFetch]: 0 failure(s)
Postproc #2 [s_tir.meta_schedule.RewriteUnboundBlock]: 0 failure(s)
Postproc #3 [s_tir.meta_schedule.RewriteParallelVectorizeUnroll]: 0 failure(s)
Postproc #4 [s_tir.meta_schedule.RewriteReductionBlock]: 0 failure(s)
Postproc #5 [s_tir.meta_schedule.VerifyGPUCode]: 4481 failure(s)
Postproc #6 [s_tir.meta_schedule.RewriteTensorize]: 0 failure(s)
2026-08-26 15:07:39 [INFO] [evolutionary_search.cc:551] Sample-Init-Population summary:
Trace replay failures: 0 failure(s)
Postproc #0 [s_tir.meta_schedule.DisallowDynamicLoop]: 0 failure(s)
Postproc #1 [s_tir.meta_schedule.RewriteCooperativeFetch]: 0 failure(s)
Postproc #2 [s_tir.meta_schedule.RewriteUnboundBlock]: 0 failure(s)
Postproc #3 [s_tir.meta_schedule.RewriteParallelVectorizeUnroll]: 0 failure(s)
Postproc #4 [s_tir.meta_schedule.RewriteReductionBlock]: 0 failure(s)
Postproc #5 [s_tir.meta_schedule.VerifyGPUCode]: 4890 failure(s)
Postproc #6 [s_tir.meta_schedule.RewriteTensorize]: 0 failure(s)
2026-08-26 15:07:39 [INFO] [evolutionary_search.cc:551] Sample-Init-Population summary:
Trace replay failures: 0 failure(s)
Postproc #0 [s_tir.meta_schedule.DisallowDynamicLoop]: 0 failure(s)
Postproc #1 [s_tir.meta_schedule.RewriteCooperativeFetch]: 0 failure(s)
Postproc #2 [s_tir.meta_schedule.RewriteUnboundBlock]: 0 failure(s)
Postproc #3 [s_tir.meta_schedule.RewriteParallelVectorizeUnroll]: 0 failure(s)
Postproc #4 [s_tir.meta_schedule.RewriteReductionBlock]: 0 failure(s)
Postproc #5 [s_tir.meta_schedule.VerifyGPUCode]: 5296 failure(s)
Postproc #6 [s_tir.meta_schedule.RewriteTensorize]: 0 failure(s)
2026-08-26 15:07:40 [INFO] [evolutionary_search.cc:551] Sample-Init-Population summary:
Trace replay failures: 0 failure(s)
Postproc #0 [s_tir.meta_schedule.DisallowDynamicLoop]: 0 failure(s)
Postproc #1 [s_tir.meta_schedule.RewriteCooperativeFetch]: 0 failure(s)
Postproc #2 [s_tir.meta_schedule.RewriteUnboundBlock]: 0 failure(s)
Postproc #3 [s_tir.meta_schedule.RewriteParallelVectorizeUnroll]: 0 failure(s)
Postproc #4 [s_tir.meta_schedule.RewriteReductionBlock]: 0 failure(s)
Postproc #5 [s_tir.meta_schedule.VerifyGPUCode]: 5703 failure(s)
Postproc #6 [s_tir.meta_schedule.RewriteTensorize]: 0 failure(s)
2026-08-26 15:07:41 [INFO] [evolutionary_search.cc:551] Sample-Init-Population summary:
Trace replay failures: 0 failure(s)
Postproc #0 [s_tir.meta_schedule.DisallowDynamicLoop]: 0 failure(s)
Postproc #1 [s_tir.meta_schedule.RewriteCooperativeFetch]: 0 failure(s)
Postproc #2 [s_tir.meta_schedule.RewriteUnboundBlock]: 0 failure(s)
Postproc #3 [s_tir.meta_schedule.RewriteParallelVectorizeUnroll]: 0 failure(s)
Postproc #4 [s_tir.meta_schedule.RewriteReductionBlock]: 0 failure(s)
Postproc #5 [s_tir.meta_schedule.VerifyGPUCode]: 6112 failure(s)
Postproc #6 [s_tir.meta_schedule.RewriteTensorize]: 0 failure(s)
2026-08-26 16:00:32 [INFO] [task_scheduler.cc:175] Initializing Task #0: "main"
2026-08-26 16:00:32 [INFO] [task_scheduler.cc:47] 
# from tvm.script import ir as I
# from tvm.script import tirx as T
# from tvm.tirx.layout import Axis

@I.ir_module
class Module:
    @T.prim_func(s_tir=True)
    def main(X: T.Buffer((1, 8, 2048, 2048), "float16"), W: T.Buffer((8, 1, 7, 7), "float16"), DepthwiseConv2d: T.Buffer((1, 8, 2048, 2048), "float16")):
        T.func_attr({"tirx.noalias": True})
        # with T.sblock("root"):
        PaddedInput = T.sblock_alloc_buffer((1, 8, 2054, 2054), "float16")
        for i0, i1, i2, i3 in T.grid(1, 8, 2054, 2054):
            with T.sblock("PaddedInput"):
                v_i0, v_i1, v_i2, v_i3 = T.axis.remap("SSSS", [i0, i1, i2, i3])
                T.reads(X[v_i0, v_i1, v_i2 - 3, v_i3 - 3])
                T.writes(PaddedInput[v_i0, v_i1, v_i2, v_i3])
                PaddedInput[v_i0, v_i1, v_i2, v_i3] = T.if_then_else(3 <= v_i2 and v_i2 < 2051 and 3 <= v_i3 and v_i3 < 2051, X[v_i0, v_i1, v_i2 - 3, v_i3 - 3], T.float16(0.0))
        for b, c, i, j, di, dj in T.grid(1, 8, 2048, 2048, 7, 7):
            with T.sblock("DepthwiseConv2d"):
                v_b, v_c, v_i, v_j, v_di, v_dj = T.axis.remap("SSSSRR", [b, c, i, j, di, dj])
                T.reads(PaddedInput[v_b, v_c, v_i + v_di, v_j + v_dj], W[v_c, 0, v_di, v_dj])
                T.writes(DepthwiseConv2d[v_b, v_c, v_i, v_j])
                with T.init():
                    DepthwiseConv2d[v_b, v_c, v_i, v_j] = T.float16(0.0)
                DepthwiseConv2d[v_b, v_c, v_i, v_j] = DepthwiseConv2d[v_b, v_c, v_i, v_j] + PaddedInput[v_b, v_c, v_i + v_di, v_j + v_dj] * W[v_c, 0, v_di, v_dj]
2026-08-26 16:00:32 [INFO] [task_scheduler.cc:179] Total 3 design space(s) generated
2026-08-26 16:00:32 [INFO] [task_scheduler.cc:185] Design space #0:
# from tvm.script import ir as I
# from tvm.script import tirx as T
# from tvm.tirx.layout import Axis

@I.ir_module
class Module:
    @T.prim_func(s_tir=True)
    def main(X: T.Buffer((1, 8, 2048, 2048), "float16"), W: T.Buffer((8, 1, 7, 7), "float16"), DepthwiseConv2d: T.Buffer((1, 8, 2048, 2048), "float16")):
        T.func_attr({"tirx.noalias": True})
        with T.sblock("root"):
            T.reads()
            T.writes()
            T.sblock_attr({"meta_schedule.unroll_explicit": 512})
            DepthwiseConv2d_local = T.sblock_alloc_buffer((1, 8, 2048, 2048), "float16", scope="local")
            PaddedInput_shared = T.sblock_alloc_buffer((1, 8, 2054, 2054), "float16", scope="shared")
            W_shared = T.sblock_alloc_buffer((8, 1, 7, 7), "float16", scope="shared")
            for b_0_c_0_i_0_j_0_fused in T.thread_binding(16, thread="blockIdx.x"):
                for b_1_c_1_i_1_j_1_fused in T.thread_binding(128, thread="vthread.x"):
                    for b_2_c_2_i_2_j_2_fused in T.thread_binding(256, thread="threadIdx.x"):
                        for di_0, dj_0 in T.grid(7, 1):
                            for ax0_ax1_ax2_ax3_fused in range(2121728):
                                with T.sblock("PaddedInput_shared"):
                                    v0 = T.axis.spatial(1, 0)
                                    v1 = T.axis.spatial(8, b_0_c_0_i_0_j_0_fused // 8 * 4 + ax0_ax1_ax2_ax3_fused // 530432)
                                    v2 = T.axis.spatial(2054, di_0 + b_0_c_0_i_0_j_0_fused % 8 // 4 * 1024 + ax0_ax1_ax2_ax3_fused % 530432 // 518)
                                    v3 = T.axis.spatial(2054, b_0_c_0_i_0_j_0_fused % 4 * 512 + ax0_ax1_ax2_ax3_fused % 518)
                                    T.reads(X[v0, v1, v2 - 3, v3 - 3])
                                    T.writes(PaddedInput_shared[v0, v1, v2, v3])
                                    T.sblock_attr({"meta_schedule.cooperative_fetch": 2})
                                    PaddedInput_shared[v0, v1, v2, v3] = T.if_then_else(3 <= v2 and v2 < 2051 and 3 <= v3 and v3 < 2051, X[v0, v1, v2 - 3, v3 - 3], T.float16(0.0))
                            for ax0_ax1_ax2_ax3_fused in range(28):
                                with T.sblock("W_shared"):
                                    v0 = T.axis.spatial(8, b_0_c_0_i_0_j_0_fused // 8 * 4 + ax0_ax1_ax2_ax3_fused // 7)
                                    v1 = T.axis.spatial(1, 0)
                                    v2 = T.axis.spatial(7, di_0)
                                    v3 = T.axis.spatial(7, ax0_ax1_ax2_ax3_fused % 7)
                                    T.reads(W[v0, v1, v2, v3])
                                    T.writes(W_shared[v0, v1, v2, v3])
                                    T.sblock_attr({"meta_schedule.cooperative_fetch": 4})
                                    W_shared[v0, v1, v2, v3] = W[v0, v1, v2, v3]
                            for di_1, dj_1, b_3, c_3, i_3, j_3, di_2, dj_2, b_4, c_4, i_4, j_4 in T.grid(1, 7, 1, 1, 4, 2, 1, 1, 1, 4, 1, 2):
                                with T.sblock("DepthwiseConv2d"):
                                    v_b = T.axis.spatial(1, b_3 + b_4)
                                    v_c = T.axis.spatial(8, b_0_c_0_i_0_j_0_fused // 8 * 4 + c_3 * 4 + c_4)
                                    v_i = T.axis.spatial(2048, b_0_c_0_i_0_j_0_fused % 8 // 4 * 1024 + b_1_c_1_i_1_j_1_fused // 4 * 32 + b_2_c_2_i_2_j_2_fused // 32 * 4 + i_3 + i_4)
                                    v_j = T.axis.spatial(2048, b_0_c_0_i_0_j_0_fused % 4 * 512 + b_1_c_1_i_1_j_1_fused % 4 * 128 + b_2_c_2_i_2_j_2_fused % 32 * 4 + j_3 * 2 + j_4)
                                    v_di = T.axis.reduce(7, di_0 + di_1 + di_2)
                                    v_dj = T.axis.reduce(7, dj_0 * 7 + dj_1 + dj_2)
                                    T.reads(PaddedInput_shared[v_b, v_c, v_i + v_di, v_j + v_dj], W_shared[v_c, 0, v_di, v_dj])
                                    T.writes(DepthwiseConv2d_local[v_b, v_c, v_i, v_j])
                                    T.sblock_attr({"meta_schedule.thread_extent_high_inclusive": 1024, "meta_schedule.thread_extent_low_inclusive": 32, "meta_schedule.tiling_structure": "SSSRRSRS"})
                                    with T.init():
                                        DepthwiseConv2d_local[v_b, v_c, v_i, v_j] = T.float16(0.0)
                                    DepthwiseConv2d_local[v_b, v_c, v_i, v_j] = DepthwiseConv2d_local[v_b, v_c, v_i, v_j] + PaddedInput_shared[v_b, v_c, v_i + v_di, v_j + v_dj] * W_shared[v_c, 0, v_di, v_dj]
                        for ax0, ax1, ax2, ax3 in T.grid(1, 4, 4, 4):
                            with T.sblock("DepthwiseConv2d_local"):
                                v0 = T.axis.spatial(1, ax0)
                                v1 = T.axis.spatial(8, b_0_c_0_i_0_j_0_fused // 8 * 4 + ax1)
                                v2 = T.axis.spatial(2048, b_0_c_0_i_0_j_0_fused % 8 // 4 * 1024 + b_1_c_1_i_1_j_1_fused // 4 * 32 + b_2_c_2_i_2_j_2_fused // 32 * 4 + ax2)
                                v3 = T.axis.spatial(2048, b_0_c_0_i_0_j_0_fused % 4 * 512 + b_1_c_1_i_1_j_1_fused % 4 * 128 + b_2_c_2_i_2_j_2_fused % 32 * 4 + ax3)
                                T.reads(DepthwiseConv2d_local[v0, v1, v2, v3])
                                T.writes(DepthwiseConv2d[v0, v1, v2, v3])
                                DepthwiseConv2d[v0, v1, v2, v3] = DepthwiseConv2d_local[v0, v1, v2, v3]
b0 = sch.get_sblock(name="PaddedInput", func_name="main")
b1 = sch.get_sblock(name="DepthwiseConv2d", func_name="main")
b2 = sch.get_sblock(name="root", func_name="main")
sch.annotate(block_or_loop=b1, ann_key="meta_schedule.tiling_structure", ann_val="SSSRRSRS")
l3, l4, l5, l6, l7, l8 = sch.get_loops(block=b1)
v9, v10, v11, v12, v13 = sch.sample_perfect_tile(loop=l3, n=5, max_innermost_factor=64, decision=[1, 1, 1, 1, 1])
l14, l15, l16, l17, l18 = sch.split(loop=l3, factors=[v9, v10, v11, v12, v13], preserve_unit_iters=True, disable_predication=False)
v19, v20, v21, v22, v23 = sch.sample_perfect_tile(loop=l4, n=5, max_innermost_factor=64, decision=[2, 1, 1, 1, 4])
l24, l25, l26, l27, l28 = sch.split(loop=l4, factors=[v19, v20, v21, v22, v23], preserve_unit_iters=True, disable_predication=False)
v29, v30, v31, v32, v33 = sch.sample_perfect_tile(loop=l5, n=5, max_innermost_factor=64, decision=[2, 32, 8, 4, 1])
l34, l35, l36, l37, l38 = sch.split(loop=l5, factors=[v29, v30, v31, v32, v33], preserve_unit_iters=True, disable_predication=False)
v39, v40, v41, v42, v43 = sch.sample_perfect_tile(loop=l6, n=5, max_innermost_factor=64, decision=[4, 4, 32, 2, 2])
l44, l45, l46, l47, l48 = sch.split(loop=l6, factors=[v39, v40, v41, v42, v43], preserve_unit_iters=True, disable_predication=False)
v49, v50, v51 = sch.sample_perfect_tile(loop=l7, n=3, max_innermost_factor=64, decision=[7, 1, 1])
l52, l53, l54 = sch.split(loop=l7, factors=[v49, v50, v51], preserve_unit_iters=True, disable_predication=False)
v55, v56, v57 = sch.sample_perfect_tile(loop=l8, n=3, max_innermost_factor=64, decision=[1, 7, 1])
l58, l59, l60 = sch.split(loop=l8, factors=[v55, v56, v57], preserve_unit_iters=True, disable_predication=False)
sch.reorder(l14, l24, l34, l44, l15, l25, l35, l45, l16, l26, l36, l46, l52, l58, l53, l59, l17, l27, l37, l47, l54, l60, l18, l28, l38, l48)
l61 = sch.fuse(l14, l24, l34, l44, preserve_unit_iters=True)
sch.bind(loop=l61, thread_axis="blockIdx.x")
l62 = sch.fuse(l15, l25, l35, l45, preserve_unit_iters=True)
sch.bind(loop=l62, thread_axis="vthread.x")
l63 = sch.fuse(l16, l26, l36, l46, preserve_unit_iters=True)
sch.bind(loop=l63, thread_axis="threadIdx.x")
sch.annotate(block_or_loop=b1, ann_key="meta_schedule.thread_extent_low_inclusive", ann_val=32)
sch.annotate(block_or_loop=b1, ann_key="meta_schedule.thread_extent_high_inclusive", ann_val=1024)
b64 = sch.cache_write(block=b1, write_buffer_index=0, storage_scope="local")
sch.reverse_compute_at(block=b64, loop=l63, preserve_unit_loops=True, index=-1)
b65 = sch.cache_read(block=b1, read_buffer_index=0, storage_scope="shared", consumer_blocks=[b1])
sch.compute_at(block=b65, loop=l58, preserve_unit_loops=True, index=-1)
l66, l67, l68, l69, l70, l71, l72, l73, l74 = sch.get_loops(block=b65)
l75 = sch.fuse(l71, l72, l73, l74, preserve_unit_iters=True)
v76 = sch.sample_categorical(candidates=[1, 2, 4, 8], probs=[0.25, 0.25, 0.25, 0.25], decision=1)
sch.annotate(block_or_loop=b65, ann_key="meta_schedule.cooperative_fetch", ann_val=v76)
b77 = sch.cache_read(block=b1, read_buffer_index=1, storage_scope="shared", consumer_blocks=[b1])
sch.compute_at(block=b77, loop=l58, preserve_unit_loops=True, index=-1)
l78, l79, l80, l81, l82, l83, l84, l85, l86 = sch.get_loops(block=b77)
l87 = sch.fuse(l83, l84, l85, l86, preserve_unit_iters=True)
v88 = sch.sample_categorical(candidates=[1, 2, 4, 8], probs=[0.25, 0.25, 0.25, 0.25], decision=2)
sch.annotate(block_or_loop=b77, ann_key="meta_schedule.cooperative_fetch", ann_val=v88)
sch.compute_inline(block=b0)
v89 = sch.sample_categorical(candidates=[0, 16, 32, 64, 128, 256, 512, 1024], probs=[0.125, 0.125, 0.125, 0.125, 0.125, 0.125, 0.125, 0.125], decision=6)
sch.annotate(block_or_loop=b2, ann_key="meta_schedule.unroll_explicit", ann_val=v89)
2026-08-26 16:00:32 [INFO] [task_scheduler.cc:185] Design space #1:
# from tvm.script import ir as I
# from tvm.script import tirx as T
# from tvm.tirx.layout import Axis

@I.ir_module
class Module:
    @T.prim_func(s_tir=True)
    def main(X: T.Buffer((1, 8, 2048, 2048), "float16"), W: T.Buffer((8, 1, 7, 7), "float16"), DepthwiseConv2d: T.Buffer((1, 8, 2048, 2048), "float16")):
        T.func_attr({"tirx.noalias": True})
        with T.sblock("root"):
            T.reads()
            T.writes()
            T.sblock_attr({"meta_schedule.unroll_explicit": 32})
            DepthwiseConv2d_local = T.sblock_alloc_buffer((1, 8, 2048, 2048), "float16", scope="local")
            PaddedInput_shared = T.sblock_alloc_buffer((1, 8, 2054, 2054), "float16", scope="shared")
            W_shared = T.sblock_alloc_buffer((8, 1, 7, 7), "float16", scope="shared")
            for b_0_c_0_i_0_j_0_fused in T.thread_binding(16, thread="blockIdx.x"):
                for b_1_c_1_i_1_j_1_fused in T.thread_binding(128, thread="vthread.x"):
                    for b_2_c_2_i_2_j_2_fused in T.thread_binding(256, thread="threadIdx.x"):
                        for di_0_dj_0_fused in T.serial(7, annotations={"software_pipeline_async_stages": [0], "software_pipeline_order": [0, 1, 2], "software_pipeline_stage": [0, 0, 2]}):
                            for ax0_ax1_ax2_ax3_fused in range(2121728):
                                with T.sblock("PaddedInput_shared"):
                                    v0 = T.axis.spatial(1, 0)
                                    v1 = T.axis.spatial(8, b_0_c_0_i_0_j_0_fused // 8 * 4 + ax0_ax1_ax2_ax3_fused // 530432)
                                    v2 = T.axis.spatial(2054, di_0_dj_0_fused + b_0_c_0_i_0_j_0_fused % 8 // 4 * 1024 + ax0_ax1_ax2_ax3_fused % 530432 // 518)
                                    v3 = T.axis.spatial(2054, b_0_c_0_i_0_j_0_fused % 4 * 512 + ax0_ax1_ax2_ax3_fused % 518)
                                    T.reads(X[v0, v1, v2 - 3, v3 - 3])
                                    T.writes(PaddedInput_shared[v0, v1, v2, v3])
                                    T.sblock_attr({"meta_schedule.cooperative_fetch": 2})
                                    PaddedInput_shared[v0, v1, v2, v3] = T.if_then_else(3 <= v2 and v2 < 2051 and 3 <= v3 and v3 < 2051, X[v0, v1, v2 - 3, v3 - 3], T.float16(0.0))
                            for ax0_ax1_ax2_ax3_fused in range(28):
                                with T.sblock("W_shared"):
                                    v0 = T.axis.spatial(8, b_0_c_0_i_0_j_0_fused // 8 * 4 + ax0_ax1_ax2_ax3_fused // 7)
                                    v1 = T.axis.spatial(1, 0)
                                    v2 = T.axis.spatial(7, di_0_dj_0_fused)
                                    v3 = T.axis.spatial(7, ax0_ax1_ax2_ax3_fused % 7)
                                    T.reads(W[v0, v1, v2, v3])
                                    T.writes(W_shared[v0, v1, v2, v3])
                                    T.sblock_attr({"meta_schedule.cooperative_fetch": 4})
                                    W_shared[v0, v1, v2, v3] = W[v0, v1, v2, v3]
                            for di_1, dj_1, b_3, c_3, i_3, j_3, di_2, dj_2, b_4, c_4, i_4, j_4 in T.grid(1, 7, 1, 1, 4, 2, 1, 1, 1, 4, 1, 2):
                                with T.sblock("DepthwiseConv2d"):
                                    v_b = T.axis.spatial(1, b_3 + b_4)
                                    v_c = T.axis.spatial(8, b_0_c_0_i_0_j_0_fused // 8 * 4 + c_3 * 4 + c_4)
                                    v_i = T.axis.spatial(2048, b_0_c_0_i_0_j_0_fused % 8 // 4 * 1024 + b_1_c_1_i_1_j_1_fused // 4 * 32 + b_2_c_2_i_2_j_2_fused // 32 * 4 + i_3 + i_4)
                                    v_j = T.axis.spatial(2048, b_0_c_0_i_0_j_0_fused % 4 * 512 + b_1_c_1_i_1_j_1_fused % 4 * 128 + b_2_c_2_i_2_j_2_fused % 32 * 4 + j_3 * 2 + j_4)
                                    v_di = T.axis.reduce(7, di_0_dj_0_fused + di_1 + di_2)
                                    v_dj = T.axis.reduce(7, dj_1 + dj_2)
                                    T.reads(PaddedInput_shared[v_b, v_c, v_i + v_di, v_j + v_dj], W_shared[v_c, 0, v_di, v_dj])
                                    T.writes(DepthwiseConv2d_local[v_b, v_c, v_i, v_j])
                                    T.sblock_attr({"meta_schedule.thread_extent_high_inclusive": 1024, "meta_schedule.thread_extent_low_inclusive": 32, "meta_schedule.tiling_structure": "SSSRRSRS"})
                                    with T.init():
                                        DepthwiseConv2d_local[v_b, v_c, v_i, v_j] = T.float16(0.0)
                                    DepthwiseConv2d_local[v_b, v_c, v_i, v_j] = DepthwiseConv2d_local[v_b, v_c, v_i, v_j] + PaddedInput_shared[v_b, v_c, v_i + v_di, v_j + v_dj] * W_shared[v_c, 0, v_di, v_dj]
                        for ax0, ax1, ax2, ax3 in T.grid(1, 4, 4, 4):
                            with T.sblock("DepthwiseConv2d_local"):
                                v0 = T.axis.spatial(1, ax0)
                                v1 = T.axis.spatial(8, b_0_c_0_i_0_j_0_fused // 8 * 4 + ax1)
                                v2 = T.axis.spatial(2048, b_0_c_0_i_0_j_0_fused % 8 // 4 * 1024 + b_1_c_1_i_1_j_1_fused // 4 * 32 + b_2_c_2_i_2_j_2_fused // 32 * 4 + ax2)
                                v3 = T.axis.spatial(2048, b_0_c_0_i_0_j_0_fused % 4 * 512 + b_1_c_1_i_1_j_1_fused % 4 * 128 + b_2_c_2_i_2_j_2_fused % 32 * 4 + ax3)
                                T.reads(DepthwiseConv2d_local[v0, v1, v2, v3])
                                T.writes(DepthwiseConv2d[v0, v1, v2, v3])
                                DepthwiseConv2d[v0, v1, v2, v3] = DepthwiseConv2d_local[v0, v1, v2, v3]
b0 = sch.get_sblock(name="PaddedInput", func_name="main")
b1 = sch.get_sblock(name="DepthwiseConv2d", func_name="main")
b2 = sch.get_sblock(name="root", func_name="main")
sch.annotate(block_or_loop=b1, ann_key="meta_schedule.tiling_structure", ann_val="SSSRRSRS")
l3, l4, l5, l6, l7, l8 = sch.get_loops(block=b1)
v9, v10, v11, v12, v13 = sch.sample_perfect_tile(loop=l3, n=5, max_innermost_factor=64, decision=[1, 1, 1, 1, 1])
l14, l15, l16, l17, l18 = sch.split(loop=l3, factors=[v9, v10, v11, v12, v13], preserve_unit_iters=True, disable_predication=False)
v19, v20, v21, v22, v23 = sch.sample_perfect_tile(loop=l4, n=5, max_innermost_factor=64, decision=[2, 1, 1, 1, 4])
l24, l25, l26, l27, l28 = sch.split(loop=l4, factors=[v19, v20, v21, v22, v23], preserve_unit_iters=True, disable_predication=False)
v29, v30, v31, v32, v33 = sch.sample_perfect_tile(loop=l5, n=5, max_innermost_factor=64, decision=[2, 32, 8, 4, 1])
l34, l35, l36, l37, l38 = sch.split(loop=l5, factors=[v29, v30, v31, v32, v33], preserve_unit_iters=True, disable_predication=False)
v39, v40, v41, v42, v43 = sch.sample_perfect_tile(loop=l6, n=5, max_innermost_factor=64, decision=[4, 4, 32, 2, 2])
l44, l45, l46, l47, l48 = sch.split(loop=l6, factors=[v39, v40, v41, v42, v43], preserve_unit_iters=True, disable_predication=False)
v49, v50, v51 = sch.sample_perfect_tile(loop=l7, n=3, max_innermost_factor=64, decision=[7, 1, 1])
l52, l53, l54 = sch.split(loop=l7, factors=[v49, v50, v51], preserve_unit_iters=True, disable_predication=False)
v55, v56, v57 = sch.sample_perfect_tile(loop=l8, n=3, max_innermost_factor=64, decision=[1, 7, 1])
l58, l59, l60 = sch.split(loop=l8, factors=[v55, v56, v57], preserve_unit_iters=True, disable_predication=False)
sch.reorder(l14, l24, l34, l44, l15, l25, l35, l45, l16, l26, l36, l46, l52, l58, l53, l59, l17, l27, l37, l47, l54, l60, l18, l28, l38, l48)
l61 = sch.fuse(l14, l24, l34, l44, preserve_unit_iters=True)
sch.bind(loop=l61, thread_axis="blockIdx.x")
l62 = sch.fuse(l15, l25, l35, l45, preserve_unit_iters=True)
sch.bind(loop=l62, thread_axis="vthread.x")
l63 = sch.fuse(l16, l26, l36, l46, preserve_unit_iters=True)
sch.bind(loop=l63, thread_axis="threadIdx.x")
sch.annotate(block_or_loop=b1, ann_key="meta_schedule.thread_extent_low_inclusive", ann_val=32)
sch.annotate(block_or_loop=b1, ann_key="meta_schedule.thread_extent_high_inclusive", ann_val=1024)
b64 = sch.cache_write(block=b1, write_buffer_index=0, storage_scope="local")
sch.reverse_compute_at(block=b64, loop=l63, preserve_unit_loops=True, index=-1)
b65 = sch.cache_read(block=b1, read_buffer_index=0, storage_scope="shared", consumer_blocks=[b1])
sch.compute_at(block=b65, loop=l58, preserve_unit_loops=True, index=-1)
l66, l67, l68, l69, l70, l71, l72, l73, l74 = sch.get_loops(block=b65)
l75 = sch.fuse(l71, l72, l73, l74, preserve_unit_iters=True)
v76 = sch.sample_categorical(candidates=[1, 2, 4, 8], probs=[0.25, 0.25, 0.25, 0.25], decision=1)
sch.annotate(block_or_loop=b65, ann_key="meta_schedule.cooperative_fetch", ann_val=v76)
b77 = sch.cache_read(block=b1, read_buffer_index=1, storage_scope="shared", consumer_blocks=[b1])
sch.compute_at(block=b77, loop=l58, preserve_unit_loops=True, index=-1)
l78, l79, l80, l81, l82, l83, l84, l85, l86 = sch.get_loops(block=b77)
l87 = sch.fuse(l83, l84, l85, l86, preserve_unit_iters=True)
v88 = sch.sample_categorical(candidates=[1, 2, 4, 8], probs=[0.25, 0.25, 0.25, 0.25], decision=2)
sch.annotate(block_or_loop=b77, ann_key="meta_schedule.cooperative_fetch", ann_val=v88)
l89 = sch.fuse(l52, l58, preserve_unit_iters=True)
sch.annotate(block_or_loop=l89, ann_key="software_pipeline_stage", ann_val=[0, 0, 2])
sch.annotate(block_or_loop=l89, ann_key="software_pipeline_order", ann_val=[0, 1, 2])
sch.annotate(block_or_loop=l89, ann_key="software_pipeline_async_stages", ann_val=[0])
sch.compute_inline(block=b0)
v90 = sch.sample_categorical(candidates=[0, 16, 32, 64, 128, 256, 512, 1024], probs=[0.125, 0.125, 0.125, 0.125, 0.125, 0.125, 0.125, 0.125], decision=2)
sch.annotate(block_or_loop=b2, ann_key="meta_schedule.unroll_explicit", ann_val=v90)
2026-08-26 16:00:32 [INFO] [task_scheduler.cc:185] Design space #2:
# from tvm.script import ir as I
# from tvm.script import tirx as T
# from tvm.tirx.layout import Axis

@I.ir_module
class Module:
    @T.prim_func(s_tir=True)
    def main(X: T.Buffer((1, 8, 2048, 2048), "float16"), W: T.Buffer((8, 1, 7, 7), "float16"), DepthwiseConv2d: T.Buffer((1, 8, 2048, 2048), "float16")):
        T.func_attr({"tirx.noalias": True})
        with T.sblock("root"):
            T.reads()
            T.writes()
            T.sblock_attr({"meta_schedule.unroll_explicit": 128})
            DepthwiseConv2d_local = T.sblock_alloc_buffer((1, 8, 2048, 2048), "float16", scope="local")
            PaddedInput_shared = T.sblock_alloc_buffer((1, 8, 2054, 2054), "float16", scope="shared")
            W_shared = T.sblock_alloc_buffer((8, 1, 7, 7), "float16", scope="shared")
            for b_0_c_0_i_0_j_0_fused in T.thread_binding(16, thread="blockIdx.x"):
                for b_1_c_1_i_1_j_1_fused in T.thread_binding(128, thread="vthread.x"):
                    for b_2_c_2_i_2_j_2_fused in T.thread_binding(256, thread="threadIdx.x"):
                        for di_0_dj_0_fused in T.serial(7, annotations={"software_pipeline_async_stages": [0], "software_pipeline_order": [0, 1, 2], "software_pipeline_stage": [0, 0, 3]}):
                            for ax0_ax1_ax2_ax3_fused in range(2121728):
                                with T.sblock("PaddedInput_shared"):
                                    v0 = T.axis.spatial(1, 0)
                                    v1 = T.axis.spatial(8, b_0_c_0_i_0_j_0_fused // 8 * 4 + ax0_ax1_ax2_ax3_fused // 530432)
                                    v2 = T.axis.spatial(2054, di_0_dj_0_fused + b_0_c_0_i_0_j_0_fused % 8 // 4 * 1024 + ax0_ax1_ax2_ax3_fused % 530432 // 518)
                                    v3 = T.axis.spatial(2054, b_0_c_0_i_0_j_0_fused % 4 * 512 + ax0_ax1_ax2_ax3_fused % 518)
                                    T.reads(X[v0, v1, v2 - 3, v3 - 3])
                                    T.writes(PaddedInput_shared[v0, v1, v2, v3])
                                    T.sblock_attr({"meta_schedule.cooperative_fetch": 2})
                                    PaddedInput_shared[v0, v1, v2, v3] = T.if_then_else(3 <= v2 and v2 < 2051 and 3 <= v3 and v3 < 2051, X[v0, v1, v2 - 3, v3 - 3], T.float16(0.0))
                            for ax0_ax1_ax2_ax3_fused in range(28):
                                with T.sblock("W_shared"):
                                    v0 = T.axis.spatial(8, b_0_c_0_i_0_j_0_fused // 8 * 4 + ax0_ax1_ax2_ax3_fused // 7)
                                    v1 = T.axis.spatial(1, 0)
                                    v2 = T.axis.spatial(7, di_0_dj_0_fused)
                                    v3 = T.axis.spatial(7, ax0_ax1_ax2_ax3_fused % 7)
                                    T.reads(W[v0, v1, v2, v3])
                                    T.writes(W_shared[v0, v1, v2, v3])
                                    T.sblock_attr({"meta_schedule.cooperative_fetch": 4})
                                    W_shared[v0, v1, v2, v3] = W[v0, v1, v2, v3]
                            for di_1, dj_1, b_3, c_3, i_3, j_3, di_2, dj_2, b_4, c_4, i_4, j_4 in T.grid(1, 7, 1, 1, 4, 2, 1, 1, 1, 4, 1, 2):
                                with T.sblock("DepthwiseConv2d"):
                                    v_b = T.axis.spatial(1, b_3 + b_4)
                                    v_c = T.axis.spatial(8, b_0_c_0_i_0_j_0_fused // 8 * 4 + c_3 * 4 + c_4)
                                    v_i = T.axis.spatial(2048, b_0_c_0_i_0_j_0_fused % 8 // 4 * 1024 + b_1_c_1_i_1_j_1_fused // 4 * 32 + b_2_c_2_i_2_j_2_fused // 32 * 4 + i_3 + i_4)
                                    v_j = T.axis.spatial(2048, b_0_c_0_i_0_j_0_fused % 4 * 512 + b_1_c_1_i_1_j_1_fused % 4 * 128 + b_2_c_2_i_2_j_2_fused % 32 * 4 + j_3 * 2 + j_4)
                                    v_di = T.axis.reduce(7, di_0_dj_0_fused + di_1 + di_2)
                                    v_dj = T.axis.reduce(7, dj_1 + dj_2)
                                    T.reads(PaddedInput_shared[v_b, v_c, v_i + v_di, v_j + v_dj], W_shared[v_c, 0, v_di, v_dj])
                                    T.writes(DepthwiseConv2d_local[v_b, v_c, v_i, v_j])
                                    T.sblock_attr({"meta_schedule.thread_extent_high_inclusive": 1024, "meta_schedule.thread_extent_low_inclusive": 32, "meta_schedule.tiling_structure": "SSSRRSRS"})
                                    with T.init():
                                        DepthwiseConv2d_local[v_b, v_c, v_i, v_j] = T.float16(0.0)
                                    DepthwiseConv2d_local[v_b, v_c, v_i, v_j] = DepthwiseConv2d_local[v_b, v_c, v_i, v_j] + PaddedInput_shared[v_b, v_c, v_i + v_di, v_j + v_dj] * W_shared[v_c, 0, v_di, v_dj]
                        for ax0, ax1, ax2, ax3 in T.grid(1, 4, 4, 4):
                            with T.sblock("DepthwiseConv2d_local"):
                                v0 = T.axis.spatial(1, ax0)
                                v1 = T.axis.spatial(8, b_0_c_0_i_0_j_0_fused // 8 * 4 + ax1)
                                v2 = T.axis.spatial(2048, b_0_c_0_i_0_j_0_fused % 8 // 4 * 1024 + b_1_c_1_i_1_j_1_fused // 4 * 32 + b_2_c_2_i_2_j_2_fused // 32 * 4 + ax2)
                                v3 = T.axis.spatial(2048, b_0_c_0_i_0_j_0_fused % 4 * 512 + b_1_c_1_i_1_j_1_fused % 4 * 128 + b_2_c_2_i_2_j_2_fused % 32 * 4 + ax3)
                                T.reads(DepthwiseConv2d_local[v0, v1, v2, v3])
                                T.writes(DepthwiseConv2d[v0, v1, v2, v3])
                                DepthwiseConv2d[v0, v1, v2, v3] = DepthwiseConv2d_local[v0, v1, v2, v3]
b0 = sch.get_sblock(name="PaddedInput", func_name="main")
b1 = sch.get_sblock(name="DepthwiseConv2d", func_name="main")
b2 = sch.get_sblock(name="root", func_name="main")
sch.annotate(block_or_loop=b1, ann_key="meta_schedule.tiling_structure", ann_val="SSSRRSRS")
l3, l4, l5, l6, l7, l8 = sch.get_loops(block=b1)
v9, v10, v11, v12, v13 = sch.sample_perfect_tile(loop=l3, n=5, max_innermost_factor=64, decision=[1, 1, 1, 1, 1])
l14, l15, l16, l17, l18 = sch.split(loop=l3, factors=[v9, v10, v11, v12, v13], preserve_unit_iters=True, disable_predication=False)
v19, v20, v21, v22, v23 = sch.sample_perfect_tile(loop=l4, n=5, max_innermost_factor=64, decision=[2, 1, 1, 1, 4])
l24, l25, l26, l27, l28 = sch.split(loop=l4, factors=[v19, v20, v21, v22, v23], preserve_unit_iters=True, disable_predication=False)
v29, v30, v31, v32, v33 = sch.sample_perfect_tile(loop=l5, n=5, max_innermost_factor=64, decision=[2, 32, 8, 4, 1])
l34, l35, l36, l37, l38 = sch.split(loop=l5, factors=[v29, v30, v31, v32, v33], preserve_unit_iters=True, disable_predication=False)
v39, v40, v41, v42, v43 = sch.sample_perfect_tile(loop=l6, n=5, max_innermost_factor=64, decision=[4, 4, 32, 2, 2])
l44, l45, l46, l47, l48 = sch.split(loop=l6, factors=[v39, v40, v41, v42, v43], preserve_unit_iters=True, disable_predication=False)
v49, v50, v51 = sch.sample_perfect_tile(loop=l7, n=3, max_innermost_factor=64, decision=[7, 1, 1])
l52, l53, l54 = sch.split(loop=l7, factors=[v49, v50, v51], preserve_unit_iters=True, disable_predication=False)
v55, v56, v57 = sch.sample_perfect_tile(loop=l8, n=3, max_innermost_factor=64, decision=[1, 7, 1])
l58, l59, l60 = sch.split(loop=l8, factors=[v55, v56, v57], preserve_unit_iters=True, disable_predication=False)
sch.reorder(l14, l24, l34, l44, l15, l25, l35, l45, l16, l26, l36, l46, l52, l58, l53, l59, l17, l27, l37, l47, l54, l60, l18, l28, l38, l48)
l61 = sch.fuse(l14, l24, l34, l44, preserve_unit_iters=True)
sch.bind(loop=l61, thread_axis="blockIdx.x")
l62 = sch.fuse(l15, l25, l35, l45, preserve_unit_iters=True)
sch.bind(loop=l62, thread_axis="vthread.x")
l63 = sch.fuse(l16, l26, l36, l46, preserve_unit_iters=True)
sch.bind(loop=l63, thread_axis="threadIdx.x")
sch.annotate(block_or_loop=b1, ann_key="meta_schedule.thread_extent_low_inclusive", ann_val=32)
sch.annotate(block_or_loop=b1, ann_key="meta_schedule.thread_extent_high_inclusive", ann_val=1024)
b64 = sch.cache_write(block=b1, write_buffer_index=0, storage_scope="local")
sch.reverse_compute_at(block=b64, loop=l63, preserve_unit_loops=True, index=-1)
b65 = sch.cache_read(block=b1, read_buffer_index=0, storage_scope="shared", consumer_blocks=[b1])
sch.compute_at(block=b65, loop=l58, preserve_unit_loops=True, index=-1)
l66, l67, l68, l69, l70, l71, l72, l73, l74 = sch.get_loops(block=b65)
l75 = sch.fuse(l71, l72, l73, l74, preserve_unit_iters=True)
v76 = sch.sample_categorical(candidates=[1, 2, 4, 8], probs=[0.25, 0.25, 0.25, 0.25], decision=1)
sch.annotate(block_or_loop=b65, ann_key="meta_schedule.cooperative_fetch", ann_val=v76)
b77 = sch.cache_read(block=b1, read_buffer_index=1, storage_scope="shared", consumer_blocks=[b1])
sch.compute_at(block=b77, loop=l58, preserve_unit_loops=True, index=-1)
l78, l79, l80, l81, l82, l83, l84, l85, l86 = sch.get_loops(block=b77)
l87 = sch.fuse(l83, l84, l85, l86, preserve_unit_iters=True)
v88 = sch.sample_categorical(candidates=[1, 2, 4, 8], probs=[0.25, 0.25, 0.25, 0.25], decision=2)
sch.annotate(block_or_loop=b77, ann_key="meta_schedule.cooperative_fetch", ann_val=v88)
l89 = sch.fuse(l52, l58, preserve_unit_iters=True)
sch.annotate(block_or_loop=l89, ann_key="software_pipeline_stage", ann_val=[0, 0, 3])
sch.annotate(block_or_loop=l89, ann_key="software_pipeline_order", ann_val=[0, 1, 2])
sch.annotate(block_or_loop=l89, ann_key="software_pipeline_async_stages", ann_val=[0])
sch.compute_inline(block=b0)
v90 = sch.sample_categorical(candidates=[0, 16, 32, 64, 128, 256, 512, 1024], probs=[0.125, 0.125, 0.125, 0.125, 0.125, 0.125, 0.125, 0.125], decision=4)
sch.annotate(block_or_loop=b2, ann_key="meta_schedule.unroll_explicit", ann_val=v90)
2026-08-26 16:00:32 [INFO] [evolutionary_search.cc:738] Generating candidates......
2026-08-26 16:00:33 [INFO] [evolutionary_search.cc:505] Pick-Best-From-Database summary:
Trace replay failures: 0 failure(s)
Postproc #0 [s_tir.meta_schedule.DisallowDynamicLoop]: 0 failure(s)
Postproc #1 [s_tir.meta_schedule.RewriteCooperativeFetch]: 0 failure(s)
Postproc #2 [s_tir.meta_schedule.RewriteUnboundBlock]: 0 failure(s)
Postproc #3 [s_tir.meta_schedule.RewriteParallelVectorizeUnroll]: 0 failure(s)
Postproc #4 [s_tir.meta_schedule.RewriteReductionBlock]: 0 failure(s)
Postproc #5 [s_tir.meta_schedule.VerifyGPUCode]: 0 failure(s)
Postproc #6 [s_tir.meta_schedule.RewriteTensorize]: 0 failure(s)
2026-08-26 16:00:33 [INFO] [evolutionary_search.cc:740] Picked top 102 candidate(s) from database
2026-08-26 16:00:34 [INFO] [evolutionary_search.cc:551] Sample-Init-Population summary:
Trace replay failures: 0 failure(s)
Postproc #0 [s_tir.meta_schedule.DisallowDynamicLoop]: 0 failure(s)
Postproc #1 [s_tir.meta_schedule.RewriteCooperativeFetch]: 0 failure(s)
Postproc #2 [s_tir.meta_schedule.RewriteUnboundBlock]: 0 failure(s)
Postproc #3 [s_tir.meta_schedule.RewriteParallelVectorizeUnroll]: 0 failure(s)
Postproc #4 [s_tir.meta_schedule.RewriteReductionBlock]: 0 failure(s)
Postproc #5 [s_tir.meta_schedule.VerifyGPUCode]: 409 failure(s)
Postproc #6 [s_tir.meta_schedule.RewriteTensorize]: 0 failure(s)
2026-08-26 16:00:34 [INFO] [evolutionary_search.cc:551] Sample-Init-Population summary:
Trace replay failures: 0 failure(s)
Postproc #0 [s_tir.meta_schedule.DisallowDynamicLoop]: 0 failure(s)
Postproc #1 [s_tir.meta_schedule.RewriteCooperativeFetch]: 0 failure(s)
Postproc #2 [s_tir.meta_schedule.RewriteUnboundBlock]: 0 failure(s)
Postproc #3 [s_tir.meta_schedule.RewriteParallelVectorizeUnroll]: 0 failure(s)
Postproc #4 [s_tir.meta_schedule.RewriteReductionBlock]: 0 failure(s)
Postproc #5 [s_tir.meta_schedule.VerifyGPUCode]: 816 failure(s)
Postproc #6 [s_tir.meta_schedule.RewriteTensorize]: 0 failure(s)
2026-08-26 16:00:35 [INFO] [evolutionary_search.cc:551] Sample-Init-Population summary:
Trace replay failures: 0 failure(s)
Postproc #0 [s_tir.meta_schedule.DisallowDynamicLoop]: 0 failure(s)
Postproc #1 [s_tir.meta_schedule.RewriteCooperativeFetch]: 0 failure(s)
Postproc #2 [s_tir.meta_schedule.RewriteUnboundBlock]: 0 failure(s)
Postproc #3 [s_tir.meta_schedule.RewriteParallelVectorizeUnroll]: 0 failure(s)
Postproc #4 [s_tir.meta_schedule.RewriteReductionBlock]: 0 failure(s)
Postproc #5 [s_tir.meta_schedule.VerifyGPUCode]: 1223 failure(s)
Postproc #6 [s_tir.meta_schedule.RewriteTensorize]: 0 failure(s)
2026-08-26 16:00:36 [INFO] [evolutionary_search.cc:551] Sample-Init-Population summary:
Trace replay failures: 0 failure(s)
Postproc #0 [s_tir.meta_schedule.DisallowDynamicLoop]: 0 failure(s)
Postproc #1 [s_tir.meta_schedule.RewriteCooperativeFetch]: 0 failure(s)
Postproc #2 [s_tir.meta_schedule.RewriteUnboundBlock]: 0 failure(s)
Postproc #3 [s_tir.meta_schedule.RewriteParallelVectorizeUnroll]: 0 failure(s)
Postproc #4 [s_tir.meta_schedule.RewriteReductionBlock]: 0 failure(s)
Postproc #5 [s_tir.meta_schedule.VerifyGPUCode]: 1632 failure(s)
Postproc #6 [s_tir.meta_schedule.RewriteTensorize]: 0 failure(s)
2026-08-26 16:00:37 [INFO] [evolutionary_search.cc:551] Sample-Init-Population summary:
Trace replay failures: 0 failure(s)
Postproc #0 [s_tir.meta_schedule.DisallowDynamicLoop]: 0 failure(s)
Postproc #1 [s_tir.meta_schedule.RewriteCooperativeFetch]: 0 failure(s)
Postproc #2 [s_tir.meta_schedule.RewriteUnboundBlock]: 0 failure(s)
Postproc #3 [s_tir.meta_schedule.RewriteParallelVectorizeUnroll]: 0 failure(s)
Postproc #4 [s_tir.meta_schedule.RewriteReductionBlock]: 0 failure(s)
Postproc #5 [s_tir.meta_schedule.VerifyGPUCode]: 2038 failure(s)
Postproc #6 [s_tir.meta_schedule.RewriteTensorize]: 0 failure(s)
2026-08-26 16:00:38 [INFO] [evolutionary_search.cc:551] Sample-Init-Population summary:
Trace replay failures: 0 failure(s)
Postproc #0 [s_tir.meta_schedule.DisallowDynamicLoop]: 0 failure(s)
Postproc #1 [s_tir.meta_schedule.RewriteCooperativeFetch]: 0 failure(s)
Postproc #2 [s_tir.meta_schedule.RewriteUnboundBlock]: 0 failure(s)
Postproc #3 [s_tir.meta_schedule.RewriteParallelVectorizeUnroll]: 0 failure(s)
Postproc #4 [s_tir.meta_schedule.RewriteReductionBlock]: 0 failure(s)
Postproc #5 [s_tir.meta_schedule.VerifyGPUCode]: 2443 failure(s)
Postproc #6 [s_tir.meta_schedule.RewriteTensorize]: 0 failure(s)
2026-08-26 16:00:39 [INFO] [evolutionary_search.cc:551] Sample-Init-Population summary:
Trace replay failures: 0 failure(s)
Postproc #0 [s_tir.meta_schedule.DisallowDynamicLoop]: 0 failure(s)
Postproc #1 [s_tir.meta_schedule.RewriteCooperativeFetch]: 0 failure(s)
Postproc #2 [s_tir.meta_schedule.RewriteUnboundBlock]: 0 failure(s)
Postproc #3 [s_tir.meta_schedule.RewriteParallelVectorizeUnroll]: 0 failure(s)
Postproc #4 [s_tir.meta_schedule.RewriteReductionBlock]: 0 failure(s)
Postproc #5 [s_tir.meta_schedule.VerifyGPUCode]: 2849 failure(s)
Postproc #6 [s_tir.meta_schedule.RewriteTensorize]: 0 failure(s)
2026-08-26 16:00:40 [INFO] [evolutionary_search.cc:551] Sample-Init-Population summary:
Trace replay failures: 0 failure(s)
Postproc #0 [s_tir.meta_schedule.DisallowDynamicLoop]: 0 failure(s)
Postproc #1 [s_tir.meta_schedule.RewriteCooperativeFetch]: 0 failure(s)
Postproc #2 [s_tir.meta_schedule.RewriteUnboundBlock]: 0 failure(s)
Postproc #3 [s_tir.meta_schedule.RewriteParallelVectorizeUnroll]: 0 failure(s)
Postproc #4 [s_tir.meta_schedule.RewriteReductionBlock]: 0 failure(s)
Postproc #5 [s_tir.meta_schedule.VerifyGPUCode]: 3255 failure(s)
Postproc #6 [s_tir.meta_schedule.RewriteTensorize]: 0 failure(s)
2026-08-26 16:00:41 [INFO] [evolutionary_search.cc:551] Sample-Init-Population summary:
Trace replay failures: 0 failure(s)
Postproc #0 [s_tir.meta_schedule.DisallowDynamicLoop]: 0 failure(s)
Postproc #1 [s_tir.meta_schedule.RewriteCooperativeFetch]: 0 failure(s)
Postproc #2 [s_tir.meta_schedule.RewriteUnboundBlock]: 0 failure(s)
Postproc #3 [s_tir.meta_schedule.RewriteParallelVectorizeUnroll]: 0 failure(s)
Postproc #4 [s_tir.meta_schedule.RewriteReductionBlock]: 0 failure(s)
Postproc #5 [s_tir.meta_schedule.VerifyGPUCode]: 3658 failure(s)
Postproc #6 [s_tir.meta_schedule.RewriteTensorize]: 0 failure(s)
2026-08-26 16:00:42 [INFO] [evolutionary_search.cc:551] Sample-Init-Population summary:
Trace replay failures: 0 failure(s)
Postproc #0 [s_tir.meta_schedule.DisallowDynamicLoop]: 0 failure(s)
Postproc #1 [s_tir.meta_schedule.RewriteCooperativeFetch]: 0 failure(s)
Postproc #2 [s_tir.meta_schedule.RewriteUnboundBlock]: 0 failure(s)
Postproc #3 [s_tir.meta_schedule.RewriteParallelVectorizeUnroll]: 0 failure(s)
Postproc #4 [s_tir.meta_schedule.RewriteReductionBlock]: 0 failure(s)
Postproc #5 [s_tir.meta_schedule.VerifyGPUCode]: 4066 failure(s)
Postproc #6 [s_tir.meta_schedule.RewriteTensorize]: 0 failure(s)
2026-08-26 16:00:42 [INFO] [evolutionary_search.cc:551] Sample-Init-Population summary:
Trace replay failures: 0 failure(s)
Postproc #0 [s_tir.meta_schedule.DisallowDynamicLoop]: 0 failure(s)
Postproc #1 [s_tir.meta_schedule.RewriteCooperativeFetch]: 0 failure(s)
Postproc #2 [s_tir.meta_schedule.RewriteUnboundBlock]: 0 failure(s)
Postproc #3 [s_tir.meta_schedule.RewriteParallelVectorizeUnroll]: 0 failure(s)
Postproc #4 [s_tir.meta_schedule.RewriteReductionBlock]: 0 failure(s)
Postproc #5 [s_tir.meta_schedule.VerifyGPUCode]: 4474 failure(s)
Postproc #6 [s_tir.meta_schedule.RewriteTensorize]: 0 failure(s)
2026-08-26 16:00:43 [INFO] [evolutionary_search.cc:551] Sample-Init-Population summary:
Trace replay failures: 0 failure(s)
Postproc #0 [s_tir.meta_schedule.DisallowDynamicLoop]: 0 failure(s)
Postproc #1 [s_tir.meta_schedule.RewriteCooperativeFetch]: 0 failure(s)
Postproc #2 [s_tir.meta_schedule.RewriteUnboundBlock]: 0 failure(s)
Postproc #3 [s_tir.meta_schedule.RewriteParallelVectorizeUnroll]: 0 failure(s)
Postproc #4 [s_tir.meta_schedule.RewriteReductionBlock]: 0 failure(s)
Postproc #5 [s_tir.meta_schedule.VerifyGPUCode]: 4884 failure(s)
Postproc #6 [s_tir.meta_schedule.RewriteTensorize]: 0 failure(s)
2026-08-26 16:00:44 [INFO] [evolutionary_search.cc:551] Sample-Init-Population summary:
Trace replay failures: 0 failure(s)
Postproc #0 [s_tir.meta_schedule.DisallowDynamicLoop]: 0 failure(s)
Postproc #1 [s_tir.meta_schedule.RewriteCooperativeFetch]: 0 failure(s)
Postproc #2 [s_tir.meta_schedule.RewriteUnboundBlock]: 0 failure(s)
Postproc #3 [s_tir.meta_schedule.RewriteParallelVectorizeUnroll]: 0 failure(s)
Postproc #4 [s_tir.meta_schedule.RewriteReductionBlock]: 0 failure(s)
Postproc #5 [s_tir.meta_schedule.VerifyGPUCode]: 5293 failure(s)
Postproc #6 [s_tir.meta_schedule.RewriteTensorize]: 0 failure(s)
2026-08-26 16:00:45 [INFO] [evolutionary_search.cc:551] Sample-Init-Population summary:
Trace replay failures: 0 failure(s)
Postproc #0 [s_tir.meta_schedule.DisallowDynamicLoop]: 0 failure(s)
Postproc #1 [s_tir.meta_schedule.RewriteCooperativeFetch]: 0 failure(s)
Postproc #2 [s_tir.meta_schedule.RewriteUnboundBlock]: 0 failure(s)
Postproc #3 [s_tir.meta_schedule.RewriteParallelVectorizeUnroll]: 0 failure(s)
Postproc #4 [s_tir.meta_schedule.RewriteReductionBlock]: 0 failure(s)
Postproc #5 [s_tir.meta_schedule.VerifyGPUCode]: 5698 failure(s)
Postproc #6 [s_tir.meta_schedule.RewriteTensorize]: 0 failure(s)
2026-08-26 16:00:46 [INFO] [evolutionary_search.cc:551] Sample-Init-Population summary:
Trace replay failures: 0 failure(s)
Postproc #0 [s_tir.meta_schedule.DisallowDynamicLoop]: 0 failure(s)
Postproc #1 [s_tir.meta_schedule.RewriteCooperativeFetch]: 0 failure(s)
Postproc #2 [s_tir.meta_schedule.RewriteUnboundBlock]: 0 failure(s)
Postproc #3 [s_tir.meta_schedule.RewriteParallelVectorizeUnroll]: 0 failure(s)
Postproc #4 [s_tir.meta_schedule.RewriteReductionBlock]: 0 failure(s)
Postproc #5 [s_tir.meta_schedule.VerifyGPUCode]: 6105 failure(s)
Postproc #6 [s_tir.meta_schedule.RewriteTensorize]: 0 failure(s)
2026-08-26 16:00:47 [INFO] [evolutionary_search.cc:551] Sample-Init-Population summary:
Trace replay failures: 0 failure(s)
Postproc #0 [s_tir.meta_schedule.DisallowDynamicLoop]: 0 failure(s)
Postproc #1 [s_tir.meta_schedule.RewriteCooperativeFetch]: 0 failure(s)
Postproc #2 [s_tir.meta_schedule.RewriteUnboundBlock]: 0 failure(s)
Postproc #3 [s_tir.meta_schedule.RewriteParallelVectorizeUnroll]: 0 failure(s)
Postproc #4 [s_tir.meta_schedule.RewriteReductionBlock]: 0 failure(s)
Postproc #5 [s_tir.meta_schedule.VerifyGPUCode]: 6514 failure(s)
Postproc #6 [s_tir.meta_schedule.RewriteTensorize]: 0 failure(s)
2026-08-26 16:00:48 [INFO] [evolutionary_search.cc:551] Sample-Init-Population summary:
Trace replay failures: 0 failure(s)
Postproc #0 [s_tir.meta_schedule.DisallowDynamicLoop]: 0 failure(s)
Postproc #1 [s_tir.meta_schedule.RewriteCooperativeFetch]: 0 failure(s)
Postproc #2 [s_tir.meta_schedule.RewriteUnboundBlock]: 0 failure(s)
Postproc #3 [s_tir.meta_schedule.RewriteParallelVectorizeUnroll]: 0 failure(s)
Postproc #4 [s_tir.meta_schedule.RewriteReductionBlock]: 0 failure(s)
Postproc #5 [s_tir.meta_schedule.VerifyGPUCode]: 6923 failure(s)
Postproc #6 [s_tir.meta_schedule.RewriteTensorize]: 0 failure(s)
2026-08-26 16:00:49 [INFO] [evolutionary_search.cc:551] Sample-Init-Population summary:
Trace replay failures: 0 failure(s)
Postproc #0 [s_tir.meta_schedule.DisallowDynamicLoop]: 0 failure(s)
Postproc #1 [s_tir.meta_schedule.RewriteCooperativeFetch]: 0 failure(s)
Postproc #2 [s_tir.meta_schedule.RewriteUnboundBlock]: 0 failure(s)
Postproc #3 [s_tir.meta_schedule.RewriteParallelVectorizeUnroll]: 0 failure(s)
Postproc #4 [s_tir.meta_schedule.RewriteReductionBlock]: 0 failure(s)
Postproc #5 [s_tir.meta_schedule.VerifyGPUCode]: 7332 failure(s)
Postproc #6 [s_tir.meta_schedule.RewriteTensorize]: 0 failure(s)
2026-08-26 16:00:49 [INFO] [evolutionary_search.cc:551] Sample-Init-Population summary:
Trace replay failures: 0 failure(s)
Postproc #0 [s_tir.meta_schedule.DisallowDynamicLoop]: 0 failure(s)
Postproc #1 [s_tir.meta_schedule.RewriteCooperativeFetch]: 0 failure(s)
Postproc #2 [s_tir.meta_schedule.RewriteUnboundBlock]: 0 failure(s)
Postproc #3 [s_tir.meta_schedule.RewriteParallelVectorizeUnroll]: 0 failure(s)
Postproc #4 [s_tir.meta_schedule.RewriteReductionBlock]: 0 failure(s)
Postproc #5 [s_tir.meta_schedule.VerifyGPUCode]: 7740 failure(s)
Postproc #6 [s_tir.meta_schedule.RewriteTensorize]: 0 failure(s)
2026-08-26 16:00:49 [INFO] [evolutionary_search.cc:748] Sampled 50 candidate(s)
2026-08-26 16:00:51 [INFO] [evolutionary_search.cc:645] Evolve iter #0 done. Summary:
Trace replay failures: 0 failure(s)
Postproc #0 [s_tir.meta_schedule.DisallowDynamicLoop]: 0 failure(s)
Postproc #1 [s_tir.meta_schedule.RewriteCooperativeFetch]: 0 failure(s)
Postproc #2 [s_tir.meta_schedule.RewriteUnboundBlock]: 0 failure(s)
Postproc #3 [s_tir.meta_schedule.RewriteParallelVectorizeUnroll]: 0 failure(s)
Postproc #4 [s_tir.meta_schedule.RewriteReductionBlock]: 0 failure(s)
Postproc #5 [s_tir.meta_schedule.VerifyGPUCode]: 59 failure(s)
Postproc #6 [s_tir.meta_schedule.RewriteTensorize]: 0 failure(s)
2026-08-26 16:00:53 [INFO] [evolutionary_search.cc:645] Evolve iter #1 done. Summary:
Trace replay failures: 0 failure(s)
Postproc #0 [s_tir.meta_schedule.DisallowDynamicLoop]: 0 failure(s)
Postproc #1 [s_tir.meta_schedule.RewriteCooperativeFetch]: 0 failure(s)
Postproc #2 [s_tir.meta_schedule.RewriteUnboundBlock]: 0 failure(s)
Postproc #3 [s_tir.meta_schedule.RewriteParallelVectorizeUnroll]: 0 failure(s)
Postproc #4 [s_tir.meta_schedule.RewriteReductionBlock]: 0 failure(s)
Postproc #5 [s_tir.meta_schedule.VerifyGPUCode]: 48 failure(s)
Postproc #6 [s_tir.meta_schedule.RewriteTensorize]: 0 failure(s)
2026-08-26 16:00:55 [INFO] [evolutionary_search.cc:645] Evolve iter #2 done. Summary:
Trace replay failures: 0 failure(s)
Postproc #0 [s_tir.meta_schedule.DisallowDynamicLoop]: 0 failure(s)
Postproc #1 [s_tir.meta_schedule.RewriteCooperativeFetch]: 0 failure(s)
Postproc #2 [s_tir.meta_schedule.RewriteUnboundBlock]: 0 failure(s)
Postproc #3 [s_tir.meta_schedule.RewriteParallelVectorizeUnroll]: 0 failure(s)
Postproc #4 [s_tir.meta_schedule.RewriteReductionBlock]: 0 failure(s)
Postproc #5 [s_tir.meta_schedule.VerifyGPUCode]: 43 failure(s)
Postproc #6 [s_tir.meta_schedule.RewriteTensorize]: 0 failure(s)
2026-08-26 16:00:56 [INFO] [evolutionary_search.cc:645] Evolve iter #3 done. Summary:
Trace replay failures: 0 failure(s)
Postproc #0 [s_tir.meta_schedule.DisallowDynamicLoop]: 0 failure(s)
Postproc #1 [s_tir.meta_schedule.RewriteCooperativeFetch]: 0 failure(s)
Postproc #2 [s_tir.meta_schedule.RewriteUnboundBlock]: 0 failure(s)
Postproc #3 [s_tir.meta_schedule.RewriteParallelVectorizeUnroll]: 0 failure(s)
Postproc #4 [s_tir.meta_schedule.RewriteReductionBlock]: 0 failure(s)
Postproc #5 [s_tir.meta_schedule.VerifyGPUCode]: 44 failure(s)
Postproc #6 [s_tir.meta_schedule.RewriteTensorize]: 0 failure(s)
2026-08-26 16:00:57 [INFO] [evolutionary_search.cc:673] Scores of the best 64 candidates:
[1 : 16]:	0.9991  0.9962  0.9951  0.9949  0.9946  0.9936  0.9924  0.9916  0.9915  0.9910  0.9910  0.9909  0.9890  0.9877  0.9876  0.9853
[17 : 32]:	0.9848  0.9848  0.9845  0.9834  0.9831  0.9805  0.9801  0.9786  0.9774  0.9774  0.9764  0.9762  0.9761  0.9760  0.9759  0.9747
[33 : 48]:	0.9744  0.9741  0.9737  0.9728  0.9727  0.9716  0.9713  0.9709  0.9696  0.9691  0.9689  0.9688  0.9685  0.9680  0.9677  0.9677
[49 : 64]:	0.9677  0.9673  0.9656  0.9642  0.9637  0.9624  0.9616  0.9607  0.9595  0.9589  0.9587  0.9582  0.9576  0.9574  0.9568  0.9555
2026-08-26 16:00:57 [INFO] [evolutionary_search.cc:752] Got 64 candidate(s) with evolutionary search
2026-08-26 16:00:57 [INFO] [evolutionary_search.cc:755] Sending 64 candidates(s) for measurement
2026-08-26 16:01:48 [INFO] [task_scheduler.cc:144] [Task #0: main] Trial #1: GFLOPs: 4216.1633. Time: 779.9352 us. Best GFLOPs: 4216.1633
2026-08-26 16:01:48 [INFO] [task_scheduler.cc:144] [Task #0: main] Trial #2: GFLOPs: 3111.5476. Time: 1056.8163 us. Best GFLOPs: 4216.1633
2026-08-26 16:01:48 [INFO] [task_scheduler.cc:144] [Task #0: main] Trial #3: GFLOPs: 5959.3233. Time: 551.7966 us. Best GFLOPs: 5959.3233
2026-08-26 16:01:48 [INFO] [task_scheduler.cc:144] [Task #0: main] Trial #4: GFLOPs: 5621.2783. Time: 584.9798 us. Best GFLOPs: 5959.3233
2026-08-26 16:01:48 [INFO] [task_scheduler.cc:144] [Task #0: main] Trial #5: GFLOPs: 2707.1576. Time: 1214.6815 us. Best GFLOPs: 5959.3233
2026-08-26 16:01:48 [INFO] [task_scheduler.cc:144] [Task #0: main] Trial #6: GFLOPs: 8282.9218. Time: 397.0017 us. Best GFLOPs: 8282.9218
2026-08-26 16:01:48 [INFO] [task_scheduler.cc:144] [Task #0: main] Trial #7: GFLOPs: 3518.3621. Time: 934.6208 us. Best GFLOPs: 8282.9218
2026-08-26 16:01:48 [INFO] [task_scheduler.cc:144] [Task #0: main] Trial #8: GFLOPs: 2887.0855. Time: 1138.9806 us. Best GFLOPs: 8282.9218
2026-08-26 16:01:48 [INFO] [task_scheduler.cc:144] [Task #0: main] Trial #9: GFLOPs: 5901.2737. Time: 557.2245 us. Best GFLOPs: 8282.9218
2026-08-26 16:01:48 [INFO] [task_scheduler.cc:144] [Task #0: main] Trial #10: GFLOPs: 7884.8748. Time: 417.0433 us. Best GFLOPs: 8282.9218
2026-08-26 16:01:48 [INFO] [task_scheduler.cc:144] [Task #0: main] Trial #11: GFLOPs: 1153.1798. Time: 2851.5366 us. Best GFLOPs: 8282.9218
2026-08-26 16:01:48 [INFO] [task_scheduler.cc:144] [Task #0: main] Trial #12: GFLOPs: 6227.6727. Time: 528.0198 us. Best GFLOPs: 8282.9218
2026-08-26 16:01:48 [INFO] [task_scheduler.cc:144] [Task #0: main] Trial #13: GFLOPs: 1365.2918. Time: 2408.5212 us. Best GFLOPs: 8282.9218
2026-08-26 16:01:48 [INFO] [task_scheduler.cc:144] [Task #0: main] Trial #14: GFLOPs: 9468.1465. Time: 347.3050 us. Best GFLOPs: 9468.1465
2026-08-26 16:01:48 [INFO] [task_scheduler.cc:144] [Task #0: main] Trial #15: GFLOPs: 10765.0683. Time: 305.4634 us. Best GFLOPs: 10765.0683
2026-08-26 16:01:48 [INFO] [task_scheduler.cc:144] [Task #0: main] Trial #16: GFLOPs: 3755.9749. Time: 875.4942 us. Best GFLOPs: 10765.0683
2026-08-26 16:01:48 [INFO] [task_scheduler.cc:144] [Task #0: main] Trial #17: GFLOPs: 3734.9128. Time: 880.4314 us. Best GFLOPs: 10765.0683
2026-08-26 16:01:48 [INFO] [task_scheduler.cc:144] [Task #0: main] Trial #18: GFLOPs: 3233.3803. Time: 1016.9958 us. Best GFLOPs: 10765.0683
2026-08-26 16:01:48 [INFO] [task_scheduler.cc:144] [Task #0: main] Trial #19: GFLOPs: 1286.7379. Time: 2555.5587 us. Best GFLOPs: 10765.0683
2026-08-26 16:01:48 [INFO] [task_scheduler.cc:144] [Task #0: main] Trial #20: GFLOPs: 2852.6691. Time: 1152.7220 us. Best GFLOPs: 10765.0683
2026-08-26 16:01:48 [INFO] [task_scheduler.cc:144] [Task #0: main] Trial #21: GFLOPs: 6830.4885. Time: 481.4201 us. Best GFLOPs: 10765.0683
2026-08-26 16:01:48 [INFO] [task_scheduler.cc:144] [Task #0: main] Trial #22: GFLOPs: 7075.8023. Time: 464.7295 us. Best GFLOPs: 10765.0683
2026-08-26 16:01:48 [INFO] [task_scheduler.cc:144] [Task #0: main] Trial #23: GFLOPs: 1065.0326. Time: 3087.5434 us. Best GFLOPs: 10765.0683
2026-08-26 16:01:48 [INFO] [task_scheduler.cc:144] [Task #0: main] Trial #24: GFLOPs: 10004.4129. Time: 328.6884 us. Best GFLOPs: 10765.0683
2026-08-26 16:01:48 [INFO] [task_scheduler.cc:144] [Task #0: main] Trial #25: GFLOPs: 3163.9978. Time: 1039.2973 us. Best GFLOPs: 10765.0683
2026-08-26 16:01:48 [INFO] [task_scheduler.cc:144] [Task #0: main] Trial #26: GFLOPs: 5307.8232. Time: 619.5260 us. Best GFLOPs: 10765.0683
2026-08-26 16:01:48 [INFO] [task_scheduler.cc:144] [Task #0: main] Trial #27: GFLOPs: 5979.3848. Time: 549.9453 us. Best GFLOPs: 10765.0683
2026-08-26 16:01:48 [INFO] [task_scheduler.cc:144] [Task #0: main] Trial #28: GFLOPs: 8863.7232. Time: 370.9879 us. Best GFLOPs: 10765.0683
2026-08-26 16:01:48 [INFO] [task_scheduler.cc:144] [Task #0: main] Trial #29: GFLOPs: 7521.5651. Time: 437.1875 us. Best GFLOPs: 10765.0683
2026-08-26 16:01:48 [INFO] [task_scheduler.cc:144] [Task #0: main] Trial #30: GFLOPs: 2828.1595. Time: 1162.7118 us. Best GFLOPs: 10765.0683
2026-08-26 16:01:48 [INFO] [task_scheduler.cc:144] [Task #0: main] Trial #31: GFLOPs: 3173.6611. Time: 1036.1328 us. Best GFLOPs: 10765.0683
2026-08-26 16:01:48 [INFO] [task_scheduler.cc:144] [Task #0: main] Trial #32: GFLOPs: 2303.7510. Time: 1427.3827 us. Best GFLOPs: 10765.0683
2026-08-26 16:01:48 [INFO] [task_scheduler.cc:144] [Task #0: main] Trial #33: GFLOPs: 8025.4743. Time: 409.7371 us. Best GFLOPs: 10765.0683
2026-08-26 16:01:48 [INFO] [task_scheduler.cc:144] [Task #0: main] Trial #34: GFLOPs: 5247.2156. Time: 626.6818 us. Best GFLOPs: 10765.0683
2026-08-26 16:01:48 [INFO] [task_scheduler.cc:144] [Task #0: main] Trial #35: GFLOPs: 5532.8680. Time: 594.3273 us. Best GFLOPs: 10765.0683
2026-08-26 16:01:48 [INFO] [task_scheduler.cc:144] [Task #0: main] Trial #36: GFLOPs: 1413.4703. Time: 2326.4261 us. Best GFLOPs: 10765.0683
2026-08-26 16:01:48 [INFO] [task_scheduler.cc:144] [Task #0: main] Trial #37: GFLOPs: 6174.0747. Time: 532.6036 us. Best GFLOPs: 10765.0683
2026-08-26 16:01:48 [INFO] [task_scheduler.cc:144] [Task #0: main] Trial #38: GFLOPs: 6955.4360. Time: 472.7718 us. Best GFLOPs: 10765.0683
2026-08-26 16:01:48 [INFO] [task_scheduler.cc:144] [Task #0: main] Trial #39: GFLOPs: 6114.0658. Time: 537.8310 us. Best GFLOPs: 10765.0683
2026-08-26 16:01:48 [INFO] [task_scheduler.cc:144] [Task #0: main] Trial #40: GFLOPs: 7044.9076. Time: 466.7676 us. Best GFLOPs: 10765.0683
2026-08-26 16:01:48 [INFO] [task_scheduler.cc:144] [Task #0: main] Trial #41: GFLOPs: 7879.8848. Time: 417.3074 us. Best GFLOPs: 10765.0683
2026-08-26 16:01:48 [INFO] [task_scheduler.cc:144] [Task #0: main] Trial #42: GFLOPs: 1803.6223. Time: 1823.1835 us. Best GFLOPs: 10765.0683
2026-08-26 16:01:48 [INFO] [task_scheduler.cc:144] [Task #0: main] Trial #43: GFLOPs: 6739.3754. Time: 487.9286 us. Best GFLOPs: 10765.0683
2026-08-26 16:01:48 [INFO] [task_scheduler.cc:144] [Task #0: main] Trial #44: GFLOPs: 7132.4187. Time: 461.0406 us. Best GFLOPs: 10765.0683
2026-08-26 16:01:48 [INFO] [task_scheduler.cc:144] [Task #0: main] Trial #45: GFLOPs: 2032.7868. Time: 1617.6484 us. Best GFLOPs: 10765.0683
2026-08-26 16:01:48 [INFO] [task_scheduler.cc:144] [Task #0: main] Trial #46: GFLOPs: 8391.6425. Time: 391.8582 us. Best GFLOPs: 10765.0683
2026-08-26 16:01:48 [INFO] [task_scheduler.cc:144] [Task #0: main] Trial #47: GFLOPs: 4272.3209. Time: 769.6834 us. Best GFLOPs: 10765.0683
2026-08-26 16:01:48 [INFO] [task_scheduler.cc:144] [Task #0: main] Trial #48: GFLOPs: 1813.0725. Time: 1813.6805 us. Best GFLOPs: 10765.0683
2026-08-26 16:01:48 [INFO] [task_scheduler.cc:144] [Task #0: main] Trial #49: GFLOPs: 6560.2370. Time: 501.2524 us. Best GFLOPs: 10765.0683
2026-08-26 16:01:48 [INFO] [task_scheduler.cc:144] [Task #0: main] Trial #50: GFLOPs: 1931.3570. Time: 1702.6031 us. Best GFLOPs: 10765.0683
2026-08-26 16:01:48 [INFO] [task_scheduler.cc:144] [Task #0: main] Trial #51: GFLOPs: 8119.8281. Time: 404.9759 us. Best GFLOPs: 10765.0683
2026-08-26 16:01:48 [INFO] [task_scheduler.cc:144] [Task #0: main] Trial #52: GFLOPs: 8838.8694. Time: 372.0311 us. Best GFLOPs: 10765.0683
2026-08-26 16:01:48 [INFO] [task_scheduler.cc:144] [Task #0: main] Trial #53: GFLOPs: 5333.0371. Time: 616.5969 us. Best GFLOPs: 10765.0683
2026-08-26 16:01:48 [INFO] [task_scheduler.cc:144] [Task #0: main] Trial #54: GFLOPs: 1098.1722. Time: 2994.3704 us. Best GFLOPs: 10765.0683
2026-08-26 16:01:48 [INFO] [task_scheduler.cc:144] [Task #0: main] Trial #55: GFLOPs: 700.4431. Time: 4694.6487 us. Best GFLOPs: 10765.0683
2026-08-26 16:01:48 [INFO] [task_scheduler.cc:144] [Task #0: main] Trial #56: GFLOPs: 4853.0748. Time: 677.5775 us. Best GFLOPs: 10765.0683
2026-08-26 16:01:48 [INFO] [task_scheduler.cc:144] [Task #0: main] Trial #57: GFLOPs: 2654.9714. Time: 1238.5574 us. Best GFLOPs: 10765.0683
2026-08-26 16:01:48 [INFO] [task_scheduler.cc:144] [Task #0: main] Trial #58: GFLOPs: 7130.8457. Time: 461.1423 us. Best GFLOPs: 10765.0683
2026-08-26 16:01:48 [INFO] [task_scheduler.cc:144] [Task #0: main] Trial #59: GFLOPs: 1740.5056. Time: 1889.2983 us. Best GFLOPs: 10765.0683
2026-08-26 16:01:48 [INFO] [task_scheduler.cc:144] [Task #0: main] Trial #60: GFLOPs: 4506.4583. Time: 729.6937 us. Best GFLOPs: 10765.0683
2026-08-26 16:01:48 [INFO] [task_scheduler.cc:144] [Task #0: main] Trial #61: GFLOPs: 5839.2800. Time: 563.1404 us. Best GFLOPs: 10765.0683
2026-08-26 16:01:48 [INFO] [task_scheduler.cc:144] [Task #0: main] Trial #62: GFLOPs: 1242.3190. Time: 2646.9323 us. Best GFLOPs: 10765.0683
2026-08-26 16:01:48 [INFO] [task_scheduler.cc:144] [Task #0: main] Trial #63: GFLOPs: 1668.2940. Time: 1971.0760 us. Best GFLOPs: 10765.0683
2026-08-26 16:01:48 [INFO] [task_scheduler.cc:144] [Task #0: main] Trial #64: GFLOPs: 1950.0629. Time: 1686.2709 us. Best GFLOPs: 10765.0683
2026-08-26 16:01:48 [INFO] [evolutionary_search.cc:738] Generating candidates......
2026-08-26 16:01:49 [INFO] [evolutionary_search.cc:505] Pick-Best-From-Database summary:
Trace replay failures: 0 failure(s)
Postproc #0 [s_tir.meta_schedule.DisallowDynamicLoop]: 0 failure(s)
Postproc #1 [s_tir.meta_schedule.RewriteCooperativeFetch]: 0 failure(s)
Postproc #2 [s_tir.meta_schedule.RewriteUnboundBlock]: 0 failure(s)
Postproc #3 [s_tir.meta_schedule.RewriteParallelVectorizeUnroll]: 0 failure(s)
Postproc #4 [s_tir.meta_schedule.RewriteReductionBlock]: 0 failure(s)
Postproc #5 [s_tir.meta_schedule.VerifyGPUCode]: 0 failure(s)
Postproc #6 [s_tir.meta_schedule.RewriteTensorize]: 0 failure(s)
2026-08-26 16:01:49 [INFO] [evolutionary_search.cc:740] Picked top 102 candidate(s) from database
2026-08-26 16:01:50 [INFO] [evolutionary_search.cc:551] Sample-Init-Population summary:
Trace replay failures: 0 failure(s)
Postproc #0 [s_tir.meta_schedule.DisallowDynamicLoop]: 0 failure(s)
Postproc #1 [s_tir.meta_schedule.RewriteCooperativeFetch]: 0 failure(s)
Postproc #2 [s_tir.meta_schedule.RewriteUnboundBlock]: 0 failure(s)
Postproc #3 [s_tir.meta_schedule.RewriteParallelVectorizeUnroll]: 0 failure(s)
Postproc #4 [s_tir.meta_schedule.RewriteReductionBlock]: 0 failure(s)
Postproc #5 [s_tir.meta_schedule.VerifyGPUCode]: 408 failure(s)
Postproc #6 [s_tir.meta_schedule.RewriteTensorize]: 0 failure(s)
2026-08-26 16:01:50 [INFO] [evolutionary_search.cc:551] Sample-Init-Population summary:
Trace replay failures: 0 failure(s)
Postproc #0 [s_tir.meta_schedule.DisallowDynamicLoop]: 0 failure(s)
Postproc #1 [s_tir.meta_schedule.RewriteCooperativeFetch]: 0 failure(s)
Postproc #2 [s_tir.meta_schedule.RewriteUnboundBlock]: 0 failure(s)
Postproc #3 [s_tir.meta_schedule.RewriteParallelVectorizeUnroll]: 0 failure(s)
Postproc #4 [s_tir.meta_schedule.RewriteReductionBlock]: 0 failure(s)
Postproc #5 [s_tir.meta_schedule.VerifyGPUCode]: 815 failure(s)
Postproc #6 [s_tir.meta_schedule.RewriteTensorize]: 0 failure(s)
2026-08-26 16:01:51 [INFO] [evolutionary_search.cc:551] Sample-Init-Population summary:
Trace replay failures: 0 failure(s)
Postproc #0 [s_tir.meta_schedule.DisallowDynamicLoop]: 0 failure(s)
Postproc #1 [s_tir.meta_schedule.RewriteCooperativeFetch]: 0 failure(s)
Postproc #2 [s_tir.meta_schedule.RewriteUnboundBlock]: 0 failure(s)
Postproc #3 [s_tir.meta_schedule.RewriteParallelVectorizeUnroll]: 0 failure(s)
Postproc #4 [s_tir.meta_schedule.RewriteReductionBlock]: 0 failure(s)
Postproc #5 [s_tir.meta_schedule.VerifyGPUCode]: 1222 failure(s)
Postproc #6 [s_tir.meta_schedule.RewriteTensorize]: 0 failure(s)
2026-08-26 16:01:52 [INFO] [evolutionary_search.cc:551] Sample-Init-Population summary:
Trace replay failures: 0 failure(s)
Postproc #0 [s_tir.meta_schedule.DisallowDynamicLoop]: 0 failure(s)
Postproc #1 [s_tir.meta_schedule.RewriteCooperativeFetch]: 0 failure(s)
Postproc #2 [s_tir.meta_schedule.RewriteUnboundBlock]: 0 failure(s)
Postproc #3 [s_tir.meta_schedule.RewriteParallelVectorizeUnroll]: 0 failure(s)
Postproc #4 [s_tir.meta_schedule.RewriteReductionBlock]: 0 failure(s)
Postproc #5 [s_tir.meta_schedule.VerifyGPUCode]: 1631 failure(s)
Postproc #6 [s_tir.meta_schedule.RewriteTensorize]: 0 failure(s)
2026-08-26 16:01:53 [INFO] [evolutionary_search.cc:551] Sample-Init-Population summary:
Trace replay failures: 0 failure(s)
Postproc #0 [s_tir.meta_schedule.DisallowDynamicLoop]: 0 failure(s)
Postproc #1 [s_tir.meta_schedule.RewriteCooperativeFetch]: 0 failure(s)
Postproc #2 [s_tir.meta_schedule.RewriteUnboundBlock]: 0 failure(s)
Postproc #3 [s_tir.meta_schedule.RewriteParallelVectorizeUnroll]: 0 failure(s)
Postproc #4 [s_tir.meta_schedule.RewriteReductionBlock]: 0 failure(s)
Postproc #5 [s_tir.meta_schedule.VerifyGPUCode]: 2041 failure(s)
Postproc #6 [s_tir.meta_schedule.RewriteTensorize]: 0 failure(s)
2026-08-26 16:01:54 [INFO] [evolutionary_search.cc:551] Sample-Init-Population summary:
Trace replay failures: 0 failure(s)
Postproc #0 [s_tir.meta_schedule.DisallowDynamicLoop]: 0 failure(s)
Postproc #1 [s_tir.meta_schedule.RewriteCooperativeFetch]: 0 failure(s)
Postproc #2 [s_tir.meta_schedule.RewriteUnboundBlock]: 0 failure(s)
Postproc #3 [s_tir.meta_schedule.RewriteParallelVectorizeUnroll]: 0 failure(s)
Postproc #4 [s_tir.meta_schedule.RewriteReductionBlock]: 0 failure(s)
Postproc #5 [s_tir.meta_schedule.VerifyGPUCode]: 2447 failure(s)
Postproc #6 [s_tir.meta_schedule.RewriteTensorize]: 0 failure(s)
2026-08-26 16:01:55 [INFO] [evolutionary_search.cc:551] Sample-Init-Population summary:
Trace replay failures: 0 failure(s)
Postproc #0 [s_tir.meta_schedule.DisallowDynamicLoop]: 0 failure(s)
Postproc #1 [s_tir.meta_schedule.RewriteCooperativeFetch]: 0 failure(s)
Postproc #2 [s_tir.meta_schedule.RewriteUnboundBlock]: 0 failure(s)
Postproc #3 [s_tir.meta_schedule.RewriteParallelVectorizeUnroll]: 0 failure(s)
Postproc #4 [s_tir.meta_schedule.RewriteReductionBlock]: 0 failure(s)
Postproc #5 [s_tir.meta_schedule.VerifyGPUCode]: 2855 failure(s)
Postproc #6 [s_tir.meta_schedule.RewriteTensorize]: 0 failure(s)
2026-08-26 16:01:56 [INFO] [evolutionary_search.cc:551] Sample-Init-Population summary:
Trace replay failures: 0 failure(s)
Postproc #0 [s_tir.meta_schedule.DisallowDynamicLoop]: 0 failure(s)
Postproc #1 [s_tir.meta_schedule.RewriteCooperativeFetch]: 0 failure(s)
Postproc #2 [s_tir.meta_schedule.RewriteUnboundBlock]: 0 failure(s)
Postproc #3 [s_tir.meta_schedule.RewriteParallelVectorizeUnroll]: 0 failure(s)
Postproc #4 [s_tir.meta_schedule.RewriteReductionBlock]: 0 failure(s)
Postproc #5 [s_tir.meta_schedule.VerifyGPUCode]: 3263 failure(s)
Postproc #6 [s_tir.meta_schedule.RewriteTensorize]: 0 failure(s)
2026-08-26 16:01:57 [INFO] [evolutionary_search.cc:551] Sample-Init-Population summary:
Trace replay failures: 0 failure(s)
Postproc #0 [s_tir.meta_schedule.DisallowDynamicLoop]: 0 failure(s)
Postproc #1 [s_tir.meta_schedule.RewriteCooperativeFetch]: 0 failure(s)
Postproc #2 [s_tir.meta_schedule.RewriteUnboundBlock]: 0 failure(s)
Postproc #3 [s_tir.meta_schedule.RewriteParallelVectorizeUnroll]: 0 failure(s)
Postproc #4 [s_tir.meta_schedule.RewriteReductionBlock]: 0 failure(s)
Postproc #5 [s_tir.meta_schedule.VerifyGPUCode]: 3671 failure(s)
Postproc #6 [s_tir.meta_schedule.RewriteTensorize]: 0 failure(s)
2026-08-26 16:01:58 [INFO] [evolutionary_search.cc:551] Sample-Init-Population summary:
Trace replay failures: 0 failure(s)
Postproc #0 [s_tir.meta_schedule.DisallowDynamicLoop]: 0 failure(s)
Postproc #1 [s_tir.meta_schedule.RewriteCooperativeFetch]: 0 failure(s)
Postproc #2 [s_tir.meta_schedule.RewriteUnboundBlock]: 0 failure(s)
Postproc #3 [s_tir.meta_schedule.RewriteParallelVectorizeUnroll]: 0 failure(s)
Postproc #4 [s_tir.meta_schedule.RewriteReductionBlock]: 0 failure(s)
Postproc #5 [s_tir.meta_schedule.VerifyGPUCode]: 4078 failure(s)
Postproc #6 [s_tir.meta_schedule.RewriteTensorize]: 0 failure(s)
2026-08-26 16:01:59 [INFO] [evolutionary_search.cc:551] Sample-Init-Population summary:
Trace replay failures: 0 failure(s)
Postproc #0 [s_tir.meta_schedule.DisallowDynamicLoop]: 0 failure(s)
Postproc #1 [s_tir.meta_schedule.RewriteCooperativeFetch]: 0 failure(s)
Postproc #2 [s_tir.meta_schedule.RewriteUnboundBlock]: 0 failure(s)
Postproc #3 [s_tir.meta_schedule.RewriteParallelVectorizeUnroll]: 0 failure(s)
Postproc #4 [s_tir.meta_schedule.RewriteReductionBlock]: 0 failure(s)
Postproc #5 [s_tir.meta_schedule.VerifyGPUCode]: 4485 failure(s)
Postproc #6 [s_tir.meta_schedule.RewriteTensorize]: 0 failure(s)
2026-08-26 16:02:00 [INFO] [evolutionary_search.cc:551] Sample-Init-Population summary:
Trace replay failures: 0 failure(s)
Postproc #0 [s_tir.meta_schedule.DisallowDynamicLoop]: 0 failure(s)
Postproc #1 [s_tir.meta_schedule.RewriteCooperativeFetch]: 0 failure(s)
Postproc #2 [s_tir.meta_schedule.RewriteUnboundBlock]: 0 failure(s)
Postproc #3 [s_tir.meta_schedule.RewriteParallelVectorizeUnroll]: 0 failure(s)
Postproc #4 [s_tir.meta_schedule.RewriteReductionBlock]: 0 failure(s)
Postproc #5 [s_tir.meta_schedule.VerifyGPUCode]: 4893 failure(s)
Postproc #6 [s_tir.meta_schedule.RewriteTensorize]: 0 failure(s)
2026-08-26 16:02:00 [INFO] [evolutionary_search.cc:551] Sample-Init-Population summary:
Trace replay failures: 0 failure(s)
Postproc #0 [s_tir.meta_schedule.DisallowDynamicLoop]: 0 failure(s)
Postproc #1 [s_tir.meta_schedule.RewriteCooperativeFetch]: 0 failure(s)
Postproc #2 [s_tir.meta_schedule.RewriteUnboundBlock]: 0 failure(s)
Postproc #3 [s_tir.meta_schedule.RewriteParallelVectorizeUnroll]: 0 failure(s)
Postproc #4 [s_tir.meta_schedule.RewriteReductionBlock]: 0 failure(s)
Postproc #5 [s_tir.meta_schedule.VerifyGPUCode]: 5298 failure(s)
Postproc #6 [s_tir.meta_schedule.RewriteTensorize]: 0 failure(s)
2026-08-26 16:02:01 [INFO] [evolutionary_search.cc:551] Sample-Init-Population summary:
Trace replay failures: 0 failure(s)
Postproc #0 [s_tir.meta_schedule.DisallowDynamicLoop]: 0 failure(s)
Postproc #1 [s_tir.meta_schedule.RewriteCooperativeFetch]: 0 failure(s)
Postproc #2 [s_tir.meta_schedule.RewriteUnboundBlock]: 0 failure(s)
Postproc #3 [s_tir.meta_schedule.RewriteParallelVectorizeUnroll]: 0 failure(s)
Postproc #4 [s_tir.meta_schedule.RewriteReductionBlock]: 0 failure(s)
Postproc #5 [s_tir.meta_schedule.VerifyGPUCode]: 5707 failure(s)
Postproc #6 [s_tir.meta_schedule.RewriteTensorize]: 0 failure(s)
2026-08-26 16:02:02 [INFO] [evolutionary_search.cc:551] Sample-Init-Population summary:
Trace replay failures: 0 failure(s)
Postproc #0 [s_tir.meta_schedule.DisallowDynamicLoop]: 0 failure(s)
Postproc #1 [s_tir.meta_schedule.RewriteCooperativeFetch]: 0 failure(s)
Postproc #2 [s_tir.meta_schedule.RewriteUnboundBlock]: 0 failure(s)
Postproc #3 [s_tir.meta_schedule.RewriteParallelVectorizeUnroll]: 0 failure(s)
Postproc #4 [s_tir.meta_schedule.RewriteReductionBlock]: 0 failure(s)
Postproc #5 [s_tir.meta_schedule.VerifyGPUCode]: 6115 failure(s)
Postproc #6 [s_tir.meta_schedule.RewriteTensorize]: 0 failure(s)
2026-08-26 16:02:03 [INFO] [evolutionary_search.cc:551] Sample-Init-Population summary:
Trace replay failures: 0 failure(s)
Postproc #0 [s_tir.meta_schedule.DisallowDynamicLoop]: 0 failure(s)
Postproc #1 [s_tir.meta_schedule.RewriteCooperativeFetch]: 0 failure(s)
Postproc #2 [s_tir.meta_schedule.RewriteUnboundBlock]: 0 failure(s)
Postproc #3 [s_tir.meta_schedule.RewriteParallelVectorizeUnroll]: 0 failure(s)
Postproc #4 [s_tir.meta_schedule.RewriteReductionBlock]: 0 failure(s)
Postproc #5 [s_tir.meta_schedule.VerifyGPUCode]: 6523 failure(s)
Postproc #6 [s_tir.meta_schedule.RewriteTensorize]: 0 failure(s)
2026-08-26 16:02:04 [INFO] [evolutionary_search.cc:551] Sample-Init-Population summary:
Trace replay failures: 0 failure(s)
Postproc #0 [s_tir.meta_schedule.DisallowDynamicLoop]: 0 failure(s)
Postproc #1 [s_tir.meta_schedule.RewriteCooperativeFetch]: 0 failure(s)
Postproc #2 [s_tir.meta_schedule.RewriteUnboundBlock]: 0 failure(s)
Postproc #3 [s_tir.meta_schedule.RewriteParallelVectorizeUnroll]: 0 failure(s)
Postproc #4 [s_tir.meta_schedule.RewriteReductionBlock]: 0 failure(s)
Postproc #5 [s_tir.meta_schedule.VerifyGPUCode]: 6932 failure(s)
Postproc #6 [s_tir.meta_schedule.RewriteTensorize]: 0 failure(s)
2026-08-26 16:02:05 [INFO] [evolutionary_search.cc:551] Sample-Init-Population summary:
Trace replay failures: 0 failure(s)
Postproc #0 [s_tir.meta_schedule.DisallowDynamicLoop]: 0 failure(s)
Postproc #1 [s_tir.meta_schedule.RewriteCooperativeFetch]: 0 failure(s)
Postproc #2 [s_tir.meta_schedule.RewriteUnboundBlock]: 0 failure(s)
Postproc #3 [s_tir.meta_schedule.RewriteParallelVectorizeUnroll]: 0 failure(s)
Postproc #4 [s_tir.meta_schedule.RewriteReductionBlock]: 0 failure(s)
Postproc #5 [s_tir.meta_schedule.VerifyGPUCode]: 7340 failure(s)
Postproc #6 [s_tir.meta_schedule.RewriteTensorize]: 0 failure(s)
2026-08-26 16:02:06 [INFO] [evolutionary_search.cc:551] Sample-Init-Population summary:
Trace replay failures: 0 failure(s)
Postproc #0 [s_tir.meta_schedule.DisallowDynamicLoop]: 0 failure(s)
Postproc #1 [s_tir.meta_schedule.RewriteCooperativeFetch]: 0 failure(s)
Postproc #2 [s_tir.meta_schedule.RewriteUnboundBlock]: 0 failure(s)
Postproc #3 [s_tir.meta_schedule.RewriteParallelVectorizeUnroll]: 0 failure(s)
Postproc #4 [s_tir.meta_schedule.RewriteReductionBlock]: 0 failure(s)
Postproc #5 [s_tir.meta_schedule.VerifyGPUCode]: 7748 failure(s)
Postproc #6 [s_tir.meta_schedule.RewriteTensorize]: 0 failure(s)
2026-08-26 16:02:07 [INFO] [evolutionary_search.cc:551] Sample-Init-Population summary:
Trace replay failures: 0 failure(s)
Postproc #0 [s_tir.meta_schedule.DisallowDynamicLoop]: 0 failure(s)
Postproc #1 [s_tir.meta_schedule.RewriteCooperativeFetch]: 0 failure(s)
Postproc #2 [s_tir.meta_schedule.RewriteUnboundBlock]: 0 failure(s)
Postproc #3 [s_tir.meta_schedule.RewriteParallelVectorizeUnroll]: 0 failure(s)
Postproc #4 [s_tir.meta_schedule.RewriteReductionBlock]: 0 failure(s)
Postproc #5 [s_tir.meta_schedule.VerifyGPUCode]: 8157 failure(s)
Postproc #6 [s_tir.meta_schedule.RewriteTensorize]: 0 failure(s)
2026-08-26 16:02:08 [INFO] [evolutionary_search.cc:551] Sample-Init-Population summary:
Trace replay failures: 0 failure(s)
Postproc #0 [s_tir.meta_schedule.DisallowDynamicLoop]: 0 failure(s)
Postproc #1 [s_tir.meta_schedule.RewriteCooperativeFetch]: 0 failure(s)
Postproc #2 [s_tir.meta_schedule.RewriteUnboundBlock]: 0 failure(s)
Postproc #3 [s_tir.meta_schedule.RewriteParallelVectorizeUnroll]: 0 failure(s)
Postproc #4 [s_tir.meta_schedule.RewriteReductionBlock]: 0 failure(s)
Postproc #5 [s_tir.meta_schedule.VerifyGPUCode]: 8563 failure(s)
Postproc #6 [s_tir.meta_schedule.RewriteTensorize]: 0 failure(s)
2026-08-26 16:02:08 [INFO] [evolutionary_search.cc:551] Sample-Init-Population summary:
Trace replay failures: 0 failure(s)
Postproc #0 [s_tir.meta_schedule.DisallowDynamicLoop]: 0 failure(s)
Postproc #1 [s_tir.meta_schedule.RewriteCooperativeFetch]: 0 failure(s)
Postproc #2 [s_tir.meta_schedule.RewriteUnboundBlock]: 0 failure(s)
Postproc #3 [s_tir.meta_schedule.RewriteParallelVectorizeUnroll]: 0 failure(s)
Postproc #4 [s_tir.meta_schedule.RewriteReductionBlock]: 0 failure(s)
Postproc #5 [s_tir.meta_schedule.VerifyGPUCode]: 8970 failure(s)
Postproc #6 [s_tir.meta_schedule.RewriteTensorize]: 0 failure(s)
2026-08-26 16:02:08 [INFO] [evolutionary_search.cc:748] Sampled 50 candidate(s)
2026-08-26 16:02:10 [INFO] [evolutionary_search.cc:645] Evolve iter #0 done. Summary:
Trace replay failures: 0 failure(s)
Postproc #0 [s_tir.meta_schedule.DisallowDynamicLoop]: 0 failure(s)
Postproc #1 [s_tir.meta_schedule.RewriteCooperativeFetch]: 0 failure(s)
Postproc #2 [s_tir.meta_schedule.RewriteUnboundBlock]: 0 failure(s)
Postproc #3 [s_tir.meta_schedule.RewriteParallelVectorizeUnroll]: 0 failure(s)
Postproc #4 [s_tir.meta_schedule.RewriteReductionBlock]: 0 failure(s)
Postproc #5 [s_tir.meta_schedule.VerifyGPUCode]: 54 failure(s)
Postproc #6 [s_tir.meta_schedule.RewriteTensorize]: 0 failure(s)
2026-08-26 16:02:12 [INFO] [evolutionary_search.cc:645] Evolve iter #1 done. Summary:
Trace replay failures: 0 failure(s)
Postproc #0 [s_tir.meta_schedule.DisallowDynamicLoop]: 0 failure(s)
Postproc #1 [s_tir.meta_schedule.RewriteCooperativeFetch]: 0 failure(s)
Postproc #2 [s_tir.meta_schedule.RewriteUnboundBlock]: 0 failure(s)
Postproc #3 [s_tir.meta_schedule.RewriteParallelVectorizeUnroll]: 0 failure(s)
Postproc #4 [s_tir.meta_schedule.RewriteReductionBlock]: 0 failure(s)
Postproc #5 [s_tir.meta_schedule.VerifyGPUCode]: 43 failure(s)
Postproc #6 [s_tir.meta_schedule.RewriteTensorize]: 0 failure(s)
2026-08-26 16:02:14 [INFO] [evolutionary_search.cc:645] Evolve iter #2 done. Summary:
Trace replay failures: 0 failure(s)
Postproc #0 [s_tir.meta_schedule.DisallowDynamicLoop]: 0 failure(s)
Postproc #1 [s_tir.meta_schedule.RewriteCooperativeFetch]: 0 failure(s)
Postproc #2 [s_tir.meta_schedule.RewriteUnboundBlock]: 0 failure(s)
Postproc #3 [s_tir.meta_schedule.RewriteParallelVectorizeUnroll]: 0 failure(s)
Postproc #4 [s_tir.meta_schedule.RewriteReductionBlock]: 0 failure(s)
Postproc #5 [s_tir.meta_schedule.VerifyGPUCode]: 42 failure(s)
Postproc #6 [s_tir.meta_schedule.RewriteTensorize]: 0 failure(s)
2026-08-26 16:02:16 [INFO] [evolutionary_search.cc:645] Evolve iter #3 done. Summary:
Trace replay failures: 0 failure(s)
Postproc #0 [s_tir.meta_schedule.DisallowDynamicLoop]: 0 failure(s)
Postproc #1 [s_tir.meta_schedule.RewriteCooperativeFetch]: 0 failure(s)
Postproc #2 [s_tir.meta_schedule.RewriteUnboundBlock]: 0 failure(s)
Postproc #3 [s_tir.meta_schedule.RewriteParallelVectorizeUnroll]: 0 failure(s)
Postproc #4 [s_tir.meta_schedule.RewriteReductionBlock]: 0 failure(s)
Postproc #5 [s_tir.meta_schedule.VerifyGPUCode]: 53 failure(s)
Postproc #6 [s_tir.meta_schedule.RewriteTensorize]: 0 failure(s)
2026-08-26 16:02:16 [INFO] [evolutionary_search.cc:673] Scores of the best 64 candidates:
[1 : 16]:	1.0000  0.9996  0.9995  0.9994  0.9991  0.9987  0.9985  0.9981  0.9978  0.9965  0.9965  0.9963  0.9948  0.9937  0.9936  0.9933
[17 : 32]:	0.9931  0.9930  0.9921  0.9912  0.9909  0.9905  0.9904  0.9903  0.9901  0.9900  0.9891  0.9883  0.9872  0.9871  0.9869  0.9837
[33 : 48]:	0.9835  0.9831  0.9831  0.9830  0.9815  0.9801  0.9793  0.9787  0.9787  0.9786  0.9778  0.9772  0.9771  0.9764  0.9755  0.9751
[49 : 64]:	0.9748  0.9723  0.9718  0.9714  0.9709  0.9704  0.9700  0.9698  0.9692  0.9690  0.9686  0.9673  0.9672  0.9672  0.9669  0.9650
2026-08-26 16:02:16 [INFO] [evolutionary_search.cc:752] Got 64 candidate(s) with evolutionary search
2026-08-26 16:02:16 [INFO] [evolutionary_search.cc:755] Sending 64 candidates(s) for measurement
2026-08-26 16:03:14 [INFO] [task_scheduler.cc:144] [Task #0: main] Trial #65: GFLOPs: 5073.5296. Time: 648.1354 us. Best GFLOPs: 10765.0683
2026-08-26 16:03:14 [INFO] [task_scheduler.cc:144] [Task #0: main] Trial #66: GFLOPs: 7775.8697. Time: 422.8896 us. Best GFLOPs: 10765.0683
2026-08-26 16:03:14 [INFO] [task_scheduler.cc:144] [Task #0: main] Trial #67: GFLOPs: 656.3423. Time: 5010.0908 us. Best GFLOPs: 10765.0683
2026-08-26 16:03:14 [INFO] [task_scheduler.cc:144] [Task #0: main] Trial #68: GFLOPs: 8123.5990. Time: 404.7879 us. Best GFLOPs: 10765.0683
2026-08-26 16:03:14 [INFO] [task_scheduler.cc:144] [Task #0: main] Trial #69: GFLOPs: 3169.5997. Time: 1037.4605 us. Best GFLOPs: 10765.0683
2026-08-26 16:03:14 [INFO] [task_scheduler.cc:144] [Task #0: main] Trial #70: GFLOPs: 7319.6460. Time: 449.2477 us. Best GFLOPs: 10765.0683
2026-08-26 16:03:14 [INFO] [task_scheduler.cc:144] [Task #0: main] Trial #71: GFLOPs: 4952.6523. Time: 663.9542 us. Best GFLOPs: 10765.0683
2026-08-26 16:03:14 [INFO] [task_scheduler.cc:144] [Task #0: main] Trial #72: GFLOPs: 5267.5597. Time: 624.2614 us. Best GFLOPs: 10765.0683
2026-08-26 16:03:14 [INFO] [task_scheduler.cc:144] [Task #0: main] Trial #73: GFLOPs: 7190.6344. Time: 457.3080 us. Best GFLOPs: 10765.0683
2026-08-26 16:03:14 [INFO] [task_scheduler.cc:144] [Task #0: main] Trial #74: GFLOPs: 2953.4108. Time: 1113.4023 us. Best GFLOPs: 10765.0683
2026-08-26 16:03:14 [INFO] [task_scheduler.cc:144] [Task #0: main] Trial #75: GFLOPs: 4655.2845. Time: 706.3659 us. Best GFLOPs: 10765.0683
2026-08-26 16:03:14 [INFO] [task_scheduler.cc:144] [Task #0: main] Trial #76: GFLOPs: 6936.9809. Time: 474.0296 us. Best GFLOPs: 10765.0683
2026-08-26 16:03:14 [INFO] [task_scheduler.cc:134] [Task #0: main] Trial #77: Error in building:
LocalBuilder: An exception occurred
Traceback (most recent call last):
  File "/home/raymond/Projects/compiler/PolyLLMAgent/env_pla/lib/python3.11/site-packages/tvm/exec/popen_worker.py", line 106, in main
    result = fn(*args, **kwargs)
             ^^^^^^^^^^^^^^^^^^^
  File "/home/raymond/Projects/compiler/PolyLLMAgent/env_pla/lib/python3.11/site-packages/tvm/s_tir/meta_schedule/builder/local_builder.py", line 170, in <lambda>
    lambda x: _worker_func(*x),
              ^^^^^^^^^^^^^^^^
  File "/home/raymond/Projects/compiler/PolyLLMAgent/env_pla/lib/python3.11/site-packages/tvm/s_tir/meta_schedule/builder/local_builder.py", line 236, in _worker_func
    rt_mod: Module = f_build(mod, target, _deserialize_params(params))
                     ^^^^^^^^^^^^^^^^^^^^^^^^^^^^^^^^^^^^^^^^^^^^^^^^^
  File "python/tvm_ffi/cython/function.pxi", line 988, in tvm_ffi.core.Function.__call__
  File "<unknown>", line 0, in TVMFFIPyCallback(void*, TVMFFIAny const*, int, TVMFFIAny*)
  File "<unknown>", line 0, in TVMFFIPyCallManager::ForwardPyErrorToFFI()
  File "<unknown>", line 0, in TVMFFICyErrorSetRaisedFromPyError(_object*)
  File "/home/raymond/Projects/compiler/PolyLLMAgent/env_pla/lib/python3.11/site-packages/tvm/s_tir/meta_schedule/builder/local_builder.py", line 267, in default_build
    return tvm_build(mod, target=target)
    
  File "/home/raymond/Projects/compiler/PolyLLMAgent/env_pla/lib/python3.11/site-packages/tvm/driver/build_module.py", line 60, in build
    return tvm.tirx.build(mod, target, pipeline)
    
  File "/home/raymond/Projects/compiler/PolyLLMAgent/env_pla/lib/python3.11/site-packages/tvm/tirx/build.py", line 240, in build
    return tir_to_runtime(host_mod, device_mod_dict, target_host)
    
  File "/home/raymond/Projects/compiler/PolyLLMAgent/env_pla/lib/python3.11/site-packages/tvm/tirx/build.py", line 148, in tir_to_runtime
    device_modules.append(codegen_build(device_mod, target))
    
  File "/home/raymond/Projects/compiler/PolyLLMAgent/env_pla/lib/python3.11/site-packages/tvm/tirx/build.py", line 132, in codegen_build
    return bf(mod, target)
    
  File "python/tvm_ffi/cython/function.pxi", line 988, in tvm_ffi.core.Function.__call__
  File "<unknown>", line 0, in TVMFFIPyCallback(void*, TVMFFIAny const*, int, TVMFFIAny*)
  File "<unknown>", line 0, in TVMFFIPyCallManager::ForwardPyErrorToFFI()
  File "<unknown>", line 0, in TVMFFICyErrorSetRaisedFromPyError(_object*)
  File "/home/raymond/Projects/compiler/PolyLLMAgent/env_pla/lib/python3.11/site-packages/tvm/support/nvcc.py", line 925, in tvm_callback_cuda_compile
    return compile_cuda(code, target_format="cubin", compiler="nvrtc")
    
  File "/home/raymond/Projects/compiler/PolyLLMAgent/env_pla/lib/python3.11/site-packages/tvm/support/nvcc.py", line 99, in compile_cuda
    result = _compile_cuda_nvrtc(code, target_format, arch, options, path_target, use_nvshmem)
    
  File "/home/raymond/Projects/compiler/PolyLLMAgent/env_pla/lib/python3.11/site-packages/tvm/support/nvcc.py", line 620, in _compile_cuda_nvrtc
    raise RuntimeError(error_msg)
    
RuntimeError: NVRTC compilation failed:
tvm_kernels.cu(923): error: too many arguments in function call
                longlong4 v__1 = make_longlong4(7, 7, 7, 7, 7, 7, 7, 7);
                                                            ^

tvm_kernels.cu(932): error: too many arguments in function call
              longlong4 v__2 = make_longlong4(49, 49, 49, 49, 49, 49, 49, 49);
                                                              ^

tvm_kernels.cu(941): error: too many arguments in function call
            longlong4 v__3 = make_longlong4((di_0 * 7), (di_0 * 7), (di_0 * 7), (di_0 * 7), (di_0 * 7), (di_0 * 7), (di_0 * 7), (di_0 * 7));
                                                                                            ^

tvm_kernels.cu(961): error: too many arguments in function call
            longlong4 v__5 = make_longlong4(7, 7, 7, 7, 7, 7, 7, 7);
                                                        ^

tvm_kernels.cu(978): error: too many arguments in function call
        *(uint4*)(W_shared_ptr + (((int)threadIdx.x) * 8)) = make_uint4(W_ptr[((int2*)(&(__1.x)))->x],W_ptr[((int2*)(&(__1.x)))->y],W_ptr[((int2*)(&(__1.y)))->x],W_ptr[((int2*)(&(__1.y)))->y],W_ptr[((int2*)(&(__1.z)))->x],W_ptr[((int2*)(&(__1.z)))->y],W_ptr[((int2*)(&(__1.w)))->x],W_ptr[((int2*)(&(__1.w)))->y]);
                                                                                                                                                                                                ^

tvm_kernels.cu(908): warning #177-D: variable "cse_v8" was declared but never referenced
        int cse_v8 = (((int)threadIdx.x) * 8);
            ^

Remark: The warnings can be suppressed with "-diag-suppress <warning-number>"

tvm_kernels.cu(225): warning #177-D: variable "cse_v2" was declared but never referenced
      int cse_v2 = (((int)threadIdx.x) / 19);
          ^

tvm_kernels.cu(226): warning #177-D: variable "cse_v4" was declared but never referenced
      int cse_v4 = (((int)threadIdx.x) % 19);
          ^

tvm_kernels.cu(227): warning #177-D: variable "cse_v5" was declared but never referenced
      int cse_v5 = (di_0 * 2048);
          ^

tvm_kernels.cu(228): warning #177-D: variable "cse_v6" was declared but never referenced
      int cse_v6 = (((int)threadIdx.x) * 2);
          ^

tvm_kernels.cu(229): warning #177-D: variable "cse_v10" was declared but never referenced
      int cse_v10 = ((((int)blockIdx.x) >> 6) * 32);
          ^

tvm_kernels.cu(230): warning #177-D: variable "cse_v12" was declared but never referenced
      int cse_v12 = ((((int)threadIdx.x) % 19) * 2);
          ^

tvm_kernels.cu(231): warning #177-D: variable "cse_v20" was declared but never referenced
      int cse_v20 = (((((int)blockIdx.x) & 63) * 32) + ((((int)threadIdx.x) % 19) * 2));
          ^

tvm_kernels.cu(232): warning #177-D: variable "cse_v88" was declared but never referenced
      int cse_v88 = ((((((int)blockIdx.x) >> 6) * 32) + (((int)threadIdx.x) / 19)) + di_0);
          ^

tvm_kernels.cu(233): warning #177-D: variable "cse_v135" was declared but never referenced
      int cse_v135 = ((((((((int)blockIdx.x) >> 6) * 65536) + ((((int)threadIdx.x) / 19) * 2048)) + (di_0 * 2048)) + ((((int)blockIdx.x) & 63) * 32)) + ((((int)threadIdx.x) % 19) * 2));
          ^

tvm_kernels.cu(242): warning #177-D: variable "cse_v21" was declared but never referenced
      int cse_v21 = (((((int)blockIdx.x) & 63) * 16) + (((int)threadIdx.x) % 19));
          ^

tvm_kernels.cu(250): warning #177-D: variable "cse_v22" was declared but never referenced
      int cse_v22 = (((((int)threadIdx.x) * 2) + 28) % 38);
          ^

tvm_kernels.cu(251): warning #177-D: variable "cse_v89" was declared but never referenced
      int cse_v89 = (((((int)blockIdx.x) & 63) * 32) + (((((int)threadIdx.x) * 2) + 28) % 38));
          ^

tvm_kernels.cu(252): warning #177-D: variable "cse_v136" was declared but never referenced
      int cse_v136 = (((((((int)blockIdx.x) >> 6) * 65536) + (((((int)threadIdx.x) + 128) / 19) * 2048)) + (di_0 * 2048)) + ((((int)blockIdx.x) & 63) * 32));
          ^

tvm_kernels.cu(253): warning #177-D: variable "cse_v344" was declared but never referenced
      int cse_v344 = ((((((((int)blockIdx.x) >> 6) * 65536) + (((((int)threadIdx.x) + 128) / 19) * 2048)) + (di_0 * 2048)) + ((((int)blockIdx.x) & 63) * 32)) + (((((int)threadIdx.x) * 2) + 28) % 38));
          ^

tvm_kernels.cu(261): warning #177-D: variable "cse_v23" was declared but never referenced
      int cse_v23 = (((((int)threadIdx.x) * 2) + 29) % 38);
          ^

tvm_kernels.cu(262): warning #177-D: variable "cse_v90" was declared but never referenced
      int cse_v90 = (((((int)blockIdx.x) & 63) * 32) + (((((int)threadIdx.x) * 2) + 29) % 38));
          ^

tvm_kernels.cu(263): warning #177-D: variable "cse_v345" was declared but never referenced
      int cse_v345 = ((((((((int)blockIdx.x) >> 6) * 65536) + (((((int)threadIdx.x) + 128) / 19) * 2048)) + (di_0 * 2048)) + ((((int)blockIdx.x) & 63) * 32)) + (((((int)threadIdx.x) * 2) + 29) % 38));
          ^

tvm_kernels.cu(271): warning #177-D: variable "cse_v24" was declared but never referenced
      int cse_v24 = (((((int)threadIdx.x) * 2) + 18) % 38);
          ^

tvm_kernels.cu(272): warning #177-D: variable "cse_v91" was declared but never referenced
      int cse_v91 = (((((int)blockIdx.x) & 63) * 32) + (((((int)threadIdx.x) * 2) + 18) % 38));
          ^

tvm_kernels.cu(273): warning #177-D: variable "cse_v137" was declared but never referenced
      int cse_v137 = (((((((int)blockIdx.x) >> 6) * 65536) + (((((int)threadIdx.x) + 256) / 19) * 2048)) + (di_0 * 2048)) + ((((int)blockIdx.x) & 63) * 32));
          ^

tvm_kernels.cu(274): warning #177-D: variable "cse_v346" was declared but never referenced
      int cse_v346 = ((((((((int)blockIdx.x) >> 6) * 65536) + (((((int)threadIdx.x) + 256) / 19) * 2048)) + (di_0 * 2048)) + ((((int)blockIdx.x) & 63) * 32)) + (((((int)threadIdx.x) * 2) + 18) % 38));
          ^

tvm_kernels.cu(282): warning #177-D: variable "cse_v25" was declared but never referenced
      int cse_v25 = (((((int)threadIdx.x) * 2) + 19) % 38);
          ^

tvm_kernels.cu(283): warning #177-D: variable "cse_v92" was declared but never referenced
      int cse_v92 = (((((int)blockIdx.x) & 63) * 32) + (((((int)threadIdx.x) * 2) + 19) % 38));
          ^

tvm_kernels.cu(284): warning #177-D: variable "cse_v347" was declared but never referenced
      int cse_v347 = ((((((((int)blockIdx.x) >> 6) * 65536) + (((((int)threadIdx.x) + 256) / 19) * 2048)) + (di_0 * 2048)) + ((((int)blockIdx.x) & 63) * 32)) + (((((int)threadIdx.x) * 2) + 19) % 38));
          ^

tvm_kernels.cu(292): warning #177-D: variable "cse_v26" was declared but never referenced
      int cse_v26 = (((((int)threadIdx.x) * 2) + 8) % 38);
          ^

tvm_kernels.cu(293): warning #177-D: variable "cse_v93" was declared but never referenced
      int cse_v93 = (((((int)blockIdx.x) & 63) * 32) + (((((int)threadIdx.x) * 2) + 8) % 38));
          ^

tvm_kernels.cu(294): warning #177-D: variable "cse_v138" was declared but never referenced
      int cse_v138 = (((((((int)blockIdx.x) >> 6) * 65536) + (((((int)threadIdx.x) + 384) / 19) * 2048)) + (di_0 * 2048)) + ((((int)blockIdx.x) & 63) * 32));
          ^

tvm_kernels.cu(295): warning #177-D: variable "cse_v348" was declared but never referenced
      int cse_v348 = ((((((((int)blockIdx.x) >> 6) * 65536) + (((((int)threadIdx.x) + 384) / 19) * 2048)) + (di_0 * 2048)) + ((((int)blockIdx.x) & 63) * 32)) + (((((int)threadIdx.x) * 2) + 8) % 38));
          ^

tvm_kernels.cu(303): warning #177-D: variable "cse_v27" was declared but never referenced
      int cse_v27 = (((((int)threadIdx.x) * 2) + 9) % 38);
          ^

tvm_kernels.cu(304): warning #177-D: variable "cse_v94" was declared but never referenced
      int cse_v94 = (((((int)blockIdx.x) & 63) * 32) + (((((int)threadIdx.x) * 2) + 9) % 38));
          ^

tvm_kernels.cu(305): warning #177-D: variable "cse_v349" was declared but never referenced
      int cse_v349 = ((((((((int)blockIdx.x) >> 6) * 65536) + (((((int)threadIdx.x) + 384) / 19) * 2048)) + (di_0 * 2048)) + ((((int)blockIdx.x) & 63) * 32)) + (((((int)threadIdx.x) * 2) + 9) % 38));
          ^

tvm_kernels.cu(313): warning #177-D: variable "cse_v7" was declared but never referenced
      int cse_v7 = (((int)threadIdx.x) + 512);
          ^

tvm_kernels.cu(314): warning #177-D: variable "cse_v28" was declared but never referenced
      int cse_v28 = (((((int)threadIdx.x) + 512) % 608) / 19);
          ^

tvm_kernels.cu(315): warning #177-D: variable "cse_v29" was declared but never referenced
      int cse_v29 = (((((int)threadIdx.x) * 2) + 36) % 38);
          ^

tvm_kernels.cu(316): warning #177-D: variable "cse_v95" was declared but never referenced
      int cse_v95 = (((((int)blockIdx.x) & 63) * 32) + (((((int)threadIdx.x) * 2) + 36) % 38));
          ^

tvm_kernels.cu(317): warning #177-D: variable "cse_v96" was declared but never referenced
      int cse_v96 = ((((((int)threadIdx.x) + 512) % 608) / 19) * 2048);
          ^

tvm_kernels.cu(318): warning #177-D: variable "cse_v131" was declared but never referenced
      int cse_v131 = ((((((int)blockIdx.x) >> 6) * 32) + (((((int)threadIdx.x) + 512) % 608) / 19)) + di_0);
          ^

tvm_kernels.cu(319): warning #177-D: variable "cse_v350" was declared but never referenced
      int cse_v350 = (((((((((int)threadIdx.x) + 512) / 608) * 4194304) + ((((int)blockIdx.x) >> 6) * 65536)) + ((((((int)threadIdx.x) + 512) % 608) / 19) * 2048)) + (di_0 * 2048)) + ((((int)blockIdx.x) & 63) * 32));
          ^

tvm_kernels.cu(327): warning #177-D: variable "cse_v30" was declared but never referenced
      int cse_v30 = (((((int)threadIdx.x) * 2) + 37) % 38);
          ^

tvm_kernels.cu(328): warning #177-D: variable "cse_v97" was declared but never referenced
      int cse_v97 = (((((int)blockIdx.x) & 63) * 32) + (((((int)threadIdx.x) * 2) + 37) % 38));
          ^

tvm_kernels.cu(336): warning #177-D: variable "cse_v14" was declared but never referenced
      int cse_v14 = ((((int)threadIdx.x) + 32) / 19);
          ^

tvm_kernels.cu(337): warning #177-D: variable "cse_v31" was declared but never referenced
      int cse_v31 = (((((int)threadIdx.x) * 2) + 26) % 38);
          ^

tvm_kernels.cu(338): warning #177-D: variable "cse_v98" was declared but never referenced
      int cse_v98 = ((((((int)blockIdx.x) >> 6) * 32) + ((((int)threadIdx.x) + 32) / 19)) + di_0);
          ^

tvm_kernels.cu(339): warning #177-D: variable "cse_v99" was declared but never referenced
      int cse_v99 = (((((int)blockIdx.x) & 63) * 32) + (((((int)threadIdx.x) * 2) + 26) % 38));
          ^

tvm_kernels.cu(340): warning #177-D: variable "cse_v139" was declared but never referenced
      int cse_v139 = (((((((int)blockIdx.x) >> 6) * 65536) + (((((int)threadIdx.x) + 32) / 19) * 2048)) + (di_0 * 2048)) + ((((int)blockIdx.x) & 63) * 32));
          ^

tvm_kernels.cu(341): warning #177-D: variable "cse_v351" was declared but never referenced
      int cse_v351 = ((((((((int)blockIdx.x) >> 6) * 65536) + (((((int)threadIdx.x) + 32) / 19) * 2048)) + (di_0 * 2048)) + ((((int)blockIdx.x) & 63) * 32)) + (((((int)threadIdx.x) * 2) + 26) % 38));
          ^

tvm_kernels.cu(349): warning #177-D: variable "cse_v32" was declared but never referenced
      int cse_v32 = (((((int)threadIdx.x) * 2) + 27) % 38);
          ^

tvm_kernels.cu(350): warning #177-D: variable "cse_v100" was declared but never referenced
      int cse_v100 = (((((int)blockIdx.x) & 63) * 32) + (((((int)threadIdx.x) * 2) + 27) % 38));
          ^

tvm_kernels.cu(351): warning #177-D: variable "cse_v352" was declared but never referenced
      int cse_v352 = ((((((((int)blockIdx.x) >> 6) * 65536) + (((((int)threadIdx.x) + 32) / 19) * 2048)) + (di_0 * 2048)) + ((((int)blockIdx.x) & 63) * 32)) + (((((int)threadIdx.x) * 2) + 27) % 38));
          ^

tvm_kernels.cu(359): warning #177-D: variable "cse_v33" was declared but never referenced
      int cse_v33 = (((((int)threadIdx.x) * 2) + 16) % 38);
          ^

tvm_kernels.cu(360): warning #177-D: variable "cse_v101" was declared but never referenced
      int cse_v101 = (((((int)blockIdx.x) & 63) * 32) + (((((int)threadIdx.x) * 2) + 16) % 38));
          ^

tvm_kernels.cu(361): warning #177-D: variable "cse_v140" was declared but never referenced
      int cse_v140 = (((((((int)blockIdx.x) >> 6) * 65536) + (((((int)threadIdx.x) + 160) / 19) * 2048)) + (di_0 * 2048)) + ((((int)blockIdx.x) & 63) * 32));
          ^

tvm_kernels.cu(362): warning #177-D: variable "cse_v353" was declared but never referenced
      int cse_v353 = ((((((((int)blockIdx.x) >> 6) * 65536) + (((((int)threadIdx.x) + 160) / 19) * 2048)) + (di_0 * 2048)) + ((((int)blockIdx.x) & 63) * 32)) + (((((int)threadIdx.x) * 2) + 16) % 38));
          ^

tvm_kernels.cu(370): warning #177-D: variable "cse_v34" was declared but never referenced
      int cse_v34 = (((((int)threadIdx.x) * 2) + 17) % 38);
          ^

tvm_kernels.cu(371): warning #177-D: variable "cse_v102" was declared but never referenced
      int cse_v102 = (((((int)blockIdx.x) & 63) * 32) + (((((int)threadIdx.x) * 2) + 17) % 38));
          ^

tvm_kernels.cu(372): warning #177-D: variable "cse_v354" was declared but never referenced
      int cse_v354 = ((((((((int)blockIdx.x) >> 6) * 65536) + (((((int)threadIdx.x) + 160) / 19) * 2048)) + (di_0 * 2048)) + ((((int)blockIdx.x) & 63) * 32)) + (((((int)threadIdx.x) * 2) + 17) % 38));
          ^

tvm_kernels.cu(380): warning #177-D: variable "cse_v35" was declared but never referenced
      int cse_v35 = (((((int)threadIdx.x) * 2) + 6) % 38);
          ^

tvm_kernels.cu(381): warning #177-D: variable "cse_v103" was declared but never referenced
      int cse_v103 = (((((int)blockIdx.x) & 63) * 32) + (((((int)threadIdx.x) * 2) + 6) % 38));
          ^

tvm_kernels.cu(382): warning #177-D: variable "cse_v141" was declared but never referenced
      int cse_v141 = (((((((int)blockIdx.x) >> 6) * 65536) + (((((int)threadIdx.x) + 288) / 19) * 2048)) + (di_0 * 2048)) + ((((int)blockIdx.x) & 63) * 32));
          ^

tvm_kernels.cu(383): warning #177-D: variable "cse_v355" was declared but never referenced
      int cse_v355 = ((((((((int)blockIdx.x) >> 6) * 65536) + (((((int)threadIdx.x) + 288) / 19) * 2048)) + (di_0 * 2048)) + ((((int)blockIdx.x) & 63) * 32)) + (((((int)threadIdx.x) * 2) + 6) % 38));
          ^

tvm_kernels.cu(391): warning #177-D: variable "cse_v36" was declared but never referenced
      int cse_v36 = (((((int)threadIdx.x) * 2) + 7) % 38);
          ^

tvm_kernels.cu(392): warning #177-D: variable "cse_v104" was declared but never referenced
      int cse_v104 = (((((int)blockIdx.x) & 63) * 32) + (((((int)threadIdx.x) * 2) + 7) % 38));
          ^

tvm_kernels.cu(393): warning #177-D: variable "cse_v356" was declared but never referenced
      int cse_v356 = ((((((((int)blockIdx.x) >> 6) * 65536) + (((((int)threadIdx.x) + 288) / 19) * 2048)) + (di_0 * 2048)) + ((((int)blockIdx.x) & 63) * 32)) + (((((int)threadIdx.x) * 2) + 7) % 38));
          ^

tvm_kernels.cu(401): warning #177-D: variable "cse_v37" was declared but never referenced
      int cse_v37 = (((((int)threadIdx.x) * 2) + 34) % 38);
          ^

tvm_kernels.cu(402): warning #177-D: variable "cse_v105" was declared but never referenced
      int cse_v105 = (((((int)blockIdx.x) & 63) * 32) + (((((int)threadIdx.x) * 2) + 34) % 38));
          ^

tvm_kernels.cu(403): warning #177-D: variable "cse_v142" was declared but never referenced
      int cse_v142 = (((((((int)blockIdx.x) >> 6) * 65536) + (((((int)threadIdx.x) + 416) / 19) * 2048)) + (di_0 * 2048)) + ((((int)blockIdx.x) & 63) * 32));
          ^

tvm_kernels.cu(404): warning #177-D: variable "cse_v357" was declared but never referenced
      int cse_v357 = ((((((((int)blockIdx.x) >> 6) * 65536) + (((((int)threadIdx.x) + 416) / 19) * 2048)) + (di_0 * 2048)) + ((((int)blockIdx.x) & 63) * 32)) + (((((int)threadIdx.x) * 2) + 34) % 38));
          ^

tvm_kernels.cu(412): warning #177-D: variable "cse_v38" was declared but never referenced
      int cse_v38 = (((((int)threadIdx.x) * 2) + 35) % 38);
          ^

tvm_kernels.cu(413): warning #177-D: variable "cse_v106" was declared but never referenced
      int cse_v106 = (((((int)blockIdx.x) & 63) * 32) + (((((int)threadIdx.x) * 2) + 35) % 38));
          ^

tvm_kernels.cu(414): warning #177-D: variable "cse_v358" was declared but never referenced
      int cse_v358 = ((((((((int)blockIdx.x) >> 6) * 65536) + (((((int)threadIdx.x) + 416) / 19) * 2048)) + (di_0 * 2048)) + ((((int)blockIdx.x) & 63) * 32)) + (((((int)threadIdx.x) * 2) + 35) % 38));
          ^

tvm_kernels.cu(422): warning #177-D: variable "cse_v39" was declared but never referenced
      int cse_v39 = (((((int)threadIdx.x) + 544) % 608) / 19);
          ^

tvm_kernels.cu(423): warning #177-D: variable "cse_v40" was declared but never referenced
      int cse_v40 = (((((int)threadIdx.x) * 2) + 24) % 38);
          ^

tvm_kernels.cu(424): warning #177-D: variable "cse_v107" was declared but never referenced
      int cse_v107 = (((((int)blockIdx.x) & 63) * 32) + (((((int)threadIdx.x) * 2) + 24) % 38));
          ^

tvm_kernels.cu(425): warning #177-D: variable "cse_v108" was declared but never referenced
      int cse_v108 = ((((((int)threadIdx.x) + 544) % 608) / 19) * 2048);
          ^

tvm_kernels.cu(426): warning #177-D: variable "cse_v132" was declared but never referenced
      int cse_v132 = ((((((int)blockIdx.x) >> 6) * 32) + (((((int)threadIdx.x) + 544) % 608) / 19)) + di_0);
          ^

tvm_kernels.cu(427): warning #177-D: variable "cse_v359" was declared but never referenced
      int cse_v359 = (((((((((int)threadIdx.x) + 1152) / 608) * 4194304) + ((((int)blockIdx.x) >> 6) * 65536)) + ((((((int)threadIdx.x) + 544) % 608) / 19) * 2048)) + (di_0 * 2048)) + ((((int)blockIdx.x) & 63) * 32));
          ^

tvm_kernels.cu(435): warning #177-D: variable "cse_v41" was declared but never referenced
      int cse_v41 = (((((int)threadIdx.x) * 2) + 25) % 38);
          ^

tvm_kernels.cu(436): warning #177-D: variable "cse_v109" was declared but never referenced
      int cse_v109 = (((((int)blockIdx.x) & 63) * 32) + (((((int)threadIdx.x) * 2) + 25) % 38));
          ^

tvm_kernels.cu(444): warning #177-D: variable "cse_v42" was declared but never referenced
      int cse_v42 = (((((int)threadIdx.x) * 2) + 14) % 38);
          ^

tvm_kernels.cu(445): warning #177-D: variable "cse_v110" was declared but never referenced
      int cse_v110 = (((((int)blockIdx.x) & 63) * 32) + (((((int)threadIdx.x) * 2) + 14) % 38));
          ^

tvm_kernels.cu(446): warning #177-D: variable "cse_v143" was declared but never referenced
      int cse_v143 = (((((((int)blockIdx.x) >> 6) * 65536) + (((((int)threadIdx.x) + 64) / 19) * 2048)) + (di_0 * 2048)) + ((((int)blockIdx.x) & 63) * 32));
          ^

tvm_kernels.cu(447): warning #177-D: variable "cse_v360" was declared but never referenced
      int cse_v360 = ((((((((int)blockIdx.x) >> 6) * 65536) + (((((int)threadIdx.x) + 64) / 19) * 2048)) + (di_0 * 2048)) + ((((int)blockIdx.x) & 63) * 32)) + (((((int)threadIdx.x) * 2) + 14) % 38));
          ^

tvm_kernels.cu(455): warning #177-D: variable "cse_v43" was declared but never referenced
      int cse_v43 = (((((int)threadIdx.x) * 2) + 15) % 38);
          ^

tvm_kernels.cu(456): warning #177-D: variable "cse_v111" was declared but never referenced
      int cse_v111 = (((((int)blockIdx.x) & 63) * 32) + (((((int)threadIdx.x) * 2) + 15) % 38));
          ^

tvm_kernels.cu(457): warning #177-D: variable "cse_v361" was declared but never referenced
      int cse_v361 = ((((((((int)blockIdx.x) >> 6) * 65536) + (((((int)threadIdx.x) + 64) / 19) * 2048)) + (di_0 * 2048)) + ((((int)blockIdx.x) & 63) * 32)) + (((((int)threadIdx.x) * 2) + 15) % 38));
          ^

tvm_kernels.cu(465): warning #177-D: variable "cse_v44" was declared but never referenced
      int cse_v44 = (((((int)threadIdx.x) * 2) + 4) % 38);
          ^

tvm_kernels.cu(466): warning #177-D: variable "cse_v112" was declared but never referenced
      int cse_v112 = (((((int)blockIdx.x) & 63) * 32) + (((((int)threadIdx.x) * 2) + 4) % 38));
          ^

tvm_kernels.cu(467): warning #177-D: variable "cse_v144" was declared but never referenced
      int cse_v144 = (((((((int)blockIdx.x) >> 6) * 65536) + (((((int)threadIdx.x) + 192) / 19) * 2048)) + (di_0 * 2048)) + ((((int)blockIdx.x) & 63) * 32));
          ^

tvm_kernels.cu(468): warning #177-D: variable "cse_v362" was declared but never referenced
      int cse_v362 = ((((((((int)blockIdx.x) >> 6) * 65536) + (((((int)threadIdx.x) + 192) / 19) * 2048)) + (di_0 * 2048)) + ((((int)blockIdx.x) & 63) * 32)) + (((((int)threadIdx.x) * 2) + 4) % 38));
          ^

tvm_kernels.cu(476): warning #177-D: variable "cse_v45" was declared but never referenced
      int cse_v45 = (((((int)threadIdx.x) * 2) + 5) % 38);
          ^

tvm_kernels.cu(477): warning #177-D: variable "cse_v113" was declared but never referenced
      int cse_v113 = (((((int)blockIdx.x) & 63) * 32) + (((((int)threadIdx.x) * 2) + 5) % 38));
          ^

tvm_kernels.cu(478): warning #177-D: variable "cse_v363" was declared but never referenced
      int cse_v363 = ((((((((int)blockIdx.x) >> 6) * 65536) + (((((int)threadIdx.x) + 192) / 19) * 2048)) + (di_0 * 2048)) + ((((int)blockIdx.x) & 63) * 32)) + (((((int)threadIdx.x) * 2) + 5) % 38));
          ^

tvm_kernels.cu(486): warning #177-D: variable "cse_v46" was declared but never referenced
      int cse_v46 = (((((int)threadIdx.x) * 2) + 32) % 38);
          ^

tvm_kernels.cu(487): warning #177-D: variable "cse_v114" was declared but never referenced
      int cse_v114 = (((((int)blockIdx.x) & 63) * 32) + (((((int)threadIdx.x) * 2) + 32) % 38));
          ^

tvm_kernels.cu(488): warning #177-D: variable "cse_v145" was declared but never referenced
      int cse_v145 = (((((((int)blockIdx.x) >> 6) * 65536) + (((((int)threadIdx.x) + 320) / 19) * 2048)) + (di_0 * 2048)) + ((((int)blockIdx.x) & 63) * 32));
          ^

tvm_kernels.cu(489): warning #177-D: variable "cse_v364" was declared but never referenced
      int cse_v364 = ((((((((int)blockIdx.x) >> 6) * 65536) + (((((int)threadIdx.x) + 320) / 19) * 2048)) + (di_0 * 2048)) + ((((int)blockIdx.x) & 63) * 32)) + (((((int)threadIdx.x) * 2) + 32) % 38));
          ^

tvm_kernels.cu(497): warning #177-D: variable "cse_v47" was declared but never referenced
      int cse_v47 = (((((int)threadIdx.x) * 2) + 33) % 38);
          ^

tvm_kernels.cu(498): warning #177-D: variable "cse_v115" was declared but never referenced
      int cse_v115 = (((((int)blockIdx.x) & 63) * 32) + (((((int)threadIdx.x) * 2) + 33) % 38));
          ^

tvm_kernels.cu(499): warning #177-D: variable "cse_v365" was declared but never referenced
      int cse_v365 = ((((((((int)blockIdx.x) >> 6) * 65536) + (((((int)threadIdx.x) + 320) / 19) * 2048)) + (di_0 * 2048)) + ((((int)blockIdx.x) & 63) * 32)) + (((((int)threadIdx.x) * 2) + 33) % 38));
          ^

tvm_kernels.cu(507): warning #177-D: variable "cse_v15" was declared but never referenced
      int cse_v15 = ((((int)threadIdx.x) + 448) / 19);
          ^

tvm_kernels.cu(508): warning #177-D: variable "cse_v48" was declared but never referenced
      int cse_v48 = (((((int)threadIdx.x) * 2) + 22) % 38);
          ^

tvm_kernels.cu(509): warning #177-D: variable "cse_v116" was declared but never referenced
      int cse_v116 = ((((((int)blockIdx.x) >> 6) * 32) + ((((int)threadIdx.x) + 448) / 19)) + di_0);
          ^

tvm_kernels.cu(510): warning #177-D: variable "cse_v117" was declared but never referenced
      int cse_v117 = (((((int)blockIdx.x) & 63) * 32) + (((((int)threadIdx.x) * 2) + 22) % 38));
          ^

tvm_kernels.cu(511): warning #177-D: variable "cse_v146" was declared but never referenced
      int cse_v146 = (((((((int)blockIdx.x) >> 6) * 65536) + (((((int)threadIdx.x) + 448) / 19) * 2048)) + (di_0 * 2048)) + ((((int)blockIdx.x) & 63) * 32));
          ^

tvm_kernels.cu(512): warning #177-D: variable "cse_v366" was declared but never referenced
      int cse_v366 = ((((((((int)blockIdx.x) >> 6) * 65536) + (((((int)threadIdx.x) + 448) / 19) * 2048)) + (di_0 * 2048)) + ((((int)blockIdx.x) & 63) * 32)) + (((((int)threadIdx.x) * 2) + 22) % 38));
          ^

tvm_kernels.cu(520): warning #177-D: variable "cse_v49" was declared but never referenced
      int cse_v49 = (((((int)threadIdx.x) * 2) + 23) % 38);
          ^

tvm_kernels.cu(521): warning #177-D: variable "cse_v118" was declared but never referenced
      int cse_v118 = (((((int)blockIdx.x) & 63) * 32) + (((((int)threadIdx.x) * 2) + 23) % 38));
          ^

tvm_kernels.cu(522): warning #177-D: variable "cse_v367" was declared but never referenced
      int cse_v367 = ((((((((int)blockIdx.x) >> 6) * 65536) + (((((int)threadIdx.x) + 448) / 19) * 2048)) + (di_0 * 2048)) + ((((int)blockIdx.x) & 63) * 32)) + (((((int)threadIdx.x) * 2) + 23) % 38));
          ^

tvm_kernels.cu(530): warning #177-D: variable "cse_v50" was declared but never referenced
      int cse_v50 = (((((int)threadIdx.x) + 576) % 608) / 19);
          ^

tvm_kernels.cu(531): warning #177-D: variable "cse_v51" was declared but never referenced
      int cse_v51 = (((((int)threadIdx.x) * 2) + 12) % 38);
          ^

tvm_kernels.cu(532): warning #177-D: variable "cse_v119" was declared but never referenced
      int cse_v119 = (((((int)blockIdx.x) & 63) * 32) + (((((int)threadIdx.x) * 2) + 12) % 38));
          ^

tvm_kernels.cu(533): warning #177-D: variable "cse_v120" was declared but never referenced
      int cse_v120 = ((((((int)threadIdx.x) + 576) % 608) / 19) * 2048);
          ^

tvm_kernels.cu(534): warning #177-D: variable "cse_v133" was declared but never referenced
      int cse_v133 = ((((((int)blockIdx.x) >> 6) * 32) + (((((int)threadIdx.x) + 576) % 608) / 19)) + di_0);
          ^

tvm_kernels.cu(535): warning #177-D: variable "cse_v368" was declared but never referenced
      int cse_v368 = (((((((((int)threadIdx.x) + 1792) / 608) * 4194304) + ((((int)blockIdx.x) >> 6) * 65536)) + ((((((int)threadIdx.x) + 576) % 608) / 19) * 2048)) + (di_0 * 2048)) + ((((int)blockIdx.x) & 63) * 32));
          ^

tvm_kernels.cu(543): warning #177-D: variable "cse_v52" was declared but never referenced
      int cse_v52 = (((((int)threadIdx.x) * 2) + 13) % 38);
          ^

tvm_kernels.cu(544): warning #177-D: variable "cse_v121" was declared but never referenced
      int cse_v121 = (((((int)blockIdx.x) & 63) * 32) + (((((int)threadIdx.x) * 2) + 13) % 38));
          ^

tvm_kernels.cu(552): warning #177-D: variable "cse_v53" was declared but never referenced
      int cse_v53 = (((((int)threadIdx.x) * 2) + 2) % 38);
          ^

tvm_kernels.cu(553): warning #177-D: variable "cse_v122" was declared but never referenced
      int cse_v122 = (((((int)blockIdx.x) & 63) * 32) + (((((int)threadIdx.x) * 2) + 2) % 38));
          ^

tvm_kernels.cu(554): warning #177-D: variable "cse_v147" was declared but never referenced
      int cse_v147 = (((((((int)blockIdx.x) >> 6) * 65536) + (((((int)threadIdx.x) + 96) / 19) * 2048)) + (di_0 * 2048)) + ((((int)blockIdx.x) & 63) * 32));
          ^

tvm_kernels.cu(555): warning #177-D: variable "cse_v369" was declared but never referenced
      int cse_v369 = ((((((((int)blockIdx.x) >> 6) * 65536) + (((((int)threadIdx.x) + 96) / 19) * 2048)) + (di_0 * 2048)) + ((((int)blockIdx.x) & 63) * 32)) + (((((int)threadIdx.x) * 2) + 2) % 38));
          ^

tvm_kernels.cu(563): warning #177-D: variable "cse_v54" was declared but never referenced
      int cse_v54 = (((((int)threadIdx.x) * 2) + 3) % 38);
          ^

tvm_kernels.cu(564): warning #177-D: variable "cse_v123" was declared but never referenced
      int cse_v123 = (((((int)blockIdx.x) & 63) * 32) + (((((int)threadIdx.x) * 2) + 3) % 38));
          ^

tvm_kernels.cu(565): warning #177-D: variable "cse_v370" was declared but never referenced
      int cse_v370 = ((((((((int)blockIdx.x) >> 6) * 65536) + (((((int)threadIdx.x) + 96) / 19) * 2048)) + (di_0 * 2048)) + ((((int)blockIdx.x) & 63) * 32)) + (((((int)threadIdx.x) * 2) + 3) % 38));
          ^

tvm_kernels.cu(573): warning #177-D: variable "cse_v55" was declared but never referenced
      int cse_v55 = (((((int)threadIdx.x) * 2) + 30) % 38);
          ^

tvm_kernels.cu(574): warning #177-D: variable "cse_v124" was declared but never referenced
      int cse_v124 = (((((int)blockIdx.x) & 63) * 32) + (((((int)threadIdx.x) * 2) + 30) % 38));
          ^

tvm_kernels.cu(575): warning #177-D: variable "cse_v148" was declared but never referenced
      int cse_v148 = (((((((int)blockIdx.x) >> 6) * 65536) + (((((int)threadIdx.x) + 224) / 19) * 2048)) + (di_0 * 2048)) + ((((int)blockIdx.x) & 63) * 32));
          ^

tvm_kernels.cu(576): warning #177-D: variable "cse_v371" was declared but never referenced
      int cse_v371 = ((((((((int)blockIdx.x) >> 6) * 65536) + (((((int)threadIdx.x) + 224) / 19) * 2048)) + (di_0 * 2048)) + ((((int)blockIdx.x) & 63) * 32)) + (((((int)threadIdx.x) * 2) + 30) % 38));
          ^

tvm_kernels.cu(584): warning #177-D: variable "cse_v56" was declared but never referenced
      int cse_v56 = (((((int)threadIdx.x) * 2) + 31) % 38);
          ^

tvm_kernels.cu(585): warning #177-D: variable "cse_v125" was declared but never referenced
      int cse_v125 = (((((int)blockIdx.x) & 63) * 32) + (((((int)threadIdx.x) * 2) + 31) % 38));
          ^

tvm_kernels.cu(586): warning #177-D: variable "cse_v372" was declared but never referenced
      int cse_v372 = ((((((((int)blockIdx.x) >> 6) * 65536) + (((((int)threadIdx.x) + 224) / 19) * 2048)) + (di_0 * 2048)) + ((((int)blockIdx.x) & 63) * 32)) + (((((int)threadIdx.x) * 2) + 31) % 38));
          ^

tvm_kernels.cu(594): warning #177-D: variable "cse_v57" was declared but never referenced
      int cse_v57 = (((((int)threadIdx.x) * 2) + 20) % 38);
          ^

tvm_kernels.cu(595): warning #177-D: variable "cse_v126" was declared but never referenced
      int cse_v126 = (((((int)blockIdx.x) & 63) * 32) + (((((int)threadIdx.x) * 2) + 20) % 38));
          ^

tvm_kernels.cu(596): warning #177-D: variable "cse_v149" was declared but never referenced
      int cse_v149 = (((((((int)blockIdx.x) >> 6) * 65536) + (((((int)threadIdx.x) + 352) / 19) * 2048)) + (di_0 * 2048)) + ((((int)blockIdx.x) & 63) * 32));
          ^

tvm_kernels.cu(597): warning #177-D: variable "cse_v373" was declared but never referenced
      int cse_v373 = ((((((((int)blockIdx.x) >> 6) * 65536) + (((((int)threadIdx.x) + 352) / 19) * 2048)) + (di_0 * 2048)) + ((((int)blockIdx.x) & 63) * 32)) + (((((int)threadIdx.x) * 2) + 20) % 38));
          ^

tvm_kernels.cu(605): warning #177-D: variable "cse_v58" was declared but never referenced
      int cse_v58 = (((((int)threadIdx.x) * 2) + 21) % 38);
          ^

tvm_kernels.cu(606): warning #177-D: variable "cse_v127" was declared but never referenced
      int cse_v127 = (((((int)blockIdx.x) & 63) * 32) + (((((int)threadIdx.x) * 2) + 21) % 38));
          ^

tvm_kernels.cu(607): warning #177-D: variable "cse_v374" was declared but never referenced
      int cse_v374 = ((((((((int)blockIdx.x) >> 6) * 65536) + (((((int)threadIdx.x) + 352) / 19) * 2048)) + (di_0 * 2048)) + ((((int)blockIdx.x) & 63) * 32)) + (((((int)threadIdx.x) * 2) + 21) % 38));
          ^

tvm_kernels.cu(615): warning #177-D: variable "cse_v16" was declared but never referenced
      int cse_v16 = ((((int)threadIdx.x) + 480) / 19);
          ^

tvm_kernels.cu(616): warning #177-D: variable "cse_v59" was declared but never referenced
      int cse_v59 = (((((int)threadIdx.x) * 2) + 10) % 38);
          ^

tvm_kernels.cu(617): warning #177-D: variable "cse_v128" was declared but never referenced
      int cse_v128 = ((((((int)blockIdx.x) >> 6) * 32) + ((((int)threadIdx.x) + 480) / 19)) + di_0);
          ^

tvm_kernels.cu(618): warning #177-D: variable "cse_v129" was declared but never referenced
      int cse_v129 = (((((int)blockIdx.x) & 63) * 32) + (((((int)threadIdx.x) * 2) + 10) % 38));
          ^

tvm_kernels.cu(619): warning #177-D: variable "cse_v150" was declared but never referenced
      int cse_v150 = (((((((int)blockIdx.x) >> 6) * 65536) + (((((int)threadIdx.x) + 480) / 19) * 2048)) + (di_0 * 2048)) + ((((int)blockIdx.x) & 63) * 32));
          ^

tvm_kernels.cu(620): warning #177-D: variable "cse_v375" was declared but never referenced
      int cse_v375 = ((((((((int)blockIdx.x) >> 6) * 65536) + (((((int)threadIdx.x) + 480) / 19) * 2048)) + (di_0 * 2048)) + ((((int)blockIdx.x) & 63) * 32)) + (((((int)threadIdx.x) * 2) + 10) % 38));
          ^

tvm_kernels.cu(628): warning #177-D: variable "cse_v60" was declared but never referenced
      int cse_v60 = (((((int)threadIdx.x) * 2) + 11) % 38);
          ^

tvm_kernels.cu(629): warning #177-D: variable "cse_v130" was declared but never referenced
      int cse_v130 = (((((int)blockIdx.x) & 63) * 32) + (((((int)threadIdx.x) * 2) + 11) % 38));
          ^

tvm_kernels.cu(630): warning #177-D: variable "cse_v376" was declared but never referenced
      int cse_v376 = ((((((((int)blockIdx.x) >> 6) * 65536) + (((((int)threadIdx.x) + 480) / 19) * 2048)) + (di_0 * 2048)) + ((((int)blockIdx.x) & 63) * 32)) + (((((int)threadIdx.x) * 2) + 11) % 38));
          ^

tvm_kernels.cu(694): warning #177-D: variable "cse_v377" was declared but never referenced
      int cse_v377 = (((((((((int)threadIdx.x) + 2944) / 608) * 4194304) + ((((int)blockIdx.x) >> 6) * 65536)) + ((((((int)threadIdx.x) + 512) % 608) / 19) * 2048)) + (di_0 * 2048)) + ((((int)blockIdx.x) & 63) * 32));
          ^

tvm_kernels.cu(765): warning #177-D: variable "cse_v378" was declared but never referenced
      int cse_v378 = (((((((((int)threadIdx.x) + 3584) / 608) * 4194304) + ((((int)blockIdx.x) >> 6) * 65536)) + ((((((int)threadIdx.x) + 544) % 608) / 19) * 2048)) + (di_0 * 2048)) + ((((int)blockIdx.x) & 63) * 32));
          ^

tvm_kernels.cu(836): warning #177-D: variable "cse_v379" was declared but never referenced
      int cse_v379 = (((((((((int)threadIdx.x) + 4224) / 608) * 4194304) + ((((int)blockIdx.x) >> 6) * 65536)) + ((((((int)threadIdx.x) + 576) % 608) / 19) * 2048)) + (di_0 * 2048)) + ((((int)blockIdx.x) & 63) * 32));
          ^

tvm_kernels.cu(980): warning #177-D: variable "cse_v19" was declared but never referenced
      int cse_v19 = ((((int)threadIdx.x) >> 6) * 28);
          ^

tvm_kernels.cu(981): warning #177-D: variable "cse_v134" was declared but never referenced
      int cse_v134 = ((((((int)threadIdx.x) >> 6) * 4864) + (((((int)threadIdx.x) & 63) >> 4) * 304)) + ((((int)threadIdx.x) & 15) * 2));
          ^

tvm_kernels.cu(987): warning #177-D: variable "cse_v61" was declared but never referenced
      int cse_v61 = (((((int)threadIdx.x) >> 6) * 28) + 1);
          ^

tvm_kernels.cu(988): warning #177-D: variable "cse_v151" was declared but never referenced
      int cse_v151 = (((((((int)threadIdx.x) >> 6) * 4864) + (((((int)threadIdx.x) & 63) >> 4) * 304)) + ((((int)threadIdx.x) & 15) * 2)) + 1);
          ^

tvm_kernels.cu(990): warning #177-D: variable "cse_v152" was declared but never referenced
      int cse_v152 = (((((((int)threadIdx.x) >> 6) * 4864) + (((((int)threadIdx.x) & 63) >> 4) * 304)) + ((((int)threadIdx.x) & 15) * 2)) + 39);
          ^

tvm_kernels.cu(992): warning #177-D: variable "cse_v153" was declared but never referenced
      int cse_v153 = (((((((int)threadIdx.x) >> 6) * 4864) + (((((int)threadIdx.x) & 63) >> 4) * 304)) + ((((int)threadIdx.x) & 15) * 2)) + 77);
          ^

tvm_kernels.cu(994): warning #177-D: variable "cse_v154" was declared but never referenced
      int cse_v154 = (((((((int)threadIdx.x) >> 6) * 4864) + (((((int)threadIdx.x) & 63) >> 4) * 304)) + ((((int)threadIdx.x) & 15) * 2)) + 115);
          ^

tvm_kernels.cu(996): warning #177-D: variable "cse_v62" was declared but never referenced
      int cse_v62 = (((((int)threadIdx.x) >> 6) * 28) + 2);
          ^

tvm_kernels.cu(997): warning #177-D: variable "cse_v155" was declared but never referenced
      int cse_v155 = (((((((int)threadIdx.x) >> 6) * 4864) + (((((int)threadIdx.x) & 63) >> 4) * 304)) + ((((int)threadIdx.x) & 15) * 2)) + 2);
          ^

tvm_kernels.cu(999): warning #177-D: variable "cse_v156" was declared but never referenced
      int cse_v156 = (((((((int)threadIdx.x) >> 6) * 4864) + (((((int)threadIdx.x) & 63) >> 4) * 304)) + ((((int)threadIdx.x) & 15) * 2)) + 40);
          ^

tvm_kernels.cu(1001): warning #177-D: variable "cse_v157" was declared but never referenced
      int cse_v157 = (((((((int)threadIdx.x) >> 6) * 4864) + (((((int)threadIdx.x) & 63) >> 4) * 304)) + ((((int)threadIdx.x) & 15) * 2)) + 78);
          ^

tvm_kernels.cu(1003): warning #177-D: variable "cse_v158" was declared but never referenced
      int cse_v158 = (((((((int)threadIdx.x) >> 6) * 4864) + (((((int)threadIdx.x) & 63) >> 4) * 304)) + ((((int)threadIdx.x) & 15) * 2)) + 116);
          ^

tvm_kernels.cu(1005): warning #177-D: variable "cse_v63" was declared but never referenced
      int cse_v63 = (((((int)threadIdx.x) >> 6) * 28) + 3);
          ^

tvm_kernels.cu(1006): warning #177-D: variable "cse_v159" was declared but never referenced
      int cse_v159 = (((((((int)threadIdx.x) >> 6) * 4864) + (((((int)threadIdx.x) & 63) >> 4) * 304)) + ((((int)threadIdx.x) & 15) * 2)) + 3);
          ^

tvm_kernels.cu(1008): warning #177-D: variable "cse_v160" was declared but never referenced
      int cse_v160 = (((((((int)threadIdx.x) >> 6) * 4864) + (((((int)threadIdx.x) & 63) >> 4) * 304)) + ((((int)threadIdx.x) & 15) * 2)) + 41);
          ^

tvm_kernels.cu(1010): warning #177-D: variable "cse_v161" was declared but never referenced
      int cse_v161 = (((((((int)threadIdx.x) >> 6) * 4864) + (((((int)threadIdx.x) & 63) >> 4) * 304)) + ((((int)threadIdx.x) & 15) * 2)) + 79);
          ^

tvm_kernels.cu(1012): warning #177-D: variable "cse_v162" was declared but never referenced
      int cse_v162 = (((((((int)threadIdx.x) >> 6) * 4864) + (((((int)threadIdx.x) & 63) >> 4) * 304)) + ((((int)threadIdx.x) & 15) * 2)) + 117);
          ^

tvm_kernels.cu(1014): warning #177-D: variable "cse_v64" was declared but never referenced
      int cse_v64 = (((((int)threadIdx.x) >> 6) * 28) + 4);
          ^

tvm_kernels.cu(1015): warning #177-D: variable "cse_v163" was declared but never referenced
      int cse_v163 = (((((((int)threadIdx.x) >> 6) * 4864) + (((((int)threadIdx.x) & 63) >> 4) * 304)) + ((((int)threadIdx.x) & 15) * 2)) + 4);
          ^

tvm_kernels.cu(1017): warning #177-D: variable "cse_v164" was declared but never referenced
      int cse_v164 = (((((((int)threadIdx.x) >> 6) * 4864) + (((((int)threadIdx.x) & 63) >> 4) * 304)) + ((((int)threadIdx.x) & 15) * 2)) + 42);
          ^

tvm_kernels.cu(1019): warning #177-D: variable "cse_v165" was declared but never referenced
      int cse_v165 = (((((((int)threadIdx.x) >> 6) * 4864) + (((((int)threadIdx.x) & 63) >> 4) * 304)) + ((((int)threadIdx.x) & 15) * 2)) + 80);
          ^

tvm_kernels.cu(1021): warning #177-D: variable "cse_v166" was declared but never referenced
      int cse_v166 = (((((((int)threadIdx.x) >> 6) * 4864) + (((((int)threadIdx.x) & 63) >> 4) * 304)) + ((((int)threadIdx.x) & 15) * 2)) + 118);
          ^

tvm_kernels.cu(1023): warning #177-D: variable "cse_v65" was declared but never referenced
      int cse_v65 = (((((int)threadIdx.x) >> 6) * 28) + 5);
          ^

tvm_kernels.cu(1024): warning #177-D: variable "cse_v167" was declared but never referenced
      int cse_v167 = (((((((int)threadIdx.x) >> 6) * 4864) + (((((int)threadIdx.x) & 63) >> 4) * 304)) + ((((int)threadIdx.x) & 15) * 2)) + 5);
          ^

tvm_kernels.cu(1026): warning #177-D: variable "cse_v168" was declared but never referenced
      int cse_v168 = (((((((int)threadIdx.x) >> 6) * 4864) + (((((int)threadIdx.x) & 63) >> 4) * 304)) + ((((int)threadIdx.x) & 15) * 2)) + 43);
          ^

tvm_kernels.cu(1028): warning #177-D: variable "cse_v169" was declared but never referenced
      int cse_v169 = (((((((int)threadIdx.x) >> 6) * 4864) + (((((int)threadIdx.x) & 63) >> 4) * 304)) + ((((int)threadIdx.x) & 15) * 2)) + 81);
          ^

tvm_kernels.cu(1030): warning #177-D: variable "cse_v170" was declared but never referenced
      int cse_v170 = (((((((int)threadIdx.x) >> 6) * 4864) + (((((int)threadIdx.x) & 63) >> 4) * 304)) + ((((int)threadIdx.x) & 15) * 2)) + 119);
          ^

tvm_kernels.cu(1032): warning #177-D: variable "cse_v66" was declared but never referenced
      int cse_v66 = (((((int)threadIdx.x) >> 6) * 28) + 6);
          ^

tvm_kernels.cu(1033): warning #177-D: variable "cse_v171" was declared but never referenced
      int cse_v171 = (((((((int)threadIdx.x) >> 6) * 4864) + (((((int)threadIdx.x) & 63) >> 4) * 304)) + ((((int)threadIdx.x) & 15) * 2)) + 6);
          ^

tvm_kernels.cu(1035): warning #177-D: variable "cse_v172" was declared but never referenced
      int cse_v172 = (((((((int)threadIdx.x) >> 6) * 4864) + (((((int)threadIdx.x) & 63) >> 4) * 304)) + ((((int)threadIdx.x) & 15) * 2)) + 44);
          ^

tvm_kernels.cu(1037): warning #177-D: variable "cse_v173" was declared but never referenced
      int cse_v173 = (((((((int)threadIdx.x) >> 6) * 4864) + (((((int)threadIdx.x) & 63) >> 4) * 304)) + ((((int)threadIdx.x) & 15) * 2)) + 82);
          ^

tvm_kernels.cu(1039): warning #177-D: variable "cse_v174" was declared but never referenced
      int cse_v174 = (((((((int)threadIdx.x) >> 6) * 4864) + (((((int)threadIdx.x) & 63) >> 4) * 304)) + ((((int)threadIdx.x) & 15) * 2)) + 120);
          ^

tvm_kernels.cu(1073): warning #177-D: variable "cse_v175" was declared but never referenced
      int cse_v175 = (((((((int)threadIdx.x) >> 6) * 4864) + (((((int)threadIdx.x) & 63) >> 4) * 304)) + ((((int)threadIdx.x) & 15) * 2)) + 153);
          ^

tvm_kernels.cu(1075): warning #177-D: variable "cse_v176" was declared but never referenced
      int cse_v176 = (((((((int)threadIdx.x) >> 6) * 4864) + (((((int)threadIdx.x) & 63) >> 4) * 304)) + ((((int)threadIdx.x) & 15) * 2)) + 191);
          ^

tvm_kernels.cu(1077): warning #177-D: variable "cse_v177" was declared but never referenced
      int cse_v177 = (((((((int)threadIdx.x) >> 6) * 4864) + (((((int)threadIdx.x) & 63) >> 4) * 304)) + ((((int)threadIdx.x) & 15) * 2)) + 229);
          ^

tvm_kernels.cu(1079): warning #177-D: variable "cse_v178" was declared but never referenced
      int cse_v178 = (((((((int)threadIdx.x) >> 6) * 4864) + (((((int)threadIdx.x) & 63) >> 4) * 304)) + ((((int)threadIdx.x) & 15) * 2)) + 267);
          ^

tvm_kernels.cu(1081): warning #177-D: variable "cse_v179" was declared but never referenced
      int cse_v179 = (((((((int)threadIdx.x) >> 6) * 4864) + (((((int)threadIdx.x) & 63) >> 4) * 304)) + ((((int)threadIdx.x) & 15) * 2)) + 154);
          ^

tvm_kernels.cu(1083): warning #177-D: variable "cse_v180" was declared but never referenced
      int cse_v180 = (((((((int)threadIdx.x) >> 6) * 4864) + (((((int)threadIdx.x) & 63) >> 4) * 304)) + ((((int)threadIdx.x) & 15) * 2)) + 192);
          ^

tvm_kernels.cu(1085): warning #177-D: variable "cse_v181" was declared but never referenced
      int cse_v181 = (((((((int)threadIdx.x) >> 6) * 4864) + (((((int)threadIdx.x) & 63) >> 4) * 304)) + ((((int)threadIdx.x) & 15) * 2)) + 230);
          ^

tvm_kernels.cu(1087): warning #177-D: variable "cse_v182" was declared but never referenced
      int cse_v182 = (((((((int)threadIdx.x) >> 6) * 4864) + (((((int)threadIdx.x) & 63) >> 4) * 304)) + ((((int)threadIdx.x) & 15) * 2)) + 268);
          ^

tvm_kernels.cu(1089): warning #177-D: variable "cse_v183" was declared but never referenced
      int cse_v183 = (((((((int)threadIdx.x) >> 6) * 4864) + (((((int)threadIdx.x) & 63) >> 4) * 304)) + ((((int)threadIdx.x) & 15) * 2)) + 155);
          ^

tvm_kernels.cu(1091): warning #177-D: variable "cse_v184" was declared but never referenced
      int cse_v184 = (((((((int)threadIdx.x) >> 6) * 4864) + (((((int)threadIdx.x) & 63) >> 4) * 304)) + ((((int)threadIdx.x) & 15) * 2)) + 193);
          ^

tvm_kernels.cu(1093): warning #177-D: variable "cse_v185" was declared but never referenced
      int cse_v185 = (((((((int)threadIdx.x) >> 6) * 4864) + (((((int)threadIdx.x) & 63) >> 4) * 304)) + ((((int)threadIdx.x) & 15) * 2)) + 231);
          ^

tvm_kernels.cu(1095): warning #177-D: variable "cse_v186" was declared but never referenced
      int cse_v186 = (((((((int)threadIdx.x) >> 6) * 4864) + (((((int)threadIdx.x) & 63) >> 4) * 304)) + ((((int)threadIdx.x) & 15) * 2)) + 269);
          ^

tvm_kernels.cu(1097): warning #177-D: variable "cse_v187" was declared but never referenced
      int cse_v187 = (((((((int)threadIdx.x) >> 6) * 4864) + (((((int)threadIdx.x) & 63) >> 4) * 304)) + ((((int)threadIdx.x) & 15) * 2)) + 156);
          ^

tvm_kernels.cu(1099): warning #177-D: variable "cse_v188" was declared but never referenced
      int cse_v188 = (((((((int)threadIdx.x) >> 6) * 4864) + (((((int)threadIdx.x) & 63) >> 4) * 304)) + ((((int)threadIdx.x) & 15) * 2)) + 194);
          ^

tvm_kernels.cu(1101): warning #177-D: variable "cse_v189" was declared but never referenced
      int cse_v189 = (((((((int)threadIdx.x) >> 6) * 4864) + (((((int)threadIdx.x) & 63) >> 4) * 304)) + ((((int)threadIdx.x) & 15) * 2)) + 232);
          ^

tvm_kernels.cu(1103): warning #177-D: variable "cse_v190" was declared but never referenced
      int cse_v190 = (((((((int)threadIdx.x) >> 6) * 4864) + (((((int)threadIdx.x) & 63) >> 4) * 304)) + ((((int)threadIdx.x) & 15) * 2)) + 270);
          ^

tvm_kernels.cu(1105): warning #177-D: variable "cse_v191" was declared but never referenced
      int cse_v191 = (((((((int)threadIdx.x) >> 6) * 4864) + (((((int)threadIdx.x) & 63) >> 4) * 304)) + ((((int)threadIdx.x) & 15) * 2)) + 157);
          ^

tvm_kernels.cu(1107): warning #177-D: variable "cse_v192" was declared but never referenced
      int cse_v192 = (((((((int)threadIdx.x) >> 6) * 4864) + (((((int)threadIdx.x) & 63) >> 4) * 304)) + ((((int)threadIdx.x) & 15) * 2)) + 195);
          ^

tvm_kernels.cu(1109): warning #177-D: variable "cse_v193" was declared but never referenced
      int cse_v193 = (((((((int)threadIdx.x) >> 6) * 4864) + (((((int)threadIdx.x) & 63) >> 4) * 304)) + ((((int)threadIdx.x) & 15) * 2)) + 233);
          ^

tvm_kernels.cu(1111): warning #177-D: variable "cse_v194" was declared but never referenced
      int cse_v194 = (((((((int)threadIdx.x) >> 6) * 4864) + (((((int)threadIdx.x) & 63) >> 4) * 304)) + ((((int)threadIdx.x) & 15) * 2)) + 271);
          ^

tvm_kernels.cu(1113): warning #177-D: variable "cse_v195" was declared but never referenced
      int cse_v195 = (((((((int)threadIdx.x) >> 6) * 4864) + (((((int)threadIdx.x) & 63) >> 4) * 304)) + ((((int)threadIdx.x) & 15) * 2)) + 158);
          ^

tvm_kernels.cu(1115): warning #177-D: variable "cse_v196" was declared but never referenced
      int cse_v196 = (((((((int)threadIdx.x) >> 6) * 4864) + (((((int)threadIdx.x) & 63) >> 4) * 304)) + ((((int)threadIdx.x) & 15) * 2)) + 196);
          ^

tvm_kernels.cu(1117): warning #177-D: variable "cse_v197" was declared but never referenced
      int cse_v197 = (((((((int)threadIdx.x) >> 6) * 4864) + (((((int)threadIdx.x) & 63) >> 4) * 304)) + ((((int)threadIdx.x) & 15) * 2)) + 234);
          ^

tvm_kernels.cu(1119): warning #177-D: variable "cse_v198" was declared but never referenced
      int cse_v198 = (((((((int)threadIdx.x) >> 6) * 4864) + (((((int)threadIdx.x) & 63) >> 4) * 304)) + ((((int)threadIdx.x) & 15) * 2)) + 272);
          ^

tvm_kernels.cu(1149): warning #177-D: variable "cse_v67" was declared but never referenced
      int cse_v67 = (((((int)threadIdx.x) >> 6) * 28) + 7);
          ^

tvm_kernels.cu(1154): warning #177-D: variable "cse_v68" was declared but never referenced
      int cse_v68 = (((((int)threadIdx.x) >> 6) * 28) + 8);
          ^

tvm_kernels.cu(1155): warning #177-D: variable "cse_v199" was declared but never referenced
      int cse_v199 = (((((((int)threadIdx.x) >> 6) * 4864) + (((((int)threadIdx.x) & 63) >> 4) * 304)) + ((((int)threadIdx.x) & 15) * 2)) + 1217);
          ^

tvm_kernels.cu(1157): warning #177-D: variable "cse_v200" was declared but never referenced
      int cse_v200 = (((((((int)threadIdx.x) >> 6) * 4864) + (((((int)threadIdx.x) & 63) >> 4) * 304)) + ((((int)threadIdx.x) & 15) * 2)) + 1255);
          ^

tvm_kernels.cu(1159): warning #177-D: variable "cse_v201" was declared but never referenced
      int cse_v201 = (((((((int)threadIdx.x) >> 6) * 4864) + (((((int)threadIdx.x) & 63) >> 4) * 304)) + ((((int)threadIdx.x) & 15) * 2)) + 1293);
          ^

tvm_kernels.cu(1161): warning #177-D: variable "cse_v202" was declared but never referenced
      int cse_v202 = (((((((int)threadIdx.x) >> 6) * 4864) + (((((int)threadIdx.x) & 63) >> 4) * 304)) + ((((int)threadIdx.x) & 15) * 2)) + 1331);
          ^

tvm_kernels.cu(1163): warning #177-D: variable "cse_v69" was declared but never referenced
      int cse_v69 = (((((int)threadIdx.x) >> 6) * 28) + 9);
          ^

tvm_kernels.cu(1164): warning #177-D: variable "cse_v203" was declared but never referenced
      int cse_v203 = (((((((int)threadIdx.x) >> 6) * 4864) + (((((int)threadIdx.x) & 63) >> 4) * 304)) + ((((int)threadIdx.x) & 15) * 2)) + 1218);
          ^

tvm_kernels.cu(1166): warning #177-D: variable "cse_v204" was declared but never referenced
      int cse_v204 = (((((((int)threadIdx.x) >> 6) * 4864) + (((((int)threadIdx.x) & 63) >> 4) * 304)) + ((((int)threadIdx.x) & 15) * 2)) + 1256);
          ^

tvm_kernels.cu(1168): warning #177-D: variable "cse_v205" was declared but never referenced
      int cse_v205 = (((((((int)threadIdx.x) >> 6) * 4864) + (((((int)threadIdx.x) & 63) >> 4) * 304)) + ((((int)threadIdx.x) & 15) * 2)) + 1294);
          ^

tvm_kernels.cu(1170): warning #177-D: variable "cse_v206" was declared but never referenced
      int cse_v206 = (((((((int)threadIdx.x) >> 6) * 4864) + (((((int)threadIdx.x) & 63) >> 4) * 304)) + ((((int)threadIdx.x) & 15) * 2)) + 1332);
          ^

tvm_kernels.cu(1172): warning #177-D: variable "cse_v70" was declared but never referenced
      int cse_v70 = (((((int)threadIdx.x) >> 6) * 28) + 10);
          ^

tvm_kernels.cu(1173): warning #177-D: variable "cse_v207" was declared but never referenced
      int cse_v207 = (((((((int)threadIdx.x) >> 6) * 4864) + (((((int)threadIdx.x) & 63) >> 4) * 304)) + ((((int)threadIdx.x) & 15) * 2)) + 1219);
          ^

tvm_kernels.cu(1175): warning #177-D: variable "cse_v208" was declared but never referenced
      int cse_v208 = (((((((int)threadIdx.x) >> 6) * 4864) + (((((int)threadIdx.x) & 63) >> 4) * 304)) + ((((int)threadIdx.x) & 15) * 2)) + 1257);
          ^

tvm_kernels.cu(1177): warning #177-D: variable "cse_v209" was declared but never referenced
      int cse_v209 = (((((((int)threadIdx.x) >> 6) * 4864) + (((((int)threadIdx.x) & 63) >> 4) * 304)) + ((((int)threadIdx.x) & 15) * 2)) + 1295);
          ^

tvm_kernels.cu(1179): warning #177-D: variable "cse_v210" was declared but never referenced
      int cse_v210 = (((((((int)threadIdx.x) >> 6) * 4864) + (((((int)threadIdx.x) & 63) >> 4) * 304)) + ((((int)threadIdx.x) & 15) * 2)) + 1333);
          ^

tvm_kernels.cu(1181): warning #177-D: variable "cse_v71" was declared but never referenced
      int cse_v71 = (((((int)threadIdx.x) >> 6) * 28) + 11);
          ^

tvm_kernels.cu(1182): warning #177-D: variable "cse_v211" was declared but never referenced
      int cse_v211 = (((((((int)threadIdx.x) >> 6) * 4864) + (((((int)threadIdx.x) & 63) >> 4) * 304)) + ((((int)threadIdx.x) & 15) * 2)) + 1220);
          ^

tvm_kernels.cu(1184): warning #177-D: variable "cse_v212" was declared but never referenced
      int cse_v212 = (((((((int)threadIdx.x) >> 6) * 4864) + (((((int)threadIdx.x) & 63) >> 4) * 304)) + ((((int)threadIdx.x) & 15) * 2)) + 1258);
          ^

tvm_kernels.cu(1186): warning #177-D: variable "cse_v213" was declared but never referenced
      int cse_v213 = (((((((int)threadIdx.x) >> 6) * 4864) + (((((int)threadIdx.x) & 63) >> 4) * 304)) + ((((int)threadIdx.x) & 15) * 2)) + 1296);
          ^

tvm_kernels.cu(1188): warning #177-D: variable "cse_v214" was declared but never referenced
      int cse_v214 = (((((((int)threadIdx.x) >> 6) * 4864) + (((((int)threadIdx.x) & 63) >> 4) * 304)) + ((((int)threadIdx.x) & 15) * 2)) + 1334);
          ^

tvm_kernels.cu(1190): warning #177-D: variable "cse_v72" was declared but never referenced
      int cse_v72 = (((((int)threadIdx.x) >> 6) * 28) + 12);
          ^

tvm_kernels.cu(1191): warning #177-D: variable "cse_v215" was declared but never referenced
      int cse_v215 = (((((((int)threadIdx.x) >> 6) * 4864) + (((((int)threadIdx.x) & 63) >> 4) * 304)) + ((((int)threadIdx.x) & 15) * 2)) + 1221);
          ^

tvm_kernels.cu(1193): warning #177-D: variable "cse_v216" was declared but never referenced
      int cse_v216 = (((((((int)threadIdx.x) >> 6) * 4864) + (((((int)threadIdx.x) & 63) >> 4) * 304)) + ((((int)threadIdx.x) & 15) * 2)) + 1259);
          ^

tvm_kernels.cu(1195): warning #177-D: variable "cse_v217" was declared but never referenced
      int cse_v217 = (((((((int)threadIdx.x) >> 6) * 4864) + (((((int)threadIdx.x) & 63) >> 4) * 304)) + ((((int)threadIdx.x) & 15) * 2)) + 1297);
          ^

tvm_kernels.cu(1197): warning #177-D: variable "cse_v218" was declared but never referenced
      int cse_v218 = (((((((int)threadIdx.x) >> 6) * 4864) + (((((int)threadIdx.x) & 63) >> 4) * 304)) + ((((int)threadIdx.x) & 15) * 2)) + 1335);
          ^

tvm_kernels.cu(1199): warning #177-D: variable "cse_v73" was declared but never referenced
      int cse_v73 = (((((int)threadIdx.x) >> 6) * 28) + 13);
          ^

tvm_kernels.cu(1200): warning #177-D: variable "cse_v219" was declared but never referenced
      int cse_v219 = (((((((int)threadIdx.x) >> 6) * 4864) + (((((int)threadIdx.x) & 63) >> 4) * 304)) + ((((int)threadIdx.x) & 15) * 2)) + 1222);
          ^

tvm_kernels.cu(1202): warning #177-D: variable "cse_v220" was declared but never referenced
      int cse_v220 = (((((((int)threadIdx.x) >> 6) * 4864) + (((((int)threadIdx.x) & 63) >> 4) * 304)) + ((((int)threadIdx.x) & 15) * 2)) + 1260);
          ^

tvm_kernels.cu(1204): warning #177-D: variable "cse_v221" was declared but never referenced
      int cse_v221 = (((((((int)threadIdx.x) >> 6) * 4864) + (((((int)threadIdx.x) & 63) >> 4) * 304)) + ((((int)threadIdx.x) & 15) * 2)) + 1298);
          ^

tvm_kernels.cu(1206): warning #177-D: variable "cse_v222" was declared but never referenced
      int cse_v222 = (((((((int)threadIdx.x) >> 6) * 4864) + (((((int)threadIdx.x) & 63) >> 4) * 304)) + ((((int)threadIdx.x) & 15) * 2)) + 1336);
          ^

tvm_kernels.cu(1240): warning #177-D: variable "cse_v223" was declared but never referenced
      int cse_v223 = (((((((int)threadIdx.x) >> 6) * 4864) + (((((int)threadIdx.x) & 63) >> 4) * 304)) + ((((int)threadIdx.x) & 15) * 2)) + 1369);
          ^

tvm_kernels.cu(1242): warning #177-D: variable "cse_v224" was declared but never referenced
      int cse_v224 = (((((((int)threadIdx.x) >> 6) * 4864) + (((((int)threadIdx.x) & 63) >> 4) * 304)) + ((((int)threadIdx.x) & 15) * 2)) + 1407);
          ^

tvm_kernels.cu(1244): warning #177-D: variable "cse_v225" was declared but never referenced
      int cse_v225 = (((((((int)threadIdx.x) >> 6) * 4864) + (((((int)threadIdx.x) & 63) >> 4) * 304)) + ((((int)threadIdx.x) & 15) * 2)) + 1445);
          ^

tvm_kernels.cu(1246): warning #177-D: variable "cse_v226" was declared but never referenced
      int cse_v226 = (((((((int)threadIdx.x) >> 6) * 4864) + (((((int)threadIdx.x) & 63) >> 4) * 304)) + ((((int)threadIdx.x) & 15) * 2)) + 1483);
          ^

tvm_kernels.cu(1248): warning #177-D: variable "cse_v227" was declared but never referenced
      int cse_v227 = (((((((int)threadIdx.x) >> 6) * 4864) + (((((int)threadIdx.x) & 63) >> 4) * 304)) + ((((int)threadIdx.x) & 15) * 2)) + 1370);
          ^

tvm_kernels.cu(1250): warning #177-D: variable "cse_v228" was declared but never referenced
      int cse_v228 = (((((((int)threadIdx.x) >> 6) * 4864) + (((((int)threadIdx.x) & 63) >> 4) * 304)) + ((((int)threadIdx.x) & 15) * 2)) + 1408);
          ^

tvm_kernels.cu(1252): warning #177-D: variable "cse_v229" was declared but never referenced
      int cse_v229 = (((((((int)threadIdx.x) >> 6) * 4864) + (((((int)threadIdx.x) & 63) >> 4) * 304)) + ((((int)threadIdx.x) & 15) * 2)) + 1446);
          ^

tvm_kernels.cu(1254): warning #177-D: variable "cse_v230" was declared but never referenced
      int cse_v230 = (((((((int)threadIdx.x) >> 6) * 4864) + (((((int)threadIdx.x) & 63) >> 4) * 304)) + ((((int)threadIdx.x) & 15) * 2)) + 1484);
          ^

tvm_kernels.cu(1256): warning #177-D: variable "cse_v231" was declared but never referenced
      int cse_v231 = (((((((int)threadIdx.x) >> 6) * 4864) + (((((int)threadIdx.x) & 63) >> 4) * 304)) + ((((int)threadIdx.x) & 15) * 2)) + 1371);
          ^

tvm_kernels.cu(1258): warning #177-D: variable "cse_v232" was declared but never referenced
      int cse_v232 = (((((((int)threadIdx.x) >> 6) * 4864) + (((((int)threadIdx.x) & 63) >> 4) * 304)) + ((((int)threadIdx.x) & 15) * 2)) + 1409);
          ^

tvm_kernels.cu(1260): warning #177-D: variable "cse_v233" was declared but never referenced
      int cse_v233 = (((((((int)threadIdx.x) >> 6) * 4864) + (((((int)threadIdx.x) & 63) >> 4) * 304)) + ((((int)threadIdx.x) & 15) * 2)) + 1447);
          ^

tvm_kernels.cu(1262): warning #177-D: variable "cse_v234" was declared but never referenced
      int cse_v234 = (((((((int)threadIdx.x) >> 6) * 4864) + (((((int)threadIdx.x) & 63) >> 4) * 304)) + ((((int)threadIdx.x) & 15) * 2)) + 1485);
          ^

tvm_kernels.cu(1264): warning #177-D: variable "cse_v235" was declared but never referenced
      int cse_v235 = (((((((int)threadIdx.x) >> 6) * 4864) + (((((int)threadIdx.x) & 63) >> 4) * 304)) + ((((int)threadIdx.x) & 15) * 2)) + 1372);
          ^

tvm_kernels.cu(1266): warning #177-D: variable "cse_v236" was declared but never referenced
      int cse_v236 = (((((((int)threadIdx.x) >> 6) * 4864) + (((((int)threadIdx.x) & 63) >> 4) * 304)) + ((((int)threadIdx.x) & 15) * 2)) + 1410);
          ^

tvm_kernels.cu(1268): warning #177-D: variable "cse_v237" was declared but never referenced
      int cse_v237 = (((((((int)threadIdx.x) >> 6) * 4864) + (((((int)threadIdx.x) & 63) >> 4) * 304)) + ((((int)threadIdx.x) & 15) * 2)) + 1448);
          ^

tvm_kernels.cu(1270): warning #177-D: variable "cse_v238" was declared but never referenced
      int cse_v238 = (((((((int)threadIdx.x) >> 6) * 4864) + (((((int)threadIdx.x) & 63) >> 4) * 304)) + ((((int)threadIdx.x) & 15) * 2)) + 1486);
          ^

tvm_kernels.cu(1272): warning #177-D: variable "cse_v239" was declared but never referenced
      int cse_v239 = (((((((int)threadIdx.x) >> 6) * 4864) + (((((int)threadIdx.x) & 63) >> 4) * 304)) + ((((int)threadIdx.x) & 15) * 2)) + 1373);
          ^

tvm_kernels.cu(1274): warning #177-D: variable "cse_v240" was declared but never referenced
      int cse_v240 = (((((((int)threadIdx.x) >> 6) * 4864) + (((((int)threadIdx.x) & 63) >> 4) * 304)) + ((((int)threadIdx.x) & 15) * 2)) + 1411);
          ^

tvm_kernels.cu(1276): warning #177-D: variable "cse_v241" was declared but never referenced
      int cse_v241 = (((((((int)threadIdx.x) >> 6) * 4864) + (((((int)threadIdx.x) & 63) >> 4) * 304)) + ((((int)threadIdx.x) & 15) * 2)) + 1449);
          ^

tvm_kernels.cu(1278): warning #177-D: variable "cse_v242" was declared but never referenced
      int cse_v242 = (((((((int)threadIdx.x) >> 6) * 4864) + (((((int)threadIdx.x) & 63) >> 4) * 304)) + ((((int)threadIdx.x) & 15) * 2)) + 1487);
          ^

tvm_kernels.cu(1280): warning #177-D: variable "cse_v243" was declared but never referenced
      int cse_v243 = (((((((int)threadIdx.x) >> 6) * 4864) + (((((int)threadIdx.x) & 63) >> 4) * 304)) + ((((int)threadIdx.x) & 15) * 2)) + 1374);
          ^

tvm_kernels.cu(1282): warning #177-D: variable "cse_v244" was declared but never referenced
      int cse_v244 = (((((((int)threadIdx.x) >> 6) * 4864) + (((((int)threadIdx.x) & 63) >> 4) * 304)) + ((((int)threadIdx.x) & 15) * 2)) + 1412);
          ^

tvm_kernels.cu(1284): warning #177-D: variable "cse_v245" was declared but never referenced
      int cse_v245 = (((((((int)threadIdx.x) >> 6) * 4864) + (((((int)threadIdx.x) & 63) >> 4) * 304)) + ((((int)threadIdx.x) & 15) * 2)) + 1450);
          ^

tvm_kernels.cu(1286): warning #177-D: variable "cse_v246" was declared but never referenced
      int cse_v246 = (((((((int)threadIdx.x) >> 6) * 4864) + (((((int)threadIdx.x) & 63) >> 4) * 304)) + ((((int)threadIdx.x) & 15) * 2)) + 1488);
          ^

tvm_kernels.cu(1316): warning #177-D: variable "cse_v74" was declared but never referenced
      int cse_v74 = (((((int)threadIdx.x) >> 6) * 28) + 14);
          ^

tvm_kernels.cu(1321): warning #177-D: variable "cse_v75" was declared but never referenced
      int cse_v75 = (((((int)threadIdx.x) >> 6) * 28) + 15);
          ^

tvm_kernels.cu(1322): warning #177-D: variable "cse_v247" was declared but never referenced
      int cse_v247 = (((((((int)threadIdx.x) >> 6) * 4864) + (((((int)threadIdx.x) & 63) >> 4) * 304)) + ((((int)threadIdx.x) & 15) * 2)) + 2433);
          ^

tvm_kernels.cu(1324): warning #177-D: variable "cse_v248" was declared but never referenced
      int cse_v248 = (((((((int)threadIdx.x) >> 6) * 4864) + (((((int)threadIdx.x) & 63) >> 4) * 304)) + ((((int)threadIdx.x) & 15) * 2)) + 2471);
          ^

tvm_kernels.cu(1326): warning #177-D: variable "cse_v249" was declared but never referenced
      int cse_v249 = (((((((int)threadIdx.x) >> 6) * 4864) + (((((int)threadIdx.x) & 63) >> 4) * 304)) + ((((int)threadIdx.x) & 15) * 2)) + 2509);
          ^

tvm_kernels.cu(1328): warning #177-D: variable "cse_v250" was declared but never referenced
      int cse_v250 = (((((((int)threadIdx.x) >> 6) * 4864) + (((((int)threadIdx.x) & 63) >> 4) * 304)) + ((((int)threadIdx.x) & 15) * 2)) + 2547);
          ^

tvm_kernels.cu(1330): warning #177-D: variable "cse_v76" was declared but never referenced
      int cse_v76 = (((((int)threadIdx.x) >> 6) * 28) + 16);
          ^

tvm_kernels.cu(1331): warning #177-D: variable "cse_v251" was declared but never referenced
      int cse_v251 = (((((((int)threadIdx.x) >> 6) * 4864) + (((((int)threadIdx.x) & 63) >> 4) * 304)) + ((((int)threadIdx.x) & 15) * 2)) + 2434);
          ^

tvm_kernels.cu(1333): warning #177-D: variable "cse_v252" was declared but never referenced
      int cse_v252 = (((((((int)threadIdx.x) >> 6) * 4864) + (((((int)threadIdx.x) & 63) >> 4) * 304)) + ((((int)threadIdx.x) & 15) * 2)) + 2472);
          ^

tvm_kernels.cu(1335): warning #177-D: variable "cse_v253" was declared but never referenced
      int cse_v253 = (((((((int)threadIdx.x) >> 6) * 4864) + (((((int)threadIdx.x) & 63) >> 4) * 304)) + ((((int)threadIdx.x) & 15) * 2)) + 2510);
          ^

tvm_kernels.cu(1337): warning #177-D: variable "cse_v254" was declared but never referenced
      int cse_v254 = (((((((int)threadIdx.x) >> 6) * 4864) + (((((int)threadIdx.x) & 63) >> 4) * 304)) + ((((int)threadIdx.x) & 15) * 2)) + 2548);
          ^

tvm_kernels.cu(1339): warning #177-D: variable "cse_v77" was declared but never referenced
      int cse_v77 = (((((int)threadIdx.x) >> 6) * 28) + 17);
          ^

tvm_kernels.cu(1340): warning #177-D: variable "cse_v255" was declared but never referenced
      int cse_v255 = (((((((int)threadIdx.x) >> 6) * 4864) + (((((int)threadIdx.x) & 63) >> 4) * 304)) + ((((int)threadIdx.x) & 15) * 2)) + 2435);
          ^

tvm_kernels.cu(1342): warning #177-D: variable "cse_v256" was declared but never referenced
      int cse_v256 = (((((((int)threadIdx.x) >> 6) * 4864) + (((((int)threadIdx.x) & 63) >> 4) * 304)) + ((((int)threadIdx.x) & 15) * 2)) + 2473);
          ^

tvm_kernels.cu(1344): warning #177-D: variable "cse_v257" was declared but never referenced
      int cse_v257 = (((((((int)threadIdx.x) >> 6) * 4864) + (((((int)threadIdx.x) & 63) >> 4) * 304)) + ((((int)threadIdx.x) & 15) * 2)) + 2511);
          ^

tvm_kernels.cu(1346): warning #177-D: variable "cse_v258" was declared but never referenced
      int cse_v258 = (((((((int)threadIdx.x) >> 6) * 4864) + (((((int)threadIdx.x) & 63) >> 4) * 304)) + ((((int)threadIdx.x) & 15) * 2)) + 2549);
          ^

tvm_kernels.cu(1348): warning #177-D: variable "cse_v78" was declared but never referenced
      int cse_v78 = (((((int)threadIdx.x) >> 6) * 28) + 18);
          ^

tvm_kernels.cu(1349): warning #177-D: variable "cse_v259" was declared but never referenced
      int cse_v259 = (((((((int)threadIdx.x) >> 6) * 4864) + (((((int)threadIdx.x) & 63) >> 4) * 304)) + ((((int)threadIdx.x) & 15) * 2)) + 2436);
          ^

tvm_kernels.cu(1351): warning #177-D: variable "cse_v260" was declared but never referenced
      int cse_v260 = (((((((int)threadIdx.x) >> 6) * 4864) + (((((int)threadIdx.x) & 63) >> 4) * 304)) + ((((int)threadIdx.x) & 15) * 2)) + 2474);
          ^

tvm_kernels.cu(1353): warning #177-D: variable "cse_v261" was declared but never referenced
      int cse_v261 = (((((((int)threadIdx.x) >> 6) * 4864) + (((((int)threadIdx.x) & 63) >> 4) * 304)) + ((((int)threadIdx.x) & 15) * 2)) + 2512);
          ^

tvm_kernels.cu(1355): warning #177-D: variable "cse_v262" was declared but never referenced
      int cse_v262 = (((((((int)threadIdx.x) >> 6) * 4864) + (((((int)threadIdx.x) & 63) >> 4) * 304)) + ((((int)threadIdx.x) & 15) * 2)) + 2550);
          ^

tvm_kernels.cu(1357): warning #177-D: variable "cse_v79" was declared but never referenced
      int cse_v79 = (((((int)threadIdx.x) >> 6) * 28) + 19);
          ^

tvm_kernels.cu(1358): warning #177-D: variable "cse_v263" was declared but never referenced
      int cse_v263 = (((((((int)threadIdx.x) >> 6) * 4864) + (((((int)threadIdx.x) & 63) >> 4) * 304)) + ((((int)threadIdx.x) & 15) * 2)) + 2437);
          ^

tvm_kernels.cu(1360): warning #177-D: variable "cse_v264" was declared but never referenced
      int cse_v264 = (((((((int)threadIdx.x) >> 6) * 4864) + (((((int)threadIdx.x) & 63) >> 4) * 304)) + ((((int)threadIdx.x) & 15) * 2)) + 2475);
          ^

tvm_kernels.cu(1362): warning #177-D: variable "cse_v265" was declared but never referenced
      int cse_v265 = (((((((int)threadIdx.x) >> 6) * 4864) + (((((int)threadIdx.x) & 63) >> 4) * 304)) + ((((int)threadIdx.x) & 15) * 2)) + 2513);
          ^

tvm_kernels.cu(1364): warning #177-D: variable "cse_v266" was declared but never referenced
      int cse_v266 = (((((((int)threadIdx.x) >> 6) * 4864) + (((((int)threadIdx.x) & 63) >> 4) * 304)) + ((((int)threadIdx.x) & 15) * 2)) + 2551);
          ^

tvm_kernels.cu(1366): warning #177-D: variable "cse_v80" was declared but never referenced
      int cse_v80 = (((((int)threadIdx.x) >> 6) * 28) + 20);
          ^

tvm_kernels.cu(1367): warning #177-D: variable "cse_v267" was declared but never referenced
      int cse_v267 = (((((((int)threadIdx.x) >> 6) * 4864) + (((((int)threadIdx.x) & 63) >> 4) * 304)) + ((((int)threadIdx.x) & 15) * 2)) + 2438);
          ^

tvm_kernels.cu(1369): warning #177-D: variable "cse_v268" was declared but never referenced
      int cse_v268 = (((((((int)threadIdx.x) >> 6) * 4864) + (((((int)threadIdx.x) & 63) >> 4) * 304)) + ((((int)threadIdx.x) & 15) * 2)) + 2476);
          ^

tvm_kernels.cu(1371): warning #177-D: variable "cse_v269" was declared but never referenced
      int cse_v269 = (((((((int)threadIdx.x) >> 6) * 4864) + (((((int)threadIdx.x) & 63) >> 4) * 304)) + ((((int)threadIdx.x) & 15) * 2)) + 2514);
          ^

tvm_kernels.cu(1373): warning #177-D: variable "cse_v270" was declared but never referenced
      int cse_v270 = (((((((int)threadIdx.x) >> 6) * 4864) + (((((int)threadIdx.x) & 63) >> 4) * 304)) + ((((int)threadIdx.x) & 15) * 2)) + 2552);
          ^

tvm_kernels.cu(1407): warning #177-D: variable "cse_v271" was declared but never referenced
      int cse_v271 = (((((((int)threadIdx.x) >> 6) * 4864) + (((((int)threadIdx.x) & 63) >> 4) * 304)) + ((((int)threadIdx.x) & 15) * 2)) + 2585);
          ^

tvm_kernels.cu(1409): warning #177-D: variable "cse_v272" was declared but never referenced
      int cse_v272 = (((((((int)threadIdx.x) >> 6) * 4864) + (((((int)threadIdx.x) & 63) >> 4) * 304)) + ((((int)threadIdx.x) & 15) * 2)) + 2623);
          ^

tvm_kernels.cu(1411): warning #177-D: variable "cse_v273" was declared but never referenced
      int cse_v273 = (((((((int)threadIdx.x) >> 6) * 4864) + (((((int)threadIdx.x) & 63) >> 4) * 304)) + ((((int)threadIdx.x) & 15) * 2)) + 2661);
          ^

tvm_kernels.cu(1413): warning #177-D: variable "cse_v274" was declared but never referenced
      int cse_v274 = (((((((int)threadIdx.x) >> 6) * 4864) + (((((int)threadIdx.x) & 63) >> 4) * 304)) + ((((int)threadIdx.x) & 15) * 2)) + 2699);
          ^

tvm_kernels.cu(1415): warning #177-D: variable "cse_v275" was declared but never referenced
      int cse_v275 = (((((((int)threadIdx.x) >> 6) * 4864) + (((((int)threadIdx.x) & 63) >> 4) * 304)) + ((((int)threadIdx.x) & 15) * 2)) + 2586);
          ^

tvm_kernels.cu(1417): warning #177-D: variable "cse_v276" was declared but never referenced
      int cse_v276 = (((((((int)threadIdx.x) >> 6) * 4864) + (((((int)threadIdx.x) & 63) >> 4) * 304)) + ((((int)threadIdx.x) & 15) * 2)) + 2624);
          ^

tvm_kernels.cu(1419): warning #177-D: variable "cse_v277" was declared but never referenced
      int cse_v277 = (((((((int)threadIdx.x) >> 6) * 4864) + (((((int)threadIdx.x) & 63) >> 4) * 304)) + ((((int)threadIdx.x) & 15) * 2)) + 2662);
          ^

tvm_kernels.cu(1421): warning #177-D: variable "cse_v278" was declared but never referenced
      int cse_v278 = (((((((int)threadIdx.x) >> 6) * 4864) + (((((int)threadIdx.x) & 63) >> 4) * 304)) + ((((int)threadIdx.x) & 15) * 2)) + 2700);
          ^

tvm_kernels.cu(1423): warning #177-D: variable "cse_v279" was declared but never referenced
      int cse_v279 = (((((((int)threadIdx.x) >> 6) * 4864) + (((((int)threadIdx.x) & 63) >> 4) * 304)) + ((((int)threadIdx.x) & 15) * 2)) + 2587);
          ^

tvm_kernels.cu(1425): warning #177-D: variable "cse_v280" was declared but never referenced
      int cse_v280 = (((((((int)threadIdx.x) >> 6) * 4864) + (((((int)threadIdx.x) & 63) >> 4) * 304)) + ((((int)threadIdx.x) & 15) * 2)) + 2625);
          ^

tvm_kernels.cu(1427): warning #177-D: variable "cse_v281" was declared but never referenced
      int cse_v281 = (((((((int)threadIdx.x) >> 6) * 4864) + (((((int)threadIdx.x) & 63) >> 4) * 304)) + ((((int)threadIdx.x) & 15) * 2)) + 2663);
          ^

tvm_kernels.cu(1429): warning #177-D: variable "cse_v282" was declared but never referenced
      int cse_v282 = (((((((int)threadIdx.x) >> 6) * 4864) + (((((int)threadIdx.x) & 63) >> 4) * 304)) + ((((int)threadIdx.x) & 15) * 2)) + 2701);
          ^

tvm_kernels.cu(1431): warning #177-D: variable "cse_v283" was declared but never referenced
      int cse_v283 = (((((((int)threadIdx.x) >> 6) * 4864) + (((((int)threadIdx.x) & 63) >> 4) * 304)) + ((((int)threadIdx.x) & 15) * 2)) + 2588);
          ^

tvm_kernels.cu(1433): warning #177-D: variable "cse_v284" was declared but never referenced
      int cse_v284 = (((((((int)threadIdx.x) >> 6) * 4864) + (((((int)threadIdx.x) & 63) >> 4) * 304)) + ((((int)threadIdx.x) & 15) * 2)) + 2626);
          ^

tvm_kernels.cu(1435): warning #177-D: variable "cse_v285" was declared but never referenced
      int cse_v285 = (((((((int)threadIdx.x) >> 6) * 4864) + (((((int)threadIdx.x) & 63) >> 4) * 304)) + ((((int)threadIdx.x) & 15) * 2)) + 2664);
          ^

tvm_kernels.cu(1437): warning #177-D: variable "cse_v286" was declared but never referenced
      int cse_v286 = (((((((int)threadIdx.x) >> 6) * 4864) + (((((int)threadIdx.x) & 63) >> 4) * 304)) + ((((int)threadIdx.x) & 15) * 2)) + 2702);
          ^

tvm_kernels.cu(1439): warning #177-D: variable "cse_v287" was declared but never referenced
      int cse_v287 = (((((((int)threadIdx.x) >> 6) * 4864) + (((((int)threadIdx.x) & 63) >> 4) * 304)) + ((((int)threadIdx.x) & 15) * 2)) + 2589);
          ^

tvm_kernels.cu(1441): warning #177-D: variable "cse_v288" was declared but never referenced
      int cse_v288 = (((((((int)threadIdx.x) >> 6) * 4864) + (((((int)threadIdx.x) & 63) >> 4) * 304)) + ((((int)threadIdx.x) & 15) * 2)) + 2627);
          ^

tvm_kernels.cu(1443): warning #177-D: variable "cse_v289" was declared but never referenced
      int cse_v289 = (((((((int)threadIdx.x) >> 6) * 4864) + (((((int)threadIdx.x) & 63) >> 4) * 304)) + ((((int)threadIdx.x) & 15) * 2)) + 2665);
          ^

tvm_kernels.cu(1445): warning #177-D: variable "cse_v290" was declared but never referenced
      int cse_v290 = (((((((int)threadIdx.x) >> 6) * 4864) + (((((int)threadIdx.x) & 63) >> 4) * 304)) + ((((int)threadIdx.x) & 15) * 2)) + 2703);
          ^

tvm_kernels.cu(1447): warning #177-D: variable "cse_v291" was declared but never referenced
      int cse_v291 = (((((((int)threadIdx.x) >> 6) * 4864) + (((((int)threadIdx.x) & 63) >> 4) * 304)) + ((((int)threadIdx.x) & 15) * 2)) + 2590);
          ^

tvm_kernels.cu(1449): warning #177-D: variable "cse_v292" was declared but never referenced
      int cse_v292 = (((((((int)threadIdx.x) >> 6) * 4864) + (((((int)threadIdx.x) & 63) >> 4) * 304)) + ((((int)threadIdx.x) & 15) * 2)) + 2628);
          ^

tvm_kernels.cu(1451): warning #177-D: variable "cse_v293" was declared but never referenced
      int cse_v293 = (((((((int)threadIdx.x) >> 6) * 4864) + (((((int)threadIdx.x) & 63) >> 4) * 304)) + ((((int)threadIdx.x) & 15) * 2)) + 2666);
          ^

tvm_kernels.cu(1453): warning #177-D: variable "cse_v294" was declared but never referenced
      int cse_v294 = (((((((int)threadIdx.x) >> 6) * 4864) + (((((int)threadIdx.x) & 63) >> 4) * 304)) + ((((int)threadIdx.x) & 15) * 2)) + 2704);
          ^

tvm_kernels.cu(1483): warning #177-D: variable "cse_v81" was declared but never referenced
      int cse_v81 = (((((int)threadIdx.x) >> 6) * 28) + 21);
          ^

tvm_kernels.cu(1488): warning #177-D: variable "cse_v82" was declared but never referenced
      int cse_v82 = (((((int)threadIdx.x) >> 6) * 28) + 22);
          ^

tvm_kernels.cu(1489): warning #177-D: variable "cse_v295" was declared but never referenced
      int cse_v295 = (((((((int)threadIdx.x) >> 6) * 4864) + (((((int)threadIdx.x) & 63) >> 4) * 304)) + ((((int)threadIdx.x) & 15) * 2)) + 3649);
          ^

tvm_kernels.cu(1491): warning #177-D: variable "cse_v296" was declared but never referenced
      int cse_v296 = (((((((int)threadIdx.x) >> 6) * 4864) + (((((int)threadIdx.x) & 63) >> 4) * 304)) + ((((int)threadIdx.x) & 15) * 2)) + 3687);
          ^

tvm_kernels.cu(1493): warning #177-D: variable "cse_v297" was declared but never referenced
      int cse_v297 = (((((((int)threadIdx.x) >> 6) * 4864) + (((((int)threadIdx.x) & 63) >> 4) * 304)) + ((((int)threadIdx.x) & 15) * 2)) + 3725);
          ^

tvm_kernels.cu(1495): warning #177-D: variable "cse_v298" was declared but never referenced
      int cse_v298 = (((((((int)threadIdx.x) >> 6) * 4864) + (((((int)threadIdx.x) & 63) >> 4) * 304)) + ((((int)threadIdx.x) & 15) * 2)) + 3763);
          ^

tvm_kernels.cu(1497): warning #177-D: variable "cse_v83" was declared but never referenced
      int cse_v83 = (((((int)threadIdx.x) >> 6) * 28) + 23);
          ^

tvm_kernels.cu(1498): warning #177-D: variable "cse_v299" was declared but never referenced
      int cse_v299 = (((((((int)threadIdx.x) >> 6) * 4864) + (((((int)threadIdx.x) & 63) >> 4) * 304)) + ((((int)threadIdx.x) & 15) * 2)) + 3650);
          ^

tvm_kernels.cu(1500): warning #177-D: variable "cse_v300" was declared but never referenced
      int cse_v300 = (((((((int)threadIdx.x) >> 6) * 4864) + (((((int)threadIdx.x) & 63) >> 4) * 304)) + ((((int)threadIdx.x) & 15) * 2)) + 3688);
          ^

tvm_kernels.cu(1502): warning #177-D: variable "cse_v301" was declared but never referenced
      int cse_v301 = (((((((int)threadIdx.x) >> 6) * 4864) + (((((int)threadIdx.x) & 63) >> 4) * 304)) + ((((int)threadIdx.x) & 15) * 2)) + 3726);
          ^

tvm_kernels.cu(1504): warning #177-D: variable "cse_v302" was declared but never referenced
      int cse_v302 = (((((((int)threadIdx.x) >> 6) * 4864) + (((((int)threadIdx.x) & 63) >> 4) * 304)) + ((((int)threadIdx.x) & 15) * 2)) + 3764);
          ^

tvm_kernels.cu(1506): warning #177-D: variable "cse_v84" was declared but never referenced
      int cse_v84 = (((((int)threadIdx.x) >> 6) * 28) + 24);
          ^

tvm_kernels.cu(1507): warning #177-D: variable "cse_v303" was declared but never referenced
      int cse_v303 = (((((((int)threadIdx.x) >> 6) * 4864) + (((((int)threadIdx.x) & 63) >> 4) * 304)) + ((((int)threadIdx.x) & 15) * 2)) + 3651);
          ^

tvm_kernels.cu(1509): warning #177-D: variable "cse_v304" was declared but never referenced
      int cse_v304 = (((((((int)threadIdx.x) >> 6) * 4864) + (((((int)threadIdx.x) & 63) >> 4) * 304)) + ((((int)threadIdx.x) & 15) * 2)) + 3689);
          ^

tvm_kernels.cu(1511): warning #177-D: variable "cse_v305" was declared but never referenced
      int cse_v305 = (((((((int)threadIdx.x) >> 6) * 4864) + (((((int)threadIdx.x) & 63) >> 4) * 304)) + ((((int)threadIdx.x) & 15) * 2)) + 3727);
          ^

tvm_kernels.cu(1513): warning #177-D: variable "cse_v306" was declared but never referenced
      int cse_v306 = (((((((int)threadIdx.x) >> 6) * 4864) + (((((int)threadIdx.x) & 63) >> 4) * 304)) + ((((int)threadIdx.x) & 15) * 2)) + 3765);
          ^

tvm_kernels.cu(1515): warning #177-D: variable "cse_v85" was declared but never referenced
      int cse_v85 = (((((int)threadIdx.x) >> 6) * 28) + 25);
          ^

tvm_kernels.cu(1516): warning #177-D: variable "cse_v307" was declared but never referenced
      int cse_v307 = (((((((int)threadIdx.x) >> 6) * 4864) + (((((int)threadIdx.x) & 63) >> 4) * 304)) + ((((int)threadIdx.x) & 15) * 2)) + 3652);
          ^

tvm_kernels.cu(1518): warning #177-D: variable "cse_v308" was declared but never referenced
      int cse_v308 = (((((((int)threadIdx.x) >> 6) * 4864) + (((((int)threadIdx.x) & 63) >> 4) * 304)) + ((((int)threadIdx.x) & 15) * 2)) + 3690);
          ^

tvm_kernels.cu(1520): warning #177-D: variable "cse_v309" was declared but never referenced
      int cse_v309 = (((((((int)threadIdx.x) >> 6) * 4864) + (((((int)threadIdx.x) & 63) >> 4) * 304)) + ((((int)threadIdx.x) & 15) * 2)) + 3728);
          ^

tvm_kernels.cu(1522): warning #177-D: variable "cse_v310" was declared but never referenced
      int cse_v310 = (((((((int)threadIdx.x) >> 6) * 4864) + (((((int)threadIdx.x) & 63) >> 4) * 304)) + ((((int)threadIdx.x) & 15) * 2)) + 3766);
          ^

tvm_kernels.cu(1524): warning #177-D: variable "cse_v86" was declared but never referenced
      int cse_v86 = (((((int)threadIdx.x) >> 6) * 28) + 26);
          ^

tvm_kernels.cu(1525): warning #177-D: variable "cse_v311" was declared but never referenced
      int cse_v311 = (((((((int)threadIdx.x) >> 6) * 4864) + (((((int)threadIdx.x) & 63) >> 4) * 304)) + ((((int)threadIdx.x) & 15) * 2)) + 3653);
          ^

tvm_kernels.cu(1527): warning #177-D: variable "cse_v312" was declared but never referenced
      int cse_v312 = (((((((int)threadIdx.x) >> 6) * 4864) + (((((int)threadIdx.x) & 63) >> 4) * 304)) + ((((int)threadIdx.x) & 15) * 2)) + 3691);
          ^

tvm_kernels.cu(1529): warning #177-D: variable "cse_v313" was declared but never referenced
      int cse_v313 = (((((((int)threadIdx.x) >> 6) * 4864) + (((((int)threadIdx.x) & 63) >> 4) * 304)) + ((((int)threadIdx.x) & 15) * 2)) + 3729);
          ^

tvm_kernels.cu(1531): warning #177-D: variable "cse_v314" was declared but never referenced
      int cse_v314 = (((((((int)threadIdx.x) >> 6) * 4864) + (((((int)threadIdx.x) & 63) >> 4) * 304)) + ((((int)threadIdx.x) & 15) * 2)) + 3767);
          ^

tvm_kernels.cu(1533): warning #177-D: variable "cse_v87" was declared but never referenced
      int cse_v87 = (((((int)threadIdx.x) >> 6) * 28) + 27);
          ^

tvm_kernels.cu(1534): warning #177-D: variable "cse_v315" was declared but never referenced
      int cse_v315 = (((((((int)threadIdx.x) >> 6) * 4864) + (((((int)threadIdx.x) & 63) >> 4) * 304)) + ((((int)threadIdx.x) & 15) * 2)) + 3654);
          ^

tvm_kernels.cu(1536): warning #177-D: variable "cse_v316" was declared but never referenced
      int cse_v316 = (((((((int)threadIdx.x) >> 6) * 4864) + (((((int)threadIdx.x) & 63) >> 4) * 304)) + ((((int)threadIdx.x) & 15) * 2)) + 3692);
          ^

tvm_kernels.cu(1538): warning #177-D: variable "cse_v317" was declared but never referenced
      int cse_v317 = (((((((int)threadIdx.x) >> 6) * 4864) + (((((int)threadIdx.x) & 63) >> 4) * 304)) + ((((int)threadIdx.x) & 15) * 2)) + 3730);
          ^

tvm_kernels.cu(1540): warning #177-D: variable "cse_v318" was declared but never referenced
      int cse_v318 = (((((((int)threadIdx.x) >> 6) * 4864) + (((((int)threadIdx.x) & 63) >> 4) * 304)) + ((((int)threadIdx.x) & 15) * 2)) + 3768);
          ^

tvm_kernels.cu(1574): warning #177-D: variable "cse_v319" was declared but never referenced
      int cse_v319 = (((((((int)threadIdx.x) >> 6) * 4864) + (((((int)threadIdx.x) & 63) >> 4) * 304)) + ((((int)threadIdx.x) & 15) * 2)) + 3801);
          ^

tvm_kernels.cu(1576): warning #177-D: variable "cse_v320" was declared but never referenced
      int cse_v320 = (((((((int)threadIdx.x) >> 6) * 4864) + (((((int)threadIdx.x) & 63) >> 4) * 304)) + ((((int)threadIdx.x) & 15) * 2)) + 3839);
          ^

tvm_kernels.cu(1578): warning #177-D: variable "cse_v321" was declared but never referenced
      int cse_v321 = (((((((int)threadIdx.x) >> 6) * 4864) + (((((int)threadIdx.x) & 63) >> 4) * 304)) + ((((int)threadIdx.x) & 15) * 2)) + 3877);
          ^

tvm_kernels.cu(1580): warning #177-D: variable "cse_v322" was declared but never referenced
      int cse_v322 = (((((((int)threadIdx.x) >> 6) * 4864) + (((((int)threadIdx.x) & 63) >> 4) * 304)) + ((((int)threadIdx.x) & 15) * 2)) + 3915);
          ^

tvm_kernels.cu(1582): warning #177-D: variable "cse_v323" was declared but never referenced
      int cse_v323 = (((((((int)threadIdx.x) >> 6) * 4864) + (((((int)threadIdx.x) & 63) >> 4) * 304)) + ((((int)threadIdx.x) & 15) * 2)) + 3802);
          ^

tvm_kernels.cu(1584): warning #177-D: variable "cse_v324" was declared but never referenced
      int cse_v324 = (((((((int)threadIdx.x) >> 6) * 4864) + (((((int)threadIdx.x) & 63) >> 4) * 304)) + ((((int)threadIdx.x) & 15) * 2)) + 3840);
          ^

tvm_kernels.cu(1586): warning #177-D: variable "cse_v325" was declared but never referenced
      int cse_v325 = (((((((int)threadIdx.x) >> 6) * 4864) + (((((int)threadIdx.x) & 63) >> 4) * 304)) + ((((int)threadIdx.x) & 15) * 2)) + 3878);
          ^

tvm_kernels.cu(1588): warning #177-D: variable "cse_v326" was declared but never referenced
      int cse_v326 = (((((((int)threadIdx.x) >> 6) * 4864) + (((((int)threadIdx.x) & 63) >> 4) * 304)) + ((((int)threadIdx.x) & 15) * 2)) + 3916);
          ^

tvm_kernels.cu(1590): warning #177-D: variable "cse_v327" was declared but never referenced
      int cse_v327 = (((((((int)threadIdx.x) >> 6) * 4864) + (((((int)threadIdx.x) & 63) >> 4) * 304)) + ((((int)threadIdx.x) & 15) * 2)) + 3803);
          ^

tvm_kernels.cu(1592): warning #177-D: variable "cse_v328" was declared but never referenced
      int cse_v328 = (((((((int)threadIdx.x) >> 6) * 4864) + (((((int)threadIdx.x) & 63) >> 4) * 304)) + ((((int)threadIdx.x) & 15) * 2)) + 3841);
          ^

tvm_kernels.cu(1594): warning #177-D: variable "cse_v329" was declared but never referenced
      int cse_v329 = (((((((int)threadIdx.x) >> 6) * 4864) + (((((int)threadIdx.x) & 63) >> 4) * 304)) + ((((int)threadIdx.x) & 15) * 2)) + 3879);
          ^

tvm_kernels.cu(1596): warning #177-D: variable "cse_v330" was declared but never referenced
      int cse_v330 = (((((((int)threadIdx.x) >> 6) * 4864) + (((((int)threadIdx.x) & 63) >> 4) * 304)) + ((((int)threadIdx.x) & 15) * 2)) + 3917);
          ^

tvm_kernels.cu(1598): warning #177-D: variable "cse_v331" was declared but never referenced
      int cse_v331 = (((((((int)threadIdx.x) >> 6) * 4864) + (((((int)threadIdx.x) & 63) >> 4) * 304)) + ((((int)threadIdx.x) & 15) * 2)) + 3804);
          ^

tvm_kernels.cu(1600): warning #177-D: variable "cse_v332" was declared but never referenced
      int cse_v332 = (((((((int)threadIdx.x) >> 6) * 4864) + (((((int)threadIdx.x) & 63) >> 4) * 304)) + ((((int)threadIdx.x) & 15) * 2)) + 3842);
          ^

tvm_kernels.cu(1602): warning #177-D: variable "cse_v333" was declared but never referenced
      int cse_v333 = (((((((int)threadIdx.x) >> 6) * 4864) + (((((int)threadIdx.x) & 63) >> 4) * 304)) + ((((int)threadIdx.x) & 15) * 2)) + 3880);
          ^

tvm_kernels.cu(1604): warning #177-D: variable "cse_v334" was declared but never referenced
      int cse_v334 = (((((((int)threadIdx.x) >> 6) * 4864) + (((((int)threadIdx.x) & 63) >> 4) * 304)) + ((((int)threadIdx.x) & 15) * 2)) + 3918);
          ^

tvm_kernels.cu(1606): warning #177-D: variable "cse_v335" was declared but never referenced
      int cse_v335 = (((((((int)threadIdx.x) >> 6) * 4864) + (((((int)threadIdx.x) & 63) >> 4) * 304)) + ((((int)threadIdx.x) & 15) * 2)) + 3805);
          ^

tvm_kernels.cu(1608): warning #177-D: variable "cse_v336" was declared but never referenced
      int cse_v336 = (((((((int)threadIdx.x) >> 6) * 4864) + (((((int)threadIdx.x) & 63) >> 4) * 304)) + ((((int)threadIdx.x) & 15) * 2)) + 3843);
          ^

tvm_kernels.cu(1610): warning #177-D: variable "cse_v337" was declared but never referenced
      int cse_v337 = (((((((int)threadIdx.x) >> 6) * 4864) + (((((int)threadIdx.x) & 63) >> 4) * 304)) + ((((int)threadIdx.x) & 15) * 2)) + 3881);
          ^

tvm_kernels.cu(1612): warning #177-D: variable "cse_v338" was declared but never referenced
      int cse_v338 = (((((((int)threadIdx.x) >> 6) * 4864) + (((((int)threadIdx.x) & 63) >> 4) * 304)) + ((((int)threadIdx.x) & 15) * 2)) + 3919);
          ^

tvm_kernels.cu(1614): warning #177-D: variable "cse_v339" was declared but never referenced
      int cse_v339 = (((((((int)threadIdx.x) >> 6) * 4864) + (((((int)threadIdx.x) & 63) >> 4) * 304)) + ((((int)threadIdx.x) & 15) * 2)) + 3806);
          ^

tvm_kernels.cu(1616): warning #177-D: variable "cse_v340" was declared but never referenced
      int cse_v340 = (((((((int)threadIdx.x) >> 6) * 4864) + (((((int)threadIdx.x) & 63) >> 4) * 304)) + ((((int)threadIdx.x) & 15) * 2)) + 3844);
          ^

tvm_kernels.cu(1618): warning #177-D: variable "cse_v341" was declared but never referenced
      int cse_v341 = (((((((int)threadIdx.x) >> 6) * 4864) + (((((int)threadIdx.x) & 63) >> 4) * 304)) + ((((int)threadIdx.x) & 15) * 2)) + 3882);
          ^

tvm_kernels.cu(1620): warning #177-D: variable "cse_v342" was declared but never referenced
      int cse_v342 = (((((((int)threadIdx.x) >> 6) * 4864) + (((((int)threadIdx.x) & 63) >> 4) * 304)) + ((((int)threadIdx.x) & 15) * 2)) + 3920);
          ^

tvm_kernels.cu(217): warning #177-D: variable "cse_v1" was declared but never referenced
    int cse_v1 = (((int)blockIdx.x) >> 6);
        ^

tvm_kernels.cu(218): warning #177-D: variable "cse_v3" was declared but never referenced
    int cse_v3 = (((int)blockIdx.x) & 63);
        ^

tvm_kernels.cu(219): warning #177-D: variable "cse_v9" was declared but never referenced
    int cse_v9 = (((int)threadIdx.x) >> 6);
        ^

tvm_kernels.cu(220): warning #177-D: variable "cse_v11" was declared but never referenced
    int cse_v11 = ((((int)blockIdx.x) & 63) * 32);
        ^

tvm_kernels.cu(221): warning #177-D: variable "cse_v13" was declared but never referenced
    int cse_v13 = ((((int)blockIdx.x) >> 6) * 65536);
        ^

tvm_kernels.cu(222): warning #177-D: variable "cse_v17" was declared but never referenced
    int cse_v17 = ((((int)threadIdx.x) & 63) >> 4);
        ^

tvm_kernels.cu(223): warning #177-D: variable "cse_v18" was declared but never referenced
    int cse_v18 = ((((int)threadIdx.x) & 15) * 2);
        ^

tvm_kernels.cu(1651): warning #177-D: variable "cse_v343" was declared but never referenced
    int cse_v343 = ((((((((int)threadIdx.x) >> 6) * 16777216) + ((((int)blockIdx.x) >> 6) * 65536)) + (((((int)threadIdx.x) & 63) >> 4) * 16384)) + ((((int)blockIdx.x) & 63) * 32)) + ((((int)threadIdx.x) & 15) * 2));
        ^

tvm_kernels.cu(76): warning #177-D: function "__pack_half2" was declared but never referenced
  __pack_half2(const half x, const half y) {
  ^

tvm_kernels.cu(102): warning #177-D: function "hpow" was declared but never referenced
  CUDA_UNSUPPORTED_HALF_MATH_BINARY(hpow, powf)
  ^

tvm_kernels.cu(106): warning #177-D: function "htan" was declared but never referenced
  CUDA_UNSUPPORTED_HALF_MATH_UNARY(htan, tanf)
  ^

tvm_kernels.cu(107): warning #177-D: function "hatan" was declared but never referenced
  CUDA_UNSUPPORTED_HALF_MATH_UNARY(hatan, atanf)
  ^

tvm_kernels.cu(108): warning #177-D: function "herf" was declared but never referenced
  CUDA_UNSUPPORTED_HALF_MATH_UNARY(herf, erf)
  ^

5 errors detected in the compilation of "tvm_kernels.cu".

2026-08-26 16:03:14 [INFO] [task_scheduler.cc:144] [Task #0: main] Trial #78: GFLOPs: 10092.6436. Time: 325.8150 us. Best GFLOPs: 10765.0683
2026-08-26 16:03:14 [INFO] [task_scheduler.cc:144] [Task #0: main] Trial #79: GFLOPs: 8032.0215. Time: 409.4031 us. Best GFLOPs: 10765.0683
2026-08-26 16:03:14 [INFO] [task_scheduler.cc:144] [Task #0: main] Trial #80: GFLOPs: 9833.9793. Time: 334.3849 us. Best GFLOPs: 10765.0683
2026-08-26 16:03:14 [INFO] [task_scheduler.cc:144] [Task #0: main] Trial #81: GFLOPs: 8680.7256. Time: 378.8087 us. Best GFLOPs: 10765.0683
2026-08-26 16:03:14 [INFO] [task_scheduler.cc:144] [Task #0: main] Trial #82: GFLOPs: 3953.0470. Time: 831.8480 us. Best GFLOPs: 10765.0683
2026-08-26 16:03:14 [INFO] [task_scheduler.cc:144] [Task #0: main] Trial #83: GFLOPs: 2412.7675. Time: 1362.8890 us. Best GFLOPs: 10765.0683
2026-08-26 16:03:14 [INFO] [task_scheduler.cc:144] [Task #0: main] Trial #84: GFLOPs: 9522.7142. Time: 345.3148 us. Best GFLOPs: 10765.0683
2026-08-26 16:03:14 [INFO] [task_scheduler.cc:144] [Task #0: main] Trial #85: GFLOPs: 1134.8695. Time: 2897.5440 us. Best GFLOPs: 10765.0683
2026-08-26 16:03:14 [INFO] [task_scheduler.cc:144] [Task #0: main] Trial #86: GFLOPs: 1163.8932. Time: 2825.2887 us. Best GFLOPs: 10765.0683
2026-08-26 16:03:14 [INFO] [task_scheduler.cc:144] [Task #0: main] Trial #87: GFLOPs: 8248.8673. Time: 398.6407 us. Best GFLOPs: 10765.0683
2026-08-26 16:03:14 [INFO] [task_scheduler.cc:144] [Task #0: main] Trial #88: GFLOPs: 7052.3116. Time: 466.2775 us. Best GFLOPs: 10765.0683
2026-08-26 16:03:14 [INFO] [task_scheduler.cc:144] [Task #0: main] Trial #89: GFLOPs: 237.1386. Time: 13866.7164 us. Best GFLOPs: 10765.0683
2026-08-26 16:03:14 [INFO] [task_scheduler.cc:144] [Task #0: main] Trial #90: GFLOPs: 7866.5535. Time: 418.0146 us. Best GFLOPs: 10765.0683
2026-08-26 16:03:14 [INFO] [task_scheduler.cc:144] [Task #0: main] Trial #91: GFLOPs: 4266.7721. Time: 770.6843 us. Best GFLOPs: 10765.0683
2026-08-26 16:03:14 [INFO] [task_scheduler.cc:144] [Task #0: main] Trial #92: GFLOPs: 7887.9334. Time: 416.8816 us. Best GFLOPs: 10765.0683
2026-08-26 16:03:14 [INFO] [task_scheduler.cc:144] [Task #0: main] Trial #93: GFLOPs: 3355.5258. Time: 979.9759 us. Best GFLOPs: 10765.0683
2026-08-26 16:03:14 [INFO] [task_scheduler.cc:144] [Task #0: main] Trial #94: GFLOPs: 10677.9896. Time: 307.9544 us. Best GFLOPs: 10765.0683
2026-08-26 16:03:14 [INFO] [task_scheduler.cc:144] [Task #0: main] Trial #95: GFLOPs: 5211.7393. Time: 630.9476 us. Best GFLOPs: 10765.0683
2026-08-26 16:03:14 [INFO] [task_scheduler.cc:144] [Task #0: main] Trial #96: GFLOPs: 2352.4221. Time: 1397.8504 us. Best GFLOPs: 10765.0683
2026-08-26 16:03:14 [INFO] [task_scheduler.cc:144] [Task #0: main] Trial #97: GFLOPs: 1377.4774. Time: 2387.2148 us. Best GFLOPs: 10765.0683
2026-08-26 16:03:14 [INFO] [task_scheduler.cc:144] [Task #0: main] Trial #98: GFLOPs: 730.9402. Time: 4498.7733 us. Best GFLOPs: 10765.0683
2026-08-26 16:03:14 [INFO] [task_scheduler.cc:144] [Task #0: main] Trial #99: GFLOPs: 3239.2221. Time: 1015.1617 us. Best GFLOPs: 10765.0683
2026-08-26 16:03:14 [INFO] [task_scheduler.cc:144] [Task #0: main] Trial #100: GFLOPs: 4679.0923. Time: 702.7718 us. Best GFLOPs: 10765.0683
2026-08-26 16:03:14 [INFO] [task_scheduler.cc:144] [Task #0: main] Trial #101: GFLOPs: 992.3331. Time: 3313.7404 us. Best GFLOPs: 10765.0683
2026-08-26 16:03:14 [INFO] [task_scheduler.cc:144] [Task #0: main] Trial #102: GFLOPs: 2308.8739. Time: 1424.2156 us. Best GFLOPs: 10765.0683
2026-08-26 16:03:14 [INFO] [task_scheduler.cc:144] [Task #0: main] Trial #103: GFLOPs: 5657.8489. Time: 581.1987 us. Best GFLOPs: 10765.0683
2026-08-26 16:03:14 [INFO] [task_scheduler.cc:144] [Task #0: main] Trial #104: GFLOPs: 307.1071. Time: 10707.4531 us. Best GFLOPs: 10765.0683
2026-08-26 16:03:14 [INFO] [task_scheduler.cc:144] [Task #0: main] Trial #105: GFLOPs: 7755.2395. Time: 424.0145 us. Best GFLOPs: 10765.0683
2026-08-26 16:03:14 [INFO] [task_scheduler.cc:144] [Task #0: main] Trial #106: GFLOPs: 823.8072. Time: 3991.6308 us. Best GFLOPs: 10765.0683
2026-08-26 16:03:14 [INFO] [task_scheduler.cc:144] [Task #0: main] Trial #107: GFLOPs: 2092.4417. Time: 1571.5297 us. Best GFLOPs: 10765.0683
2026-08-26 16:03:14 [INFO] [task_scheduler.cc:144] [Task #0: main] Trial #108: GFLOPs: 669.9438. Time: 4908.3735 us. Best GFLOPs: 10765.0683
2026-08-26 16:03:14 [INFO] [task_scheduler.cc:144] [Task #0: main] Trial #109: GFLOPs: 9104.4100. Time: 361.1804 us. Best GFLOPs: 10765.0683
2026-08-26 16:03:14 [INFO] [task_scheduler.cc:144] [Task #0: main] Trial #110: GFLOPs: 570.0827. Time: 5768.1707 us. Best GFLOPs: 10765.0683
2026-08-26 16:03:14 [INFO] [task_scheduler.cc:144] [Task #0: main] Trial #111: GFLOPs: 2577.0062. Time: 1276.0289 us. Best GFLOPs: 10765.0683
2026-08-26 16:03:14 [INFO] [task_scheduler.cc:144] [Task #0: main] Trial #112: GFLOPs: 4930.3583. Time: 666.9565 us. Best GFLOPs: 10765.0683
2026-08-26 16:03:14 [INFO] [task_scheduler.cc:144] [Task #0: main] Trial #113: GFLOPs: 8405.8067. Time: 391.1979 us. Best GFLOPs: 10765.0683
2026-08-26 16:03:14 [INFO] [task_scheduler.cc:144] [Task #0: main] Trial #114: GFLOPs: 1611.6699. Time: 2040.3275 us. Best GFLOPs: 10765.0683
2026-08-26 16:03:14 [INFO] [task_scheduler.cc:144] [Task #0: main] Trial #115: GFLOPs: 326.8765. Time: 10059.8692 us. Best GFLOPs: 10765.0683
2026-08-26 16:03:14 [INFO] [task_scheduler.cc:144] [Task #0: main] Trial #116: GFLOPs: 5734.7855. Time: 573.4015 us. Best GFLOPs: 10765.0683
2026-08-26 16:03:14 [INFO] [task_scheduler.cc:144] [Task #0: main] Trial #117: GFLOPs: 9704.3656. Time: 338.8510 us. Best GFLOPs: 10765.0683
2026-08-26 16:03:14 [INFO] [task_scheduler.cc:144] [Task #0: main] Trial #118: GFLOPs: 4692.6808. Time: 700.7368 us. Best GFLOPs: 10765.0683
2026-08-26 16:03:14 [INFO] [task_scheduler.cc:144] [Task #0: main] Trial #119: GFLOPs: 4368.1524. Time: 752.7975 us. Best GFLOPs: 10765.0683
2026-08-26 16:03:14 [INFO] [task_scheduler.cc:144] [Task #0: main] Trial #120: GFLOPs: 6791.9336. Time: 484.1529 us. Best GFLOPs: 10765.0683
2026-08-26 16:03:14 [INFO] [task_scheduler.cc:144] [Task #0: main] Trial #121: GFLOPs: 7577.3672. Time: 433.9679 us. Best GFLOPs: 10765.0683
2026-08-26 16:03:14 [INFO] [task_scheduler.cc:144] [Task #0: main] Trial #122: GFLOPs: 295.4904. Time: 11128.3966 us. Best GFLOPs: 10765.0683
2026-08-26 16:03:14 [INFO] [task_scheduler.cc:144] [Task #0: main] Trial #123: GFLOPs: 5105.4483. Time: 644.0834 us. Best GFLOPs: 10765.0683
2026-08-26 16:03:14 [INFO] [task_scheduler.cc:144] [Task #0: main] Trial #124: GFLOPs: 8583.3357. Time: 383.1068 us. Best GFLOPs: 10765.0683
2026-08-26 16:03:14 [INFO] [task_scheduler.cc:144] [Task #0: main] Trial #125: GFLOPs: 865.5560. Time: 3799.1005 us. Best GFLOPs: 10765.0683
2026-08-26 16:03:14 [INFO] [task_scheduler.cc:144] [Task #0: main] Trial #126: GFLOPs: 993.0390. Time: 3311.3849 us. Best GFLOPs: 10765.0683
2026-08-26 16:03:14 [INFO] [task_scheduler.cc:144] [Task #0: main] Trial #127: GFLOPs: 2019.5835. Time: 1628.2240 us. Best GFLOPs: 10765.0683
2026-08-26 16:03:14 [INFO] [task_scheduler.cc:144] [Task #0: main] Trial #128: GFLOPs: 1831.0021. Time: 1795.9205 us. Best GFLOPs: 10765.0683
2026-08-26 16:03:14 [INFO] [evolutionary_search.cc:738] Generating candidates......
2026-08-26 16:03:15 [INFO] [evolutionary_search.cc:505] Pick-Best-From-Database summary:
Trace replay failures: 0 failure(s)
Postproc #0 [s_tir.meta_schedule.DisallowDynamicLoop]: 0 failure(s)
Postproc #1 [s_tir.meta_schedule.RewriteCooperativeFetch]: 0 failure(s)
Postproc #2 [s_tir.meta_schedule.RewriteUnboundBlock]: 0 failure(s)
Postproc #3 [s_tir.meta_schedule.RewriteParallelVectorizeUnroll]: 0 failure(s)
Postproc #4 [s_tir.meta_schedule.RewriteReductionBlock]: 0 failure(s)
Postproc #5 [s_tir.meta_schedule.VerifyGPUCode]: 0 failure(s)
Postproc #6 [s_tir.meta_schedule.RewriteTensorize]: 0 failure(s)
2026-08-26 16:03:15 [INFO] [evolutionary_search.cc:740] Picked top 102 candidate(s) from database
2026-08-26 16:03:16 [INFO] [evolutionary_search.cc:551] Sample-Init-Population summary:
Trace replay failures: 0 failure(s)
Postproc #0 [s_tir.meta_schedule.DisallowDynamicLoop]: 0 failure(s)
Postproc #1 [s_tir.meta_schedule.RewriteCooperativeFetch]: 0 failure(s)
Postproc #2 [s_tir.meta_schedule.RewriteUnboundBlock]: 0 failure(s)
Postproc #3 [s_tir.meta_schedule.RewriteParallelVectorizeUnroll]: 0 failure(s)
Postproc #4 [s_tir.meta_schedule.RewriteReductionBlock]: 0 failure(s)
Postproc #5 [s_tir.meta_schedule.VerifyGPUCode]: 409 failure(s)
Postproc #6 [s_tir.meta_schedule.RewriteTensorize]: 0 failure(s)
2026-08-26 16:03:17 [INFO] [evolutionary_search.cc:551] Sample-Init-Population summary:
Trace replay failures: 0 failure(s)
Postproc #0 [s_tir.meta_schedule.DisallowDynamicLoop]: 0 failure(s)
Postproc #1 [s_tir.meta_schedule.RewriteCooperativeFetch]: 0 failure(s)
Postproc #2 [s_tir.meta_schedule.RewriteUnboundBlock]: 0 failure(s)
Postproc #3 [s_tir.meta_schedule.RewriteParallelVectorizeUnroll]: 0 failure(s)
Postproc #4 [s_tir.meta_schedule.RewriteReductionBlock]: 0 failure(s)
Postproc #5 [s_tir.meta_schedule.VerifyGPUCode]: 817 failure(s)
Postproc #6 [s_tir.meta_schedule.RewriteTensorize]: 0 failure(s)
2026-08-26 16:03:17 [INFO] [evolutionary_search.cc:551] Sample-Init-Population summary:
Trace replay failures: 0 failure(s)
Postproc #0 [s_tir.meta_schedule.DisallowDynamicLoop]: 0 failure(s)
Postproc #1 [s_tir.meta_schedule.RewriteCooperativeFetch]: 0 failure(s)
Postproc #2 [s_tir.meta_schedule.RewriteUnboundBlock]: 0 failure(s)
Postproc #3 [s_tir.meta_schedule.RewriteParallelVectorizeUnroll]: 0 failure(s)
Postproc #4 [s_tir.meta_schedule.RewriteReductionBlock]: 0 failure(s)
Postproc #5 [s_tir.meta_schedule.VerifyGPUCode]: 1225 failure(s)
Postproc #6 [s_tir.meta_schedule.RewriteTensorize]: 0 failure(s)
2026-08-26 16:03:18 [INFO] [evolutionary_search.cc:551] Sample-Init-Population summary:
Trace replay failures: 0 failure(s)
Postproc #0 [s_tir.meta_schedule.DisallowDynamicLoop]: 0 failure(s)
Postproc #1 [s_tir.meta_schedule.RewriteCooperativeFetch]: 0 failure(s)
Postproc #2 [s_tir.meta_schedule.RewriteUnboundBlock]: 0 failure(s)
Postproc #3 [s_tir.meta_schedule.RewriteParallelVectorizeUnroll]: 0 failure(s)
Postproc #4 [s_tir.meta_schedule.RewriteReductionBlock]: 0 failure(s)
Postproc #5 [s_tir.meta_schedule.VerifyGPUCode]: 1635 failure(s)
Postproc #6 [s_tir.meta_schedule.RewriteTensorize]: 0 failure(s)
2026-08-26 16:03:19 [INFO] [evolutionary_search.cc:551] Sample-Init-Population summary:
Trace replay failures: 0 failure(s)
Postproc #0 [s_tir.meta_schedule.DisallowDynamicLoop]: 0 failure(s)
Postproc #1 [s_tir.meta_schedule.RewriteCooperativeFetch]: 0 failure(s)
Postproc #2 [s_tir.meta_schedule.RewriteUnboundBlock]: 0 failure(s)
Postproc #3 [s_tir.meta_schedule.RewriteParallelVectorizeUnroll]: 0 failure(s)
Postproc #4 [s_tir.meta_schedule.RewriteReductionBlock]: 0 failure(s)
Postproc #5 [s_tir.meta_schedule.VerifyGPUCode]: 2041 failure(s)
Postproc #6 [s_tir.meta_schedule.RewriteTensorize]: 0 failure(s)
2026-08-26 16:03:20 [INFO] [evolutionary_search.cc:551] Sample-Init-Population summary:
Trace replay failures: 0 failure(s)
Postproc #0 [s_tir.meta_schedule.DisallowDynamicLoop]: 0 failure(s)
Postproc #1 [s_tir.meta_schedule.RewriteCooperativeFetch]: 0 failure(s)
Postproc #2 [s_tir.meta_schedule.RewriteUnboundBlock]: 0 failure(s)
Postproc #3 [s_tir.meta_schedule.RewriteParallelVectorizeUnroll]: 0 failure(s)
Postproc #4 [s_tir.meta_schedule.RewriteReductionBlock]: 0 failure(s)
Postproc #5 [s_tir.meta_schedule.VerifyGPUCode]: 2448 failure(s)
Postproc #6 [s_tir.meta_schedule.RewriteTensorize]: 0 failure(s)
2026-08-26 16:03:21 [INFO] [evolutionary_search.cc:551] Sample-Init-Population summary:
Trace replay failures: 0 failure(s)
Postproc #0 [s_tir.meta_schedule.DisallowDynamicLoop]: 0 failure(s)
Postproc #1 [s_tir.meta_schedule.RewriteCooperativeFetch]: 0 failure(s)
Postproc #2 [s_tir.meta_schedule.RewriteUnboundBlock]: 0 failure(s)
Postproc #3 [s_tir.meta_schedule.RewriteParallelVectorizeUnroll]: 0 failure(s)
Postproc #4 [s_tir.meta_schedule.RewriteReductionBlock]: 0 failure(s)
Postproc #5 [s_tir.meta_schedule.VerifyGPUCode]: 2855 failure(s)
Postproc #6 [s_tir.meta_schedule.RewriteTensorize]: 0 failure(s)
2026-08-26 16:03:22 [INFO] [evolutionary_search.cc:551] Sample-Init-Population summary:
Trace replay failures: 0 failure(s)
Postproc #0 [s_tir.meta_schedule.DisallowDynamicLoop]: 0 failure(s)
Postproc #1 [s_tir.meta_schedule.RewriteCooperativeFetch]: 0 failure(s)
Postproc #2 [s_tir.meta_schedule.RewriteUnboundBlock]: 0 failure(s)
Postproc #3 [s_tir.meta_schedule.RewriteParallelVectorizeUnroll]: 0 failure(s)
Postproc #4 [s_tir.meta_schedule.RewriteReductionBlock]: 0 failure(s)
Postproc #5 [s_tir.meta_schedule.VerifyGPUCode]: 3264 failure(s)
Postproc #6 [s_tir.meta_schedule.RewriteTensorize]: 0 failure(s)
2026-08-26 16:03:23 [INFO] [evolutionary_search.cc:551] Sample-Init-Population summary:
Trace replay failures: 0 failure(s)
Postproc #0 [s_tir.meta_schedule.DisallowDynamicLoop]: 0 failure(s)
Postproc #1 [s_tir.meta_schedule.RewriteCooperativeFetch]: 0 failure(s)
Postproc #2 [s_tir.meta_schedule.RewriteUnboundBlock]: 0 failure(s)
Postproc #3 [s_tir.meta_schedule.RewriteParallelVectorizeUnroll]: 0 failure(s)
Postproc #4 [s_tir.meta_schedule.RewriteReductionBlock]: 0 failure(s)
Postproc #5 [s_tir.meta_schedule.VerifyGPUCode]: 3673 failure(s)
Postproc #6 [s_tir.meta_schedule.RewriteTensorize]: 0 failure(s)
2026-08-26 16:03:24 [INFO] [evolutionary_search.cc:551] Sample-Init-Population summary:
Trace replay failures: 0 failure(s)
Postproc #0 [s_tir.meta_schedule.DisallowDynamicLoop]: 0 failure(s)
Postproc #1 [s_tir.meta_schedule.RewriteCooperativeFetch]: 0 failure(s)
Postproc #2 [s_tir.meta_schedule.RewriteUnboundBlock]: 0 failure(s)
Postproc #3 [s_tir.meta_schedule.RewriteParallelVectorizeUnroll]: 0 failure(s)
Postproc #4 [s_tir.meta_schedule.RewriteReductionBlock]: 0 failure(s)
Postproc #5 [s_tir.meta_schedule.VerifyGPUCode]: 4082 failure(s)
Postproc #6 [s_tir.meta_schedule.RewriteTensorize]: 0 failure(s)
2026-08-26 16:03:25 [INFO] [evolutionary_search.cc:551] Sample-Init-Population summary:
Trace replay failures: 0 failure(s)
Postproc #0 [s_tir.meta_schedule.DisallowDynamicLoop]: 0 failure(s)
Postproc #1 [s_tir.meta_schedule.RewriteCooperativeFetch]: 0 failure(s)
Postproc #2 [s_tir.meta_schedule.RewriteUnboundBlock]: 0 failure(s)
Postproc #3 [s_tir.meta_schedule.RewriteParallelVectorizeUnroll]: 0 failure(s)
Postproc #4 [s_tir.meta_schedule.RewriteReductionBlock]: 0 failure(s)
Postproc #5 [s_tir.meta_schedule.VerifyGPUCode]: 4491 failure(s)
Postproc #6 [s_tir.meta_schedule.RewriteTensorize]: 0 failure(s)
2026-08-26 16:03:26 [INFO] [evolutionary_search.cc:551] Sample-Init-Population summary:
Trace replay failures: 0 failure(s)
Postproc #0 [s_tir.meta_schedule.DisallowDynamicLoop]: 0 failure(s)
Postproc #1 [s_tir.meta_schedule.RewriteCooperativeFetch]: 0 failure(s)
Postproc #2 [s_tir.meta_schedule.RewriteUnboundBlock]: 0 failure(s)
Postproc #3 [s_tir.meta_schedule.RewriteParallelVectorizeUnroll]: 0 failure(s)
Postproc #4 [s_tir.meta_schedule.RewriteReductionBlock]: 0 failure(s)
Postproc #5 [s_tir.meta_schedule.VerifyGPUCode]: 4898 failure(s)
Postproc #6 [s_tir.meta_schedule.RewriteTensorize]: 0 failure(s)
2026-08-26 16:03:27 [INFO] [evolutionary_search.cc:551] Sample-Init-Population summary:
Trace replay failures: 0 failure(s)
Postproc #0 [s_tir.meta_schedule.DisallowDynamicLoop]: 0 failure(s)
Postproc #1 [s_tir.meta_schedule.RewriteCooperativeFetch]: 0 failure(s)
Postproc #2 [s_tir.meta_schedule.RewriteUnboundBlock]: 0 failure(s)
Postproc #3 [s_tir.meta_schedule.RewriteParallelVectorizeUnroll]: 0 failure(s)
Postproc #4 [s_tir.meta_schedule.RewriteReductionBlock]: 0 failure(s)
Postproc #5 [s_tir.meta_schedule.VerifyGPUCode]: 5304 failure(s)
Postproc #6 [s_tir.meta_schedule.RewriteTensorize]: 0 failure(s)
2026-08-26 16:03:28 [INFO] [evolutionary_search.cc:551] Sample-Init-Population summary:
Trace replay failures: 0 failure(s)
Postproc #0 [s_tir.meta_schedule.DisallowDynamicLoop]: 0 failure(s)
Postproc #1 [s_tir.meta_schedule.RewriteCooperativeFetch]: 0 failure(s)
Postproc #2 [s_tir.meta_schedule.RewriteUnboundBlock]: 0 failure(s)
Postproc #3 [s_tir.meta_schedule.RewriteParallelVectorizeUnroll]: 0 failure(s)
Postproc #4 [s_tir.meta_schedule.RewriteReductionBlock]: 0 failure(s)
Postproc #5 [s_tir.meta_schedule.VerifyGPUCode]: 5712 failure(s)
Postproc #6 [s_tir.meta_schedule.RewriteTensorize]: 0 failure(s)
2026-08-26 16:03:28 [INFO] [evolutionary_search.cc:551] Sample-Init-Population summary:
Trace replay failures: 0 failure(s)
Postproc #0 [s_tir.meta_schedule.DisallowDynamicLoop]: 0 failure(s)
Postproc #1 [s_tir.meta_schedule.RewriteCooperativeFetch]: 0 failure(s)
Postproc #2 [s_tir.meta_schedule.RewriteUnboundBlock]: 0 failure(s)
Postproc #3 [s_tir.meta_schedule.RewriteParallelVectorizeUnroll]: 0 failure(s)
Postproc #4 [s_tir.meta_schedule.RewriteReductionBlock]: 0 failure(s)
Postproc #5 [s_tir.meta_schedule.VerifyGPUCode]: 6120 failure(s)
Postproc #6 [s_tir.meta_schedule.RewriteTensorize]: 0 failure(s)
2026-08-26 16:03:29 [INFO] [evolutionary_search.cc:551] Sample-Init-Population summary:
Trace replay failures: 0 failure(s)
Postproc #0 [s_tir.meta_schedule.DisallowDynamicLoop]: 0 failure(s)
Postproc #1 [s_tir.meta_schedule.RewriteCooperativeFetch]: 0 failure(s)
Postproc #2 [s_tir.meta_schedule.RewriteUnboundBlock]: 0 failure(s)
Postproc #3 [s_tir.meta_schedule.RewriteParallelVectorizeUnroll]: 0 failure(s)
Postproc #4 [s_tir.meta_schedule.RewriteReductionBlock]: 0 failure(s)
Postproc #5 [s_tir.meta_schedule.VerifyGPUCode]: 6528 failure(s)
Postproc #6 [s_tir.meta_schedule.RewriteTensorize]: 0 failure(s)
2026-08-26 16:03:30 [INFO] [evolutionary_search.cc:551] Sample-Init-Population summary:
Trace replay failures: 0 failure(s)
Postproc #0 [s_tir.meta_schedule.DisallowDynamicLoop]: 0 failure(s)
Postproc #1 [s_tir.meta_schedule.RewriteCooperativeFetch]: 0 failure(s)
Postproc #2 [s_tir.meta_schedule.RewriteUnboundBlock]: 0 failure(s)
Postproc #3 [s_tir.meta_schedule.RewriteParallelVectorizeUnroll]: 0 failure(s)
Postproc #4 [s_tir.meta_schedule.RewriteReductionBlock]: 0 failure(s)
Postproc #5 [s_tir.meta_schedule.VerifyGPUCode]: 6935 failure(s)
Postproc #6 [s_tir.meta_schedule.RewriteTensorize]: 0 failure(s)
2026-08-26 16:03:31 [INFO] [evolutionary_search.cc:551] Sample-Init-Population summary:
Trace replay failures: 0 failure(s)
Postproc #0 [s_tir.meta_schedule.DisallowDynamicLoop]: 0 failure(s)
Postproc #1 [s_tir.meta_schedule.RewriteCooperativeFetch]: 0 failure(s)
Postproc #2 [s_tir.meta_schedule.RewriteUnboundBlock]: 0 failure(s)
Postproc #3 [s_tir.meta_schedule.RewriteParallelVectorizeUnroll]: 0 failure(s)
Postproc #4 [s_tir.meta_schedule.RewriteReductionBlock]: 0 failure(s)
Postproc #5 [s_tir.meta_schedule.VerifyGPUCode]: 7340 failure(s)
Postproc #6 [s_tir.meta_schedule.RewriteTensorize]: 0 failure(s)
2026-08-26 16:03:32 [INFO] [evolutionary_search.cc:551] Sample-Init-Population summary:
Trace replay failures: 0 failure(s)
Postproc #0 [s_tir.meta_schedule.DisallowDynamicLoop]: 0 failure(s)
Postproc #1 [s_tir.meta_schedule.RewriteCooperativeFetch]: 0 failure(s)
Postproc #2 [s_tir.meta_schedule.RewriteUnboundBlock]: 0 failure(s)
Postproc #3 [s_tir.meta_schedule.RewriteParallelVectorizeUnroll]: 0 failure(s)
Postproc #4 [s_tir.meta_schedule.RewriteReductionBlock]: 0 failure(s)
Postproc #5 [s_tir.meta_schedule.VerifyGPUCode]: 7744 failure(s)
Postproc #6 [s_tir.meta_schedule.RewriteTensorize]: 0 failure(s)
2026-08-26 16:03:33 [INFO] [evolutionary_search.cc:551] Sample-Init-Population summary:
Trace replay failures: 0 failure(s)
Postproc #0 [s_tir.meta_schedule.DisallowDynamicLoop]: 0 failure(s)
Postproc #1 [s_tir.meta_schedule.RewriteCooperativeFetch]: 0 failure(s)
Postproc #2 [s_tir.meta_schedule.RewriteUnboundBlock]: 0 failure(s)
Postproc #3 [s_tir.meta_schedule.RewriteParallelVectorizeUnroll]: 0 failure(s)
Postproc #4 [s_tir.meta_schedule.RewriteReductionBlock]: 0 failure(s)
Postproc #5 [s_tir.meta_schedule.VerifyGPUCode]: 8150 failure(s)
Postproc #6 [s_tir.meta_schedule.RewriteTensorize]: 0 failure(s)
2026-08-26 16:03:33 [INFO] [evolutionary_search.cc:748] Sampled 50 candidate(s)
2026-08-26 16:03:35 [INFO] [evolutionary_search.cc:645] Evolve iter #0 done. Summary:
Trace replay failures: 0 failure(s)
Postproc #0 [s_tir.meta_schedule.DisallowDynamicLoop]: 0 failure(s)
Postproc #1 [s_tir.meta_schedule.RewriteCooperativeFetch]: 0 failure(s)
Postproc #2 [s_tir.meta_schedule.RewriteUnboundBlock]: 0 failure(s)
Postproc #3 [s_tir.meta_schedule.RewriteParallelVectorizeUnroll]: 0 failure(s)
Postproc #4 [s_tir.meta_schedule.RewriteReductionBlock]: 0 failure(s)
Postproc #5 [s_tir.meta_schedule.VerifyGPUCode]: 37 failure(s)
Postproc #6 [s_tir.meta_schedule.RewriteTensorize]: 0 failure(s)
2026-08-26 16:03:38 [INFO] [evolutionary_search.cc:645] Evolve iter #1 done. Summary:
Trace replay failures: 0 failure(s)
Postproc #0 [s_tir.meta_schedule.DisallowDynamicLoop]: 0 failure(s)
Postproc #1 [s_tir.meta_schedule.RewriteCooperativeFetch]: 0 failure(s)
Postproc #2 [s_tir.meta_schedule.RewriteUnboundBlock]: 0 failure(s)
Postproc #3 [s_tir.meta_schedule.RewriteParallelVectorizeUnroll]: 0 failure(s)
Postproc #4 [s_tir.meta_schedule.RewriteReductionBlock]: 0 failure(s)
Postproc #5 [s_tir.meta_schedule.VerifyGPUCode]: 37 failure(s)
Postproc #6 [s_tir.meta_schedule.RewriteTensorize]: 0 failure(s)
2026-08-26 16:03:41 [INFO] [evolutionary_search.cc:645] Evolve iter #2 done. Summary:
Trace replay failures: 0 failure(s)
Postproc #0 [s_tir.meta_schedule.DisallowDynamicLoop]: 0 failure(s)
Postproc #1 [s_tir.meta_schedule.RewriteCooperativeFetch]: 0 failure(s)
Postproc #2 [s_tir.meta_schedule.RewriteUnboundBlock]: 0 failure(s)
Postproc #3 [s_tir.meta_schedule.RewriteParallelVectorizeUnroll]: 0 failure(s)
Postproc #4 [s_tir.meta_schedule.RewriteReductionBlock]: 0 failure(s)
Postproc #5 [s_tir.meta_schedule.VerifyGPUCode]: 29 failure(s)
Postproc #6 [s_tir.meta_schedule.RewriteTensorize]: 0 failure(s)
2026-08-26 16:03:44 [INFO] [evolutionary_search.cc:645] Evolve iter #3 done. Summary:
Trace replay failures: 0 failure(s)
Postproc #0 [s_tir.meta_schedule.DisallowDynamicLoop]: 0 failure(s)
Postproc #1 [s_tir.meta_schedule.RewriteCooperativeFetch]: 0 failure(s)
Postproc #2 [s_tir.meta_schedule.RewriteUnboundBlock]: 0 failure(s)
Postproc #3 [s_tir.meta_schedule.RewriteParallelVectorizeUnroll]: 0 failure(s)
Postproc #4 [s_tir.meta_schedule.RewriteReductionBlock]: 0 failure(s)
Postproc #5 [s_tir.meta_schedule.VerifyGPUCode]: 50 failure(s)
Postproc #6 [s_tir.meta_schedule.RewriteTensorize]: 0 failure(s)
2026-08-26 16:03:45 [INFO] [evolutionary_search.cc:673] Scores of the best 64 candidates:
[1 : 16]:	0.9502  0.9502  0.9421  0.9414  0.9348  0.9348  0.9324  0.9221  0.9221  0.9221  0.9134  0.9072  0.9072  0.9072  0.9037  0.9035
[17 : 32]:	0.8989  0.8989  0.8969  0.8969  0.8897  0.8892  0.8883  0.8883  0.8883  0.8867  0.8867  0.8862  0.8806  0.8806  0.8757  0.8757
[33 : 48]:	0.8757  0.8747  0.8746  0.8731  0.8698  0.8655  0.8636  0.8630  0.8630  0.8630  0.8630  0.8630  0.8587  0.8575  0.8575  0.8570
[49 : 64]:	0.8549  0.8544  0.8514  0.8500  0.8500  0.8498  0.8477  0.8477  0.8477  0.8457  0.8441  0.8441  0.8425  0.8392  0.8360  0.8350
2026-08-26 16:03:45 [INFO] [evolutionary_search.cc:752] Got 64 candidate(s) with evolutionary search
2026-08-26 16:03:45 [INFO] [evolutionary_search.cc:755] Sending 64 candidates(s) for measurement
2026-08-26 16:04:34 [INFO] [task_scheduler.cc:144] [Task #0: main] Trial #129: GFLOPs: 10115.9728. Time: 325.0636 us. Best GFLOPs: 10765.0683
2026-08-26 16:04:34 [INFO] [task_scheduler.cc:144] [Task #0: main] Trial #130: GFLOPs: 10673.5971. Time: 308.0812 us. Best GFLOPs: 10765.0683
2026-08-26 16:04:34 [INFO] [task_scheduler.cc:144] [Task #0: main] Trial #131: GFLOPs: 10783.8868. Time: 304.9303 us. Best GFLOPs: 10783.8868
2026-08-26 16:04:34 [INFO] [task_scheduler.cc:144] [Task #0: main] Trial #132: GFLOPs: 9018.0376. Time: 364.6397 us. Best GFLOPs: 10783.8868
2026-08-26 16:04:34 [INFO] [task_scheduler.cc:144] [Task #0: main] Trial #133: GFLOPs: 10007.7510. Time: 328.5788 us. Best GFLOPs: 10783.8868
2026-08-26 16:04:34 [INFO] [task_scheduler.cc:144] [Task #0: main] Trial #134: GFLOPs: 10099.4726. Time: 325.5947 us. Best GFLOPs: 10783.8868
2026-08-26 16:04:34 [INFO] [task_scheduler.cc:144] [Task #0: main] Trial #135: GFLOPs: 10713.3295. Time: 306.9386 us. Best GFLOPs: 10783.8868
2026-08-26 16:04:34 [INFO] [task_scheduler.cc:144] [Task #0: main] Trial #136: GFLOPs: 10090.6549. Time: 325.8792 us. Best GFLOPs: 10783.8868
2026-08-26 16:04:34 [INFO] [task_scheduler.cc:144] [Task #0: main] Trial #137: GFLOPs: 9487.9352. Time: 346.5806 us. Best GFLOPs: 10783.8868
2026-08-26 16:04:34 [INFO] [task_scheduler.cc:144] [Task #0: main] Trial #138: GFLOPs: 8657.2687. Time: 379.8351 us. Best GFLOPs: 10783.8868
2026-08-26 16:04:34 [INFO] [task_scheduler.cc:144] [Task #0: main] Trial #139: GFLOPs: 9433.2184. Time: 348.5909 us. Best GFLOPs: 10783.8868
2026-08-26 16:04:34 [INFO] [task_scheduler.cc:144] [Task #0: main] Trial #140: GFLOPs: 8469.4638. Time: 388.2577 us. Best GFLOPs: 10783.8868
2026-08-26 16:04:34 [INFO] [task_scheduler.cc:144] [Task #0: main] Trial #141: GFLOPs: 7020.6493. Time: 468.3804 us. Best GFLOPs: 10783.8868
2026-08-26 16:04:34 [INFO] [task_scheduler.cc:144] [Task #0: main] Trial #142: GFLOPs: 9988.8773. Time: 329.1996 us. Best GFLOPs: 10783.8868
2026-08-26 16:04:34 [INFO] [task_scheduler.cc:144] [Task #0: main] Trial #143: GFLOPs: 8849.0960. Time: 371.6012 us. Best GFLOPs: 10783.8868
2026-08-26 16:04:34 [INFO] [task_scheduler.cc:144] [Task #0: main] Trial #144: GFLOPs: 9257.5940. Time: 355.2040 us. Best GFLOPs: 10783.8868
2026-08-26 16:04:34 [INFO] [task_scheduler.cc:144] [Task #0: main] Trial #145: GFLOPs: 10337.3736. Time: 318.1015 us. Best GFLOPs: 10783.8868
2026-08-26 16:04:34 [INFO] [task_scheduler.cc:144] [Task #0: main] Trial #146: GFLOPs: 9472.2551. Time: 347.1543 us. Best GFLOPs: 10783.8868
2026-08-26 16:04:34 [INFO] [task_scheduler.cc:144] [Task #0: main] Trial #147: GFLOPs: 11032.8397. Time: 298.0497 us. Best GFLOPs: 11032.8397
2026-08-26 16:04:34 [INFO] [task_scheduler.cc:144] [Task #0: main] Trial #148: GFLOPs: 9730.2332. Time: 337.9502 us. Best GFLOPs: 11032.8397
2026-08-26 16:04:34 [INFO] [task_scheduler.cc:144] [Task #0: main] Trial #149: GFLOPs: 7982.9164. Time: 411.9214 us. Best GFLOPs: 11032.8397
2026-08-26 16:04:34 [INFO] [task_scheduler.cc:144] [Task #0: main] Trial #150: GFLOPs: 9283.9686. Time: 354.1949 us. Best GFLOPs: 11032.8397
2026-08-26 16:04:34 [INFO] [task_scheduler.cc:144] [Task #0: main] Trial #151: GFLOPs: 8687.4060. Time: 378.5174 us. Best GFLOPs: 11032.8397
2026-08-26 16:04:34 [INFO] [task_scheduler.cc:144] [Task #0: main] Trial #152: GFLOPs: 9405.0534. Time: 349.6348 us. Best GFLOPs: 11032.8397
2026-08-26 16:04:34 [INFO] [task_scheduler.cc:144] [Task #0: main] Trial #153: GFLOPs: 10108.5813. Time: 325.3013 us. Best GFLOPs: 11032.8397
2026-08-26 16:04:34 [INFO] [task_scheduler.cc:144] [Task #0: main] Trial #154: GFLOPs: 9753.5975. Time: 337.1407 us. Best GFLOPs: 11032.8397
2026-08-26 16:04:34 [INFO] [task_scheduler.cc:144] [Task #0: main] Trial #155: GFLOPs: 9846.5807. Time: 333.9570 us. Best GFLOPs: 11032.8397
2026-08-26 16:04:34 [INFO] [task_scheduler.cc:144] [Task #0: main] Trial #156: GFLOPs: 9113.0854. Time: 360.8366 us. Best GFLOPs: 11032.8397
2026-08-26 16:04:34 [INFO] [task_scheduler.cc:144] [Task #0: main] Trial #157: GFLOPs: 8220.6072. Time: 400.0111 us. Best GFLOPs: 11032.8397
2026-08-26 16:04:34 [INFO] [task_scheduler.cc:144] [Task #0: main] Trial #158: GFLOPs: 7074.1148. Time: 464.8404 us. Best GFLOPs: 11032.8397
2026-08-26 16:04:34 [INFO] [task_scheduler.cc:144] [Task #0: main] Trial #159: GFLOPs: 9208.2679. Time: 357.1067 us. Best GFLOPs: 11032.8397
2026-08-26 16:04:34 [INFO] [task_scheduler.cc:144] [Task #0: main] Trial #160: GFLOPs: 9856.4078. Time: 333.6240 us. Best GFLOPs: 11032.8397
2026-08-26 16:04:34 [INFO] [task_scheduler.cc:144] [Task #0: main] Trial #161: GFLOPs: 9681.9475. Time: 339.6356 us. Best GFLOPs: 11032.8397
2026-08-26 16:04:34 [INFO] [task_scheduler.cc:144] [Task #0: main] Trial #162: GFLOPs: 9490.8206. Time: 346.4752 us. Best GFLOPs: 11032.8397
2026-08-26 16:04:34 [INFO] [task_scheduler.cc:144] [Task #0: main] Trial #163: GFLOPs: 8471.7698. Time: 388.1520 us. Best GFLOPs: 11032.8397
2026-08-26 16:04:34 [INFO] [task_scheduler.cc:144] [Task #0: main] Trial #164: GFLOPs: 6910.9653. Time: 475.8140 us. Best GFLOPs: 11032.8397
2026-08-26 16:04:34 [INFO] [task_scheduler.cc:144] [Task #0: main] Trial #165: GFLOPs: 6044.7679. Time: 543.9968 us. Best GFLOPs: 11032.8397
2026-08-26 16:04:34 [INFO] [task_scheduler.cc:144] [Task #0: main] Trial #166: GFLOPs: 8571.0447. Time: 383.6562 us. Best GFLOPs: 11032.8397
2026-08-26 16:04:34 [INFO] [task_scheduler.cc:144] [Task #0: main] Trial #167: GFLOPs: 10175.4871. Time: 323.1623 us. Best GFLOPs: 11032.8397
2026-08-26 16:04:34 [INFO] [task_scheduler.cc:144] [Task #0: main] Trial #168: GFLOPs: 9576.9053. Time: 343.3609 us. Best GFLOPs: 11032.8397
2026-08-26 16:04:34 [INFO] [task_scheduler.cc:144] [Task #0: main] Trial #169: GFLOPs: 9679.1691. Time: 339.7331 us. Best GFLOPs: 11032.8397
2026-08-26 16:04:34 [INFO] [task_scheduler.cc:144] [Task #0: main] Trial #170: GFLOPs: 8901.9309. Time: 369.3956 us. Best GFLOPs: 11032.8397
2026-08-26 16:04:34 [INFO] [task_scheduler.cc:144] [Task #0: main] Trial #171: GFLOPs: 8796.5658. Time: 373.8202 us. Best GFLOPs: 11032.8397
2026-08-26 16:04:34 [INFO] [task_scheduler.cc:144] [Task #0: main] Trial #172: GFLOPs: 8676.2122. Time: 379.0058 us. Best GFLOPs: 11032.8397
2026-08-26 16:04:34 [INFO] [task_scheduler.cc:144] [Task #0: main] Trial #173: GFLOPs: 9827.4394. Time: 334.6074 us. Best GFLOPs: 11032.8397
2026-08-26 16:04:34 [INFO] [task_scheduler.cc:144] [Task #0: main] Trial #174: GFLOPs: 8383.4626. Time: 392.2406 us. Best GFLOPs: 11032.8397
2026-08-26 16:04:34 [INFO] [task_scheduler.cc:144] [Task #0: main] Trial #175: GFLOPs: 8018.8049. Time: 410.0779 us. Best GFLOPs: 11032.8397
2026-08-26 16:04:34 [INFO] [task_scheduler.cc:144] [Task #0: main] Trial #176: GFLOPs: 7494.6192. Time: 438.7594 us. Best GFLOPs: 11032.8397
2026-08-26 16:04:34 [INFO] [task_scheduler.cc:144] [Task #0: main] Trial #177: GFLOPs: 10028.6383. Time: 327.8944 us. Best GFLOPs: 11032.8397
2026-08-26 16:04:34 [INFO] [task_scheduler.cc:144] [Task #0: main] Trial #178: GFLOPs: 9551.5983. Time: 344.2706 us. Best GFLOPs: 11032.8397
2026-08-26 16:04:34 [INFO] [task_scheduler.cc:144] [Task #0: main] Trial #179: GFLOPs: 6832.7660. Time: 481.2596 us. Best GFLOPs: 11032.8397
2026-08-26 16:04:34 [INFO] [task_scheduler.cc:144] [Task #0: main] Trial #180: GFLOPs: 9353.0419. Time: 351.5791 us. Best GFLOPs: 11032.8397
2026-08-26 16:04:34 [INFO] [task_scheduler.cc:144] [Task #0: main] Trial #181: GFLOPs: 10867.9060. Time: 302.5729 us. Best GFLOPs: 11032.8397
2026-08-26 16:04:34 [INFO] [task_scheduler.cc:144] [Task #0: main] Trial #182: GFLOPs: 9901.7038. Time: 332.0978 us. Best GFLOPs: 11032.8397
2026-08-26 16:04:34 [INFO] [task_scheduler.cc:144] [Task #0: main] Trial #183: GFLOPs: 9536.7668. Time: 344.8060 us. Best GFLOPs: 11032.8397
2026-08-26 16:04:34 [INFO] [task_scheduler.cc:144] [Task #0: main] Trial #184: GFLOPs: 9531.9639. Time: 344.9797 us. Best GFLOPs: 11032.8397
2026-08-26 16:04:34 [INFO] [task_scheduler.cc:144] [Task #0: main] Trial #185: GFLOPs: 9670.5723. Time: 340.0351 us. Best GFLOPs: 11032.8397
2026-08-26 16:04:34 [INFO] [task_scheduler.cc:144] [Task #0: main] Trial #186: GFLOPs: 10331.9114. Time: 318.2697 us. Best GFLOPs: 11032.8397
2026-08-26 16:04:34 [INFO] [task_scheduler.cc:144] [Task #0: main] Trial #187: GFLOPs: 8421.9495. Time: 390.4481 us. Best GFLOPs: 11032.8397
2026-08-26 16:04:34 [INFO] [task_scheduler.cc:144] [Task #0: main] Trial #188: GFLOPs: 8498.2077. Time: 386.9445 us. Best GFLOPs: 11032.8397
2026-08-26 16:04:34 [INFO] [task_scheduler.cc:144] [Task #0: main] Trial #189: GFLOPs: 9657.1378. Time: 340.5082 us. Best GFLOPs: 11032.8397
2026-08-26 16:04:34 [INFO] [task_scheduler.cc:144] [Task #0: main] Trial #190: GFLOPs: 1323.7127. Time: 2484.1752 us. Best GFLOPs: 11032.8397
2026-08-26 16:04:34 [INFO] [task_scheduler.cc:144] [Task #0: main] Trial #191: GFLOPs: 1295.3718. Time: 2538.5255 us. Best GFLOPs: 11032.8397
2026-08-26 16:04:34 [INFO] [task_scheduler.cc:144] [Task #0: main] Trial #192: GFLOPs: 745.0202. Time: 4413.7517 us. Best GFLOPs: 11032.8397
2026-08-26 16:04:34 [INFO] [evolutionary_search.cc:738] Generating candidates......
2026-08-26 16:04:34 [INFO] [evolutionary_search.cc:505] Pick-Best-From-Database summary:
Trace replay failures: 0 failure(s)
Postproc #0 [s_tir.meta_schedule.DisallowDynamicLoop]: 0 failure(s)
Postproc #1 [s_tir.meta_schedule.RewriteCooperativeFetch]: 0 failure(s)
Postproc #2 [s_tir.meta_schedule.RewriteUnboundBlock]: 0 failure(s)
Postproc #3 [s_tir.meta_schedule.RewriteParallelVectorizeUnroll]: 0 failure(s)
Postproc #4 [s_tir.meta_schedule.RewriteReductionBlock]: 0 failure(s)
Postproc #5 [s_tir.meta_schedule.VerifyGPUCode]: 0 failure(s)
Postproc #6 [s_tir.meta_schedule.RewriteTensorize]: 0 failure(s)
2026-08-26 16:04:34 [INFO] [evolutionary_search.cc:740] Picked top 102 candidate(s) from database
2026-08-26 16:04:35 [INFO] [evolutionary_search.cc:551] Sample-Init-Population summary:
Trace replay failures: 0 failure(s)
Postproc #0 [s_tir.meta_schedule.DisallowDynamicLoop]: 0 failure(s)
Postproc #1 [s_tir.meta_schedule.RewriteCooperativeFetch]: 0 failure(s)
Postproc #2 [s_tir.meta_schedule.RewriteUnboundBlock]: 0 failure(s)
Postproc #3 [s_tir.meta_schedule.RewriteParallelVectorizeUnroll]: 0 failure(s)
Postproc #4 [s_tir.meta_schedule.RewriteReductionBlock]: 0 failure(s)
Postproc #5 [s_tir.meta_schedule.VerifyGPUCode]: 409 failure(s)
Postproc #6 [s_tir.meta_schedule.RewriteTensorize]: 0 failure(s)
2026-08-26 16:04:36 [INFO] [evolutionary_search.cc:551] Sample-Init-Population summary:
Trace replay failures: 0 failure(s)
Postproc #0 [s_tir.meta_schedule.DisallowDynamicLoop]: 0 failure(s)
Postproc #1 [s_tir.meta_schedule.RewriteCooperativeFetch]: 0 failure(s)
Postproc #2 [s_tir.meta_schedule.RewriteUnboundBlock]: 0 failure(s)
Postproc #3 [s_tir.meta_schedule.RewriteParallelVectorizeUnroll]: 0 failure(s)
Postproc #4 [s_tir.meta_schedule.RewriteReductionBlock]: 0 failure(s)
Postproc #5 [s_tir.meta_schedule.VerifyGPUCode]: 815 failure(s)
Postproc #6 [s_tir.meta_schedule.RewriteTensorize]: 0 failure(s)
2026-08-26 16:04:37 [INFO] [evolutionary_search.cc:551] Sample-Init-Population summary:
Trace replay failures: 0 failure(s)
Postproc #0 [s_tir.meta_schedule.DisallowDynamicLoop]: 0 failure(s)
Postproc #1 [s_tir.meta_schedule.RewriteCooperativeFetch]: 0 failure(s)
Postproc #2 [s_tir.meta_schedule.RewriteUnboundBlock]: 0 failure(s)
Postproc #3 [s_tir.meta_schedule.RewriteParallelVectorizeUnroll]: 0 failure(s)
Postproc #4 [s_tir.meta_schedule.RewriteReductionBlock]: 0 failure(s)
Postproc #5 [s_tir.meta_schedule.VerifyGPUCode]: 1221 failure(s)
Postproc #6 [s_tir.meta_schedule.RewriteTensorize]: 0 failure(s)
2026-08-26 16:04:38 [INFO] [evolutionary_search.cc:551] Sample-Init-Population summary:
Trace replay failures: 0 failure(s)
Postproc #0 [s_tir.meta_schedule.DisallowDynamicLoop]: 0 failure(s)
Postproc #1 [s_tir.meta_schedule.RewriteCooperativeFetch]: 0 failure(s)
Postproc #2 [s_tir.meta_schedule.RewriteUnboundBlock]: 0 failure(s)
Postproc #3 [s_tir.meta_schedule.RewriteParallelVectorizeUnroll]: 0 failure(s)
Postproc #4 [s_tir.meta_schedule.RewriteReductionBlock]: 0 failure(s)
Postproc #5 [s_tir.meta_schedule.VerifyGPUCode]: 1631 failure(s)
Postproc #6 [s_tir.meta_schedule.RewriteTensorize]: 0 failure(s)
2026-08-26 16:04:39 [INFO] [evolutionary_search.cc:551] Sample-Init-Population summary:
Trace replay failures: 0 failure(s)
Postproc #0 [s_tir.meta_schedule.DisallowDynamicLoop]: 0 failure(s)
Postproc #1 [s_tir.meta_schedule.RewriteCooperativeFetch]: 0 failure(s)
Postproc #2 [s_tir.meta_schedule.RewriteUnboundBlock]: 0 failure(s)
Postproc #3 [s_tir.meta_schedule.RewriteParallelVectorizeUnroll]: 0 failure(s)
Postproc #4 [s_tir.meta_schedule.RewriteReductionBlock]: 0 failure(s)
Postproc #5 [s_tir.meta_schedule.VerifyGPUCode]: 2038 failure(s)
Postproc #6 [s_tir.meta_schedule.RewriteTensorize]: 0 failure(s)
2026-08-26 16:04:40 [INFO] [evolutionary_search.cc:551] Sample-Init-Population summary:
Trace replay failures: 0 failure(s)
Postproc #0 [s_tir.meta_schedule.DisallowDynamicLoop]: 0 failure(s)
Postproc #1 [s_tir.meta_schedule.RewriteCooperativeFetch]: 0 failure(s)
Postproc #2 [s_tir.meta_schedule.RewriteUnboundBlock]: 0 failure(s)
Postproc #3 [s_tir.meta_schedule.RewriteParallelVectorizeUnroll]: 0 failure(s)
Postproc #4 [s_tir.meta_schedule.RewriteReductionBlock]: 0 failure(s)
Postproc #5 [s_tir.meta_schedule.VerifyGPUCode]: 2447 failure(s)
Postproc #6 [s_tir.meta_schedule.RewriteTensorize]: 0 failure(s)
2026-08-26 16:04:40 [INFO] [evolutionary_search.cc:551] Sample-Init-Population summary:
Trace replay failures: 0 failure(s)
Postproc #0 [s_tir.meta_schedule.DisallowDynamicLoop]: 0 failure(s)
Postproc #1 [s_tir.meta_schedule.RewriteCooperativeFetch]: 0 failure(s)
Postproc #2 [s_tir.meta_schedule.RewriteUnboundBlock]: 0 failure(s)
Postproc #3 [s_tir.meta_schedule.RewriteParallelVectorizeUnroll]: 0 failure(s)
Postproc #4 [s_tir.meta_schedule.RewriteReductionBlock]: 0 failure(s)
Postproc #5 [s_tir.meta_schedule.VerifyGPUCode]: 2856 failure(s)
Postproc #6 [s_tir.meta_schedule.RewriteTensorize]: 0 failure(s)
2026-08-26 16:04:41 [INFO] [evolutionary_search.cc:551] Sample-Init-Population summary:
Trace replay failures: 0 failure(s)
Postproc #0 [s_tir.meta_schedule.DisallowDynamicLoop]: 0 failure(s)
Postproc #1 [s_tir.meta_schedule.RewriteCooperativeFetch]: 0 failure(s)
Postproc #2 [s_tir.meta_schedule.RewriteUnboundBlock]: 0 failure(s)
Postproc #3 [s_tir.meta_schedule.RewriteParallelVectorizeUnroll]: 0 failure(s)
Postproc #4 [s_tir.meta_schedule.RewriteReductionBlock]: 0 failure(s)
Postproc #5 [s_tir.meta_schedule.VerifyGPUCode]: 3262 failure(s)
Postproc #6 [s_tir.meta_schedule.RewriteTensorize]: 0 failure(s)
2026-08-26 16:04:42 [INFO] [evolutionary_search.cc:551] Sample-Init-Population summary:
Trace replay failures: 0 failure(s)
Postproc #0 [s_tir.meta_schedule.DisallowDynamicLoop]: 0 failure(s)
Postproc #1 [s_tir.meta_schedule.RewriteCooperativeFetch]: 0 failure(s)
Postproc #2 [s_tir.meta_schedule.RewriteUnboundBlock]: 0 failure(s)
Postproc #3 [s_tir.meta_schedule.RewriteParallelVectorizeUnroll]: 0 failure(s)
Postproc #4 [s_tir.meta_schedule.RewriteReductionBlock]: 0 failure(s)
Postproc #5 [s_tir.meta_schedule.VerifyGPUCode]: 3671 failure(s)
Postproc #6 [s_tir.meta_schedule.RewriteTensorize]: 0 failure(s)
2026-08-26 16:04:43 [INFO] [evolutionary_search.cc:551] Sample-Init-Population summary:
Trace replay failures: 0 failure(s)
Postproc #0 [s_tir.meta_schedule.DisallowDynamicLoop]: 0 failure(s)
Postproc #1 [s_tir.meta_schedule.RewriteCooperativeFetch]: 0 failure(s)
Postproc #2 [s_tir.meta_schedule.RewriteUnboundBlock]: 0 failure(s)
Postproc #3 [s_tir.meta_schedule.RewriteParallelVectorizeUnroll]: 0 failure(s)
Postproc #4 [s_tir.meta_schedule.RewriteReductionBlock]: 0 failure(s)
Postproc #5 [s_tir.meta_schedule.VerifyGPUCode]: 4080 failure(s)
Postproc #6 [s_tir.meta_schedule.RewriteTensorize]: 0 failure(s)
2026-08-26 16:04:44 [INFO] [evolutionary_search.cc:551] Sample-Init-Population summary:
Trace replay failures: 0 failure(s)
Postproc #0 [s_tir.meta_schedule.DisallowDynamicLoop]: 0 failure(s)
Postproc #1 [s_tir.meta_schedule.RewriteCooperativeFetch]: 0 failure(s)
Postproc #2 [s_tir.meta_schedule.RewriteUnboundBlock]: 0 failure(s)
Postproc #3 [s_tir.meta_schedule.RewriteParallelVectorizeUnroll]: 0 failure(s)
Postproc #4 [s_tir.meta_schedule.RewriteReductionBlock]: 0 failure(s)
Postproc #5 [s_tir.meta_schedule.VerifyGPUCode]: 4489 failure(s)
Postproc #6 [s_tir.meta_schedule.RewriteTensorize]: 0 failure(s)
2026-08-26 16:04:45 [INFO] [evolutionary_search.cc:551] Sample-Init-Population summary:
Trace replay failures: 0 failure(s)
Postproc #0 [s_tir.meta_schedule.DisallowDynamicLoop]: 0 failure(s)
Postproc #1 [s_tir.meta_schedule.RewriteCooperativeFetch]: 0 failure(s)
Postproc #2 [s_tir.meta_schedule.RewriteUnboundBlock]: 0 failure(s)
Postproc #3 [s_tir.meta_schedule.RewriteParallelVectorizeUnroll]: 0 failure(s)
Postproc #4 [s_tir.meta_schedule.RewriteReductionBlock]: 0 failure(s)
Postproc #5 [s_tir.meta_schedule.VerifyGPUCode]: 4895 failure(s)
Postproc #6 [s_tir.meta_schedule.RewriteTensorize]: 0 failure(s)
2026-08-26 16:04:46 [INFO] [evolutionary_search.cc:551] Sample-Init-Population summary:
Trace replay failures: 0 failure(s)
Postproc #0 [s_tir.meta_schedule.DisallowDynamicLoop]: 0 failure(s)
Postproc #1 [s_tir.meta_schedule.RewriteCooperativeFetch]: 0 failure(s)
Postproc #2 [s_tir.meta_schedule.RewriteUnboundBlock]: 0 failure(s)
Postproc #3 [s_tir.meta_schedule.RewriteParallelVectorizeUnroll]: 0 failure(s)
Postproc #4 [s_tir.meta_schedule.RewriteReductionBlock]: 0 failure(s)
Postproc #5 [s_tir.meta_schedule.VerifyGPUCode]: 5304 failure(s)
Postproc #6 [s_tir.meta_schedule.RewriteTensorize]: 0 failure(s)
2026-08-26 16:04:47 [INFO] [evolutionary_search.cc:551] Sample-Init-Population summary:
Trace replay failures: 0 failure(s)
Postproc #0 [s_tir.meta_schedule.DisallowDynamicLoop]: 0 failure(s)
Postproc #1 [s_tir.meta_schedule.RewriteCooperativeFetch]: 0 failure(s)
Postproc #2 [s_tir.meta_schedule.RewriteUnboundBlock]: 0 failure(s)
Postproc #3 [s_tir.meta_schedule.RewriteParallelVectorizeUnroll]: 0 failure(s)
Postproc #4 [s_tir.meta_schedule.RewriteReductionBlock]: 0 failure(s)
Postproc #5 [s_tir.meta_schedule.VerifyGPUCode]: 5712 failure(s)
Postproc #6 [s_tir.meta_schedule.RewriteTensorize]: 0 failure(s)
2026-08-26 16:04:48 [INFO] [evolutionary_search.cc:551] Sample-Init-Population summary:
Trace replay failures: 0 failure(s)
Postproc #0 [s_tir.meta_schedule.DisallowDynamicLoop]: 0 failure(s)
Postproc #1 [s_tir.meta_schedule.RewriteCooperativeFetch]: 0 failure(s)
Postproc #2 [s_tir.meta_schedule.RewriteUnboundBlock]: 0 failure(s)
Postproc #3 [s_tir.meta_schedule.RewriteParallelVectorizeUnroll]: 0 failure(s)
Postproc #4 [s_tir.meta_schedule.RewriteReductionBlock]: 0 failure(s)
Postproc #5 [s_tir.meta_schedule.VerifyGPUCode]: 6121 failure(s)
Postproc #6 [s_tir.meta_schedule.RewriteTensorize]: 0 failure(s)
2026-08-26 16:04:49 [INFO] [evolutionary_search.cc:551] Sample-Init-Population summary:
Trace replay failures: 0 failure(s)
Postproc #0 [s_tir.meta_schedule.DisallowDynamicLoop]: 0 failure(s)
Postproc #1 [s_tir.meta_schedule.RewriteCooperativeFetch]: 0 failure(s)
Postproc #2 [s_tir.meta_schedule.RewriteUnboundBlock]: 0 failure(s)
Postproc #3 [s_tir.meta_schedule.RewriteParallelVectorizeUnroll]: 0 failure(s)
Postproc #4 [s_tir.meta_schedule.RewriteReductionBlock]: 0 failure(s)
Postproc #5 [s_tir.meta_schedule.VerifyGPUCode]: 6529 failure(s)
Postproc #6 [s_tir.meta_schedule.RewriteTensorize]: 0 failure(s)
2026-08-26 16:04:49 [INFO] [evolutionary_search.cc:551] Sample-Init-Population summary:
Trace replay failures: 0 failure(s)
Postproc #0 [s_tir.meta_schedule.DisallowDynamicLoop]: 0 failure(s)
Postproc #1 [s_tir.meta_schedule.RewriteCooperativeFetch]: 0 failure(s)
Postproc #2 [s_tir.meta_schedule.RewriteUnboundBlock]: 0 failure(s)
Postproc #3 [s_tir.meta_schedule.RewriteParallelVectorizeUnroll]: 0 failure(s)
Postproc #4 [s_tir.meta_schedule.RewriteReductionBlock]: 0 failure(s)
Postproc #5 [s_tir.meta_schedule.VerifyGPUCode]: 6938 failure(s)
Postproc #6 [s_tir.meta_schedule.RewriteTensorize]: 0 failure(s)
2026-08-26 16:04:50 [INFO] [evolutionary_search.cc:551] Sample-Init-Population summary:
Trace replay failures: 0 failure(s)
Postproc #0 [s_tir.meta_schedule.DisallowDynamicLoop]: 0 failure(s)
Postproc #1 [s_tir.meta_schedule.RewriteCooperativeFetch]: 0 failure(s)
Postproc #2 [s_tir.meta_schedule.RewriteUnboundBlock]: 0 failure(s)
Postproc #3 [s_tir.meta_schedule.RewriteParallelVectorizeUnroll]: 0 failure(s)
Postproc #4 [s_tir.meta_schedule.RewriteReductionBlock]: 0 failure(s)
Postproc #5 [s_tir.meta_schedule.VerifyGPUCode]: 7346 failure(s)
Postproc #6 [s_tir.meta_schedule.RewriteTensorize]: 0 failure(s)
2026-08-26 16:04:51 [INFO] [evolutionary_search.cc:551] Sample-Init-Population summary:
Trace replay failures: 0 failure(s)
Postproc #0 [s_tir.meta_schedule.DisallowDynamicLoop]: 0 failure(s)
Postproc #1 [s_tir.meta_schedule.RewriteCooperativeFetch]: 0 failure(s)
Postproc #2 [s_tir.meta_schedule.RewriteUnboundBlock]: 0 failure(s)
Postproc #3 [s_tir.meta_schedule.RewriteParallelVectorizeUnroll]: 0 failure(s)
Postproc #4 [s_tir.meta_schedule.RewriteReductionBlock]: 0 failure(s)
Postproc #5 [s_tir.meta_schedule.VerifyGPUCode]: 7755 failure(s)
Postproc #6 [s_tir.meta_schedule.RewriteTensorize]: 0 failure(s)
2026-08-26 16:04:52 [INFO] [evolutionary_search.cc:551] Sample-Init-Population summary:
Trace replay failures: 0 failure(s)
Postproc #0 [s_tir.meta_schedule.DisallowDynamicLoop]: 0 failure(s)
Postproc #1 [s_tir.meta_schedule.RewriteCooperativeFetch]: 0 failure(s)
Postproc #2 [s_tir.meta_schedule.RewriteUnboundBlock]: 0 failure(s)
Postproc #3 [s_tir.meta_schedule.RewriteParallelVectorizeUnroll]: 0 failure(s)
Postproc #4 [s_tir.meta_schedule.RewriteReductionBlock]: 0 failure(s)
Postproc #5 [s_tir.meta_schedule.VerifyGPUCode]: 8164 failure(s)
Postproc #6 [s_tir.meta_schedule.RewriteTensorize]: 0 failure(s)
2026-08-26 16:04:53 [INFO] [evolutionary_search.cc:551] Sample-Init-Population summary:
Trace replay failures: 0 failure(s)
Postproc #0 [s_tir.meta_schedule.DisallowDynamicLoop]: 0 failure(s)
Postproc #1 [s_tir.meta_schedule.RewriteCooperativeFetch]: 0 failure(s)
Postproc #2 [s_tir.meta_schedule.RewriteUnboundBlock]: 0 failure(s)
Postproc #3 [s_tir.meta_schedule.RewriteParallelVectorizeUnroll]: 0 failure(s)
Postproc #4 [s_tir.meta_schedule.RewriteReductionBlock]: 0 failure(s)
Postproc #5 [s_tir.meta_schedule.VerifyGPUCode]: 8573 failure(s)
Postproc #6 [s_tir.meta_schedule.RewriteTensorize]: 0 failure(s)
2026-08-26 16:04:54 [INFO] [evolutionary_search.cc:551] Sample-Init-Population summary:
Trace replay failures: 0 failure(s)
Postproc #0 [s_tir.meta_schedule.DisallowDynamicLoop]: 0 failure(s)
Postproc #1 [s_tir.meta_schedule.RewriteCooperativeFetch]: 0 failure(s)
Postproc #2 [s_tir.meta_schedule.RewriteUnboundBlock]: 0 failure(s)
Postproc #3 [s_tir.meta_schedule.RewriteParallelVectorizeUnroll]: 0 failure(s)
Postproc #4 [s_tir.meta_schedule.RewriteReductionBlock]: 0 failure(s)
Postproc #5 [s_tir.meta_schedule.VerifyGPUCode]: 8980 failure(s)
Postproc #6 [s_tir.meta_schedule.RewriteTensorize]: 0 failure(s)
2026-08-26 16:04:55 [INFO] [evolutionary_search.cc:551] Sample-Init-Population summary:
Trace replay failures: 0 failure(s)
Postproc #0 [s_tir.meta_schedule.DisallowDynamicLoop]: 0 failure(s)
Postproc #1 [s_tir.meta_schedule.RewriteCooperativeFetch]: 0 failure(s)
Postproc #2 [s_tir.meta_schedule.RewriteUnboundBlock]: 0 failure(s)
Postproc #3 [s_tir.meta_schedule.RewriteParallelVectorizeUnroll]: 0 failure(s)
Postproc #4 [s_tir.meta_schedule.RewriteReductionBlock]: 0 failure(s)
Postproc #5 [s_tir.meta_schedule.VerifyGPUCode]: 9389 failure(s)
Postproc #6 [s_tir.meta_schedule.RewriteTensorize]: 0 failure(s)
2026-08-26 16:04:56 [INFO] [evolutionary_search.cc:551] Sample-Init-Population summary:
Trace replay failures: 0 failure(s)
Postproc #0 [s_tir.meta_schedule.DisallowDynamicLoop]: 0 failure(s)
Postproc #1 [s_tir.meta_schedule.RewriteCooperativeFetch]: 0 failure(s)
Postproc #2 [s_tir.meta_schedule.RewriteUnboundBlock]: 0 failure(s)
Postproc #3 [s_tir.meta_schedule.RewriteParallelVectorizeUnroll]: 0 failure(s)
Postproc #4 [s_tir.meta_schedule.RewriteReductionBlock]: 0 failure(s)
Postproc #5 [s_tir.meta_schedule.VerifyGPUCode]: 9799 failure(s)
Postproc #6 [s_tir.meta_schedule.RewriteTensorize]: 0 failure(s)
2026-08-26 16:04:57 [INFO] [evolutionary_search.cc:551] Sample-Init-Population summary:
Trace replay failures: 0 failure(s)
Postproc #0 [s_tir.meta_schedule.DisallowDynamicLoop]: 0 failure(s)
Postproc #1 [s_tir.meta_schedule.RewriteCooperativeFetch]: 0 failure(s)
Postproc #2 [s_tir.meta_schedule.RewriteUnboundBlock]: 0 failure(s)
Postproc #3 [s_tir.meta_schedule.RewriteParallelVectorizeUnroll]: 0 failure(s)
Postproc #4 [s_tir.meta_schedule.RewriteReductionBlock]: 0 failure(s)
Postproc #5 [s_tir.meta_schedule.VerifyGPUCode]: 10207 failure(s)
Postproc #6 [s_tir.meta_schedule.RewriteTensorize]: 0 failure(s)
2026-08-26 16:04:58 [INFO] [evolutionary_search.cc:551] Sample-Init-Population summary:
Trace replay failures: 0 failure(s)
Postproc #0 [s_tir.meta_schedule.DisallowDynamicLoop]: 0 failure(s)
Postproc #1 [s_tir.meta_schedule.RewriteCooperativeFetch]: 0 failure(s)
Postproc #2 [s_tir.meta_schedule.RewriteUnboundBlock]: 0 failure(s)
Postproc #3 [s_tir.meta_schedule.RewriteParallelVectorizeUnroll]: 0 failure(s)
Postproc #4 [s_tir.meta_schedule.RewriteReductionBlock]: 0 failure(s)
Postproc #5 [s_tir.meta_schedule.VerifyGPUCode]: 10616 failure(s)
Postproc #6 [s_tir.meta_schedule.RewriteTensorize]: 0 failure(s)
2026-08-26 16:04:58 [INFO] [evolutionary_search.cc:551] Sample-Init-Population summary:
Trace replay failures: 0 failure(s)
Postproc #0 [s_tir.meta_schedule.DisallowDynamicLoop]: 0 failure(s)
Postproc #1 [s_tir.meta_schedule.RewriteCooperativeFetch]: 0 failure(s)
Postproc #2 [s_tir.meta_schedule.RewriteUnboundBlock]: 0 failure(s)
Postproc #3 [s_tir.meta_schedule.RewriteParallelVectorizeUnroll]: 0 failure(s)
Postproc #4 [s_tir.meta_schedule.RewriteReductionBlock]: 0 failure(s)
Postproc #5 [s_tir.meta_schedule.VerifyGPUCode]: 11025 failure(s)
Postproc #6 [s_tir.meta_schedule.RewriteTensorize]: 0 failure(s)
2026-08-26 16:04:59 [INFO] [evolutionary_search.cc:551] Sample-Init-Population summary:
Trace replay failures: 0 failure(s)
Postproc #0 [s_tir.meta_schedule.DisallowDynamicLoop]: 0 failure(s)
Postproc #1 [s_tir.meta_schedule.RewriteCooperativeFetch]: 0 failure(s)
Postproc #2 [s_tir.meta_schedule.RewriteUnboundBlock]: 0 failure(s)
Postproc #3 [s_tir.meta_schedule.RewriteParallelVectorizeUnroll]: 0 failure(s)
Postproc #4 [s_tir.meta_schedule.RewriteReductionBlock]: 0 failure(s)
Postproc #5 [s_tir.meta_schedule.VerifyGPUCode]: 11434 failure(s)
Postproc #6 [s_tir.meta_schedule.RewriteTensorize]: 0 failure(s)
2026-08-26 16:05:00 [INFO] [evolutionary_search.cc:551] Sample-Init-Population summary:
Trace replay failures: 0 failure(s)
Postproc #0 [s_tir.meta_schedule.DisallowDynamicLoop]: 0 failure(s)
Postproc #1 [s_tir.meta_schedule.RewriteCooperativeFetch]: 0 failure(s)
Postproc #2 [s_tir.meta_schedule.RewriteUnboundBlock]: 0 failure(s)
Postproc #3 [s_tir.meta_schedule.RewriteParallelVectorizeUnroll]: 0 failure(s)
Postproc #4 [s_tir.meta_schedule.RewriteReductionBlock]: 0 failure(s)
Postproc #5 [s_tir.meta_schedule.VerifyGPUCode]: 11843 failure(s)
Postproc #6 [s_tir.meta_schedule.RewriteTensorize]: 0 failure(s)
2026-08-26 16:05:01 [INFO] [evolutionary_search.cc:551] Sample-Init-Population summary:
Trace replay failures: 0 failure(s)
Postproc #0 [s_tir.meta_schedule.DisallowDynamicLoop]: 0 failure(s)
Postproc #1 [s_tir.meta_schedule.RewriteCooperativeFetch]: 0 failure(s)
Postproc #2 [s_tir.meta_schedule.RewriteUnboundBlock]: 0 failure(s)
Postproc #3 [s_tir.meta_schedule.RewriteParallelVectorizeUnroll]: 0 failure(s)
Postproc #4 [s_tir.meta_schedule.RewriteReductionBlock]: 0 failure(s)
Postproc #5 [s_tir.meta_schedule.VerifyGPUCode]: 12247 failure(s)
Postproc #6 [s_tir.meta_schedule.RewriteTensorize]: 0 failure(s)
2026-08-26 16:05:01 [INFO] [evolutionary_search.cc:748] Sampled 53 candidate(s)
2026-08-26 16:05:03 [INFO] [evolutionary_search.cc:645] Evolve iter #0 done. Summary:
Trace replay failures: 0 failure(s)
Postproc #0 [s_tir.meta_schedule.DisallowDynamicLoop]: 0 failure(s)
Postproc #1 [s_tir.meta_schedule.RewriteCooperativeFetch]: 0 failure(s)
Postproc #2 [s_tir.meta_schedule.RewriteUnboundBlock]: 0 failure(s)
Postproc #3 [s_tir.meta_schedule.RewriteParallelVectorizeUnroll]: 0 failure(s)
Postproc #4 [s_tir.meta_schedule.RewriteReductionBlock]: 0 failure(s)
Postproc #5 [s_tir.meta_schedule.VerifyGPUCode]: 24 failure(s)
Postproc #6 [s_tir.meta_schedule.RewriteTensorize]: 0 failure(s)
2026-08-26 16:05:06 [INFO] [evolutionary_search.cc:645] Evolve iter #1 done. Summary:
Trace replay failures: 0 failure(s)
Postproc #0 [s_tir.meta_schedule.DisallowDynamicLoop]: 0 failure(s)
Postproc #1 [s_tir.meta_schedule.RewriteCooperativeFetch]: 0 failure(s)
Postproc #2 [s_tir.meta_schedule.RewriteUnboundBlock]: 0 failure(s)
Postproc #3 [s_tir.meta_schedule.RewriteParallelVectorizeUnroll]: 0 failure(s)
Postproc #4 [s_tir.meta_schedule.RewriteReductionBlock]: 0 failure(s)
Postproc #5 [s_tir.meta_schedule.VerifyGPUCode]: 29 failure(s)
Postproc #6 [s_tir.meta_schedule.RewriteTensorize]: 0 failure(s)
2026-08-26 16:05:09 [INFO] [evolutionary_search.cc:645] Evolve iter #2 done. Summary:
Trace replay failures: 0 failure(s)
Postproc #0 [s_tir.meta_schedule.DisallowDynamicLoop]: 0 failure(s)
Postproc #1 [s_tir.meta_schedule.RewriteCooperativeFetch]: 0 failure(s)
Postproc #2 [s_tir.meta_schedule.RewriteUnboundBlock]: 0 failure(s)
Postproc #3 [s_tir.meta_schedule.RewriteParallelVectorizeUnroll]: 0 failure(s)
Postproc #4 [s_tir.meta_schedule.RewriteReductionBlock]: 0 failure(s)
Postproc #5 [s_tir.meta_schedule.VerifyGPUCode]: 36 failure(s)
Postproc #6 [s_tir.meta_schedule.RewriteTensorize]: 0 failure(s)
2026-08-26 16:05:12 [INFO] [evolutionary_search.cc:645] Evolve iter #3 done. Summary:
Trace replay failures: 0 failure(s)
Postproc #0 [s_tir.meta_schedule.DisallowDynamicLoop]: 0 failure(s)
Postproc #1 [s_tir.meta_schedule.RewriteCooperativeFetch]: 0 failure(s)
Postproc #2 [s_tir.meta_schedule.RewriteUnboundBlock]: 0 failure(s)
Postproc #3 [s_tir.meta_schedule.RewriteParallelVectorizeUnroll]: 0 failure(s)
Postproc #4 [s_tir.meta_schedule.RewriteReductionBlock]: 0 failure(s)
Postproc #5 [s_tir.meta_schedule.VerifyGPUCode]: 40 failure(s)
Postproc #6 [s_tir.meta_schedule.RewriteTensorize]: 0 failure(s)
2026-08-26 16:05:13 [INFO] [evolutionary_search.cc:673] Scores of the best 64 candidates:
[1 : 16]:	0.9715  0.9708  0.9694  0.9682  0.9653  0.9619  0.9591  0.9573  0.9561  0.9468  0.9452  0.9452  0.9436  0.9305  0.9296  0.9155
[17 : 32]:	0.9095  0.9095  0.9081  0.9073  0.9065  0.9040  0.8927  0.8861  0.8813  0.8740  0.8724  0.8724  0.8716  0.8705  0.8705  0.8703
[33 : 48]:	0.8700  0.8674  0.8609  0.8607  0.8603  0.8601  0.8594  0.8593  0.8563  0.8543  0.8538  0.8538  0.8538  0.8520  0.8517  0.8483
[49 : 64]:	0.8470  0.8462  0.8436  0.8430  0.8396  0.8395  0.8375  0.8360  0.8337  0.8337  0.8335  0.8333  0.8310  0.8306  0.8301  0.8297
2026-08-26 16:05:13 [INFO] [evolutionary_search.cc:752] Got 64 candidate(s) with evolutionary search
2026-08-26 16:05:13 [INFO] [evolutionary_search.cc:755] Sending 64 candidates(s) for measurement
2026-08-26 16:06:04 [INFO] [task_scheduler.cc:144] [Task #0: main] Trial #193: GFLOPs: 10586.1764. Time: 310.6253 us. Best GFLOPs: 11032.8397
2026-08-26 16:06:04 [INFO] [task_scheduler.cc:144] [Task #0: main] Trial #194: GFLOPs: 10170.6325. Time: 323.3166 us. Best GFLOPs: 11032.8397
2026-08-26 16:06:04 [INFO] [task_scheduler.cc:144] [Task #0: main] Trial #195: GFLOPs: 10398.3856. Time: 316.2351 us. Best GFLOPs: 11032.8397
2026-08-26 16:06:04 [INFO] [task_scheduler.cc:144] [Task #0: main] Trial #196: GFLOPs: 10602.9441. Time: 310.1341 us. Best GFLOPs: 11032.8397
2026-08-26 16:06:04 [INFO] [task_scheduler.cc:144] [Task #0: main] Trial #197: GFLOPs: 7956.0148. Time: 413.3143 us. Best GFLOPs: 11032.8397
2026-08-26 16:06:04 [INFO] [task_scheduler.cc:144] [Task #0: main] Trial #198: GFLOPs: 10351.6335. Time: 317.6633 us. Best GFLOPs: 11032.8397
2026-08-26 16:06:04 [INFO] [task_scheduler.cc:144] [Task #0: main] Trial #199: GFLOPs: 10491.5128. Time: 313.4280 us. Best GFLOPs: 11032.8397
2026-08-26 16:06:04 [INFO] [task_scheduler.cc:144] [Task #0: main] Trial #200: GFLOPs: 10458.5494. Time: 314.4159 us. Best GFLOPs: 11032.8397
2026-08-26 16:06:04 [INFO] [task_scheduler.cc:144] [Task #0: main] Trial #201: GFLOPs: 10358.8396. Time: 317.4423 us. Best GFLOPs: 11032.8397
2026-08-26 16:06:04 [INFO] [task_scheduler.cc:144] [Task #0: main] Trial #202: GFLOPs: 10622.5513. Time: 309.5616 us. Best GFLOPs: 11032.8397
2026-08-26 16:06:04 [INFO] [task_scheduler.cc:144] [Task #0: main] Trial #203: GFLOPs: 10614.6269. Time: 309.7927 us. Best GFLOPs: 11032.8397
2026-08-26 16:06:04 [INFO] [task_scheduler.cc:144] [Task #0: main] Trial #204: GFLOPs: 10459.8380. Time: 314.3772 us. Best GFLOPs: 11032.8397
2026-08-26 16:06:04 [INFO] [task_scheduler.cc:144] [Task #0: main] Trial #205: GFLOPs: 10344.6490. Time: 317.8778 us. Best GFLOPs: 11032.8397
2026-08-26 16:06:04 [INFO] [task_scheduler.cc:144] [Task #0: main] Trial #206: GFLOPs: 10639.9663. Time: 309.0550 us. Best GFLOPs: 11032.8397
2026-08-26 16:06:04 [INFO] [task_scheduler.cc:144] [Task #0: main] Trial #207: GFLOPs: 8627.3672. Time: 381.1515 us. Best GFLOPs: 11032.8397
2026-08-26 16:06:04 [INFO] [task_scheduler.cc:144] [Task #0: main] Trial #208: GFLOPs: 9698.6769. Time: 339.0498 us. Best GFLOPs: 11032.8397
2026-08-26 16:06:04 [INFO] [task_scheduler.cc:144] [Task #0: main] Trial #209: GFLOPs: 9624.0475. Time: 341.6789 us. Best GFLOPs: 11032.8397
2026-08-26 16:06:04 [INFO] [task_scheduler.cc:144] [Task #0: main] Trial #210: GFLOPs: 9810.5039. Time: 335.1851 us. Best GFLOPs: 11032.8397
2026-08-26 16:06:04 [INFO] [task_scheduler.cc:144] [Task #0: main] Trial #211: GFLOPs: 9807.5257. Time: 335.2868 us. Best GFLOPs: 11032.8397
2026-08-26 16:06:04 [INFO] [task_scheduler.cc:144] [Task #0: main] Trial #212: GFLOPs: 9570.3384. Time: 343.5965 us. Best GFLOPs: 11032.8397
2026-08-26 16:06:04 [INFO] [task_scheduler.cc:144] [Task #0: main] Trial #213: GFLOPs: 10053.5030. Time: 327.0834 us. Best GFLOPs: 11032.8397
2026-08-26 16:06:04 [INFO] [task_scheduler.cc:144] [Task #0: main] Trial #214: GFLOPs: 8677.4224. Time: 378.9529 us. Best GFLOPs: 11032.8397
2026-08-26 16:06:04 [INFO] [task_scheduler.cc:144] [Task #0: main] Trial #215: GFLOPs: 8649.3926. Time: 380.1810 us. Best GFLOPs: 11032.8397
2026-08-26 16:06:04 [INFO] [task_scheduler.cc:144] [Task #0: main] Trial #216: GFLOPs: 9120.5846. Time: 360.5399 us. Best GFLOPs: 11032.8397
2026-08-26 16:06:04 [INFO] [task_scheduler.cc:144] [Task #0: main] Trial #217: GFLOPs: 9373.8209. Time: 350.7998 us. Best GFLOPs: 11032.8397
2026-08-26 16:06:04 [INFO] [task_scheduler.cc:144] [Task #0: main] Trial #218: GFLOPs: 9078.3233. Time: 362.2182 us. Best GFLOPs: 11032.8397
2026-08-26 16:06:04 [INFO] [task_scheduler.cc:144] [Task #0: main] Trial #219: GFLOPs: 9268.8610. Time: 354.7722 us. Best GFLOPs: 11032.8397
2026-08-26 16:06:04 [INFO] [task_scheduler.cc:144] [Task #0: main] Trial #220: GFLOPs: 9309.9391. Time: 353.2069 us. Best GFLOPs: 11032.8397
2026-08-26 16:06:04 [INFO] [task_scheduler.cc:144] [Task #0: main] Trial #221: GFLOPs: 9254.5233. Time: 355.3219 us. Best GFLOPs: 11032.8397
2026-08-26 16:06:04 [INFO] [task_scheduler.cc:144] [Task #0: main] Trial #222: GFLOPs: 9498.0066. Time: 346.2131 us. Best GFLOPs: 11032.8397
2026-08-26 16:06:04 [INFO] [task_scheduler.cc:144] [Task #0: main] Trial #223: GFLOPs: 9524.2983. Time: 345.2574 us. Best GFLOPs: 11032.8397
2026-08-26 16:06:04 [INFO] [task_scheduler.cc:144] [Task #0: main] Trial #224: GFLOPs: 5822.9770. Time: 564.7170 us. Best GFLOPs: 11032.8397
2026-08-26 16:06:04 [INFO] [task_scheduler.cc:144] [Task #0: main] Trial #225: GFLOPs: 8119.5677. Time: 404.9888 us. Best GFLOPs: 11032.8397
2026-08-26 16:06:04 [INFO] [task_scheduler.cc:144] [Task #0: main] Trial #226: GFLOPs: 9368.2857. Time: 351.0071 us. Best GFLOPs: 11032.8397
2026-08-26 16:06:04 [INFO] [task_scheduler.cc:144] [Task #0: main] Trial #227: GFLOPs: 10245.2662. Time: 320.9613 us. Best GFLOPs: 11032.8397
2026-08-26 16:06:04 [INFO] [task_scheduler.cc:144] [Task #0: main] Trial #228: GFLOPs: 9225.2496. Time: 356.4494 us. Best GFLOPs: 11032.8397
2026-08-26 16:06:04 [INFO] [task_scheduler.cc:144] [Task #0: main] Trial #229: GFLOPs: 9435.7939. Time: 348.4958 us. Best GFLOPs: 11032.8397
2026-08-26 16:06:04 [INFO] [task_scheduler.cc:144] [Task #0: main] Trial #230: GFLOPs: 9686.6639. Time: 339.4703 us. Best GFLOPs: 11032.8397
2026-08-26 16:06:04 [INFO] [task_scheduler.cc:144] [Task #0: main] Trial #231: GFLOPs: 9102.4340. Time: 361.2588 us. Best GFLOPs: 11032.8397
2026-08-26 16:06:04 [INFO] [task_scheduler.cc:144] [Task #0: main] Trial #232: GFLOPs: 9455.0638. Time: 347.7855 us. Best GFLOPs: 11032.8397
2026-08-26 16:06:04 [INFO] [task_scheduler.cc:144] [Task #0: main] Trial #233: GFLOPs: 9050.5512. Time: 363.3297 us. Best GFLOPs: 11032.8397
2026-08-26 16:06:04 [INFO] [task_scheduler.cc:144] [Task #0: main] Trial #234: GFLOPs: 9076.5305. Time: 362.2898 us. Best GFLOPs: 11032.8397
2026-08-26 16:06:04 [INFO] [task_scheduler.cc:144] [Task #0: main] Trial #235: GFLOPs: 10102.3391. Time: 325.5023 us. Best GFLOPs: 11032.8397
2026-08-26 16:06:04 [INFO] [task_scheduler.cc:144] [Task #0: main] Trial #236: GFLOPs: 10720.2571. Time: 306.7403 us. Best GFLOPs: 11032.8397
2026-08-26 16:06:04 [INFO] [task_scheduler.cc:144] [Task #0: main] Trial #237: GFLOPs: 10208.1288. Time: 322.1290 us. Best GFLOPs: 11032.8397
2026-08-26 16:06:04 [INFO] [task_scheduler.cc:144] [Task #0: main] Trial #238: GFLOPs: 9447.2718. Time: 348.0724 us. Best GFLOPs: 11032.8397
2026-08-26 16:06:04 [INFO] [task_scheduler.cc:144] [Task #0: main] Trial #239: GFLOPs: 9104.4964. Time: 361.1770 us. Best GFLOPs: 11032.8397
2026-08-26 16:06:04 [INFO] [task_scheduler.cc:144] [Task #0: main] Trial #240: GFLOPs: 10601.3929. Time: 310.1795 us. Best GFLOPs: 11032.8397
2026-08-26 16:06:04 [INFO] [task_scheduler.cc:144] [Task #0: main] Trial #241: GFLOPs: 8450.7928. Time: 389.1155 us. Best GFLOPs: 11032.8397
2026-08-26 16:06:04 [INFO] [task_scheduler.cc:144] [Task #0: main] Trial #242: GFLOPs: 8908.2369. Time: 369.1341 us. Best GFLOPs: 11032.8397
2026-08-26 16:06:04 [INFO] [task_scheduler.cc:144] [Task #0: main] Trial #243: GFLOPs: 10182.3639. Time: 322.9441 us. Best GFLOPs: 11032.8397
2026-08-26 16:06:04 [INFO] [task_scheduler.cc:144] [Task #0: main] Trial #244: GFLOPs: 8847.7882. Time: 371.6561 us. Best GFLOPs: 11032.8397
2026-08-26 16:06:04 [INFO] [task_scheduler.cc:144] [Task #0: main] Trial #245: GFLOPs: 8842.8419. Time: 371.8640 us. Best GFLOPs: 11032.8397
2026-08-26 16:06:04 [INFO] [task_scheduler.cc:144] [Task #0: main] Trial #246: GFLOPs: 9516.3119. Time: 345.5471 us. Best GFLOPs: 11032.8397
2026-08-26 16:06:04 [INFO] [task_scheduler.cc:144] [Task #0: main] Trial #247: GFLOPs: 8099.5459. Time: 405.9900 us. Best GFLOPs: 11032.8397
2026-08-26 16:06:04 [INFO] [task_scheduler.cc:144] [Task #0: main] Trial #248: GFLOPs: 9059.3307. Time: 362.9776 us. Best GFLOPs: 11032.8397
2026-08-26 16:06:04 [INFO] [task_scheduler.cc:144] [Task #0: main] Trial #249: GFLOPs: 9091.9950. Time: 361.6736 us. Best GFLOPs: 11032.8397
2026-08-26 16:06:04 [INFO] [task_scheduler.cc:144] [Task #0: main] Trial #250: GFLOPs: 9149.2527. Time: 359.4102 us. Best GFLOPs: 11032.8397
2026-08-26 16:06:04 [INFO] [task_scheduler.cc:144] [Task #0: main] Trial #251: GFLOPs: 8223.0248. Time: 399.8935 us. Best GFLOPs: 11032.8397
2026-08-26 16:06:04 [INFO] [task_scheduler.cc:144] [Task #0: main] Trial #252: GFLOPs: 9247.6789. Time: 355.5848 us. Best GFLOPs: 11032.8397
2026-08-26 16:06:04 [INFO] [task_scheduler.cc:144] [Task #0: main] Trial #253: GFLOPs: 5647.3765. Time: 582.2764 us. Best GFLOPs: 11032.8397
2026-08-26 16:06:04 [INFO] [task_scheduler.cc:144] [Task #0: main] Trial #254: GFLOPs: 340.3230. Time: 9662.3909 us. Best GFLOPs: 11032.8397
2026-08-26 16:06:04 [INFO] [task_scheduler.cc:144] [Task #0: main] Trial #255: GFLOPs: 942.7426. Time: 3488.0511 us. Best GFLOPs: 11032.8397
2026-08-26 16:06:04 [INFO] [task_scheduler.cc:144] [Task #0: main] Trial #256: GFLOPs: 3295.3097. Time: 997.8832 us. Best GFLOPs: 11032.8397
2026-08-26 16:06:04 [INFO] [evolutionary_search.cc:738] Generating candidates......
2026-08-26 16:06:04 [INFO] [evolutionary_search.cc:505] Pick-Best-From-Database summary:
Trace replay failures: 0 failure(s)
Postproc #0 [s_tir.meta_schedule.DisallowDynamicLoop]: 0 failure(s)
Postproc #1 [s_tir.meta_schedule.RewriteCooperativeFetch]: 0 failure(s)
Postproc #2 [s_tir.meta_schedule.RewriteUnboundBlock]: 0 failure(s)
Postproc #3 [s_tir.meta_schedule.RewriteParallelVectorizeUnroll]: 0 failure(s)
Postproc #4 [s_tir.meta_schedule.RewriteReductionBlock]: 0 failure(s)
Postproc #5 [s_tir.meta_schedule.VerifyGPUCode]: 0 failure(s)
Postproc #6 [s_tir.meta_schedule.RewriteTensorize]: 0 failure(s)
2026-08-26 16:06:04 [INFO] [evolutionary_search.cc:740] Picked top 102 candidate(s) from database
2026-08-26 16:06:05 [INFO] [evolutionary_search.cc:551] Sample-Init-Population summary:
Trace replay failures: 0 failure(s)
Postproc #0 [s_tir.meta_schedule.DisallowDynamicLoop]: 0 failure(s)
Postproc #1 [s_tir.meta_schedule.RewriteCooperativeFetch]: 0 failure(s)
Postproc #2 [s_tir.meta_schedule.RewriteUnboundBlock]: 0 failure(s)
Postproc #3 [s_tir.meta_schedule.RewriteParallelVectorizeUnroll]: 0 failure(s)
Postproc #4 [s_tir.meta_schedule.RewriteReductionBlock]: 0 failure(s)
Postproc #5 [s_tir.meta_schedule.VerifyGPUCode]: 407 failure(s)
Postproc #6 [s_tir.meta_schedule.RewriteTensorize]: 0 failure(s)
2026-08-26 16:06:06 [INFO] [evolutionary_search.cc:551] Sample-Init-Population summary:
Trace replay failures: 0 failure(s)
Postproc #0 [s_tir.meta_schedule.DisallowDynamicLoop]: 0 failure(s)
Postproc #1 [s_tir.meta_schedule.RewriteCooperativeFetch]: 0 failure(s)
Postproc #2 [s_tir.meta_schedule.RewriteUnboundBlock]: 0 failure(s)
Postproc #3 [s_tir.meta_schedule.RewriteParallelVectorizeUnroll]: 0 failure(s)
Postproc #4 [s_tir.meta_schedule.RewriteReductionBlock]: 0 failure(s)
Postproc #5 [s_tir.meta_schedule.VerifyGPUCode]: 814 failure(s)
Postproc #6 [s_tir.meta_schedule.RewriteTensorize]: 0 failure(s)
2026-08-26 16:06:07 [INFO] [evolutionary_search.cc:551] Sample-Init-Population summary:
Trace replay failures: 0 failure(s)
Postproc #0 [s_tir.meta_schedule.DisallowDynamicLoop]: 0 failure(s)
Postproc #1 [s_tir.meta_schedule.RewriteCooperativeFetch]: 0 failure(s)
Postproc #2 [s_tir.meta_schedule.RewriteUnboundBlock]: 0 failure(s)
Postproc #3 [s_tir.meta_schedule.RewriteParallelVectorizeUnroll]: 0 failure(s)
Postproc #4 [s_tir.meta_schedule.RewriteReductionBlock]: 0 failure(s)
Postproc #5 [s_tir.meta_schedule.VerifyGPUCode]: 1224 failure(s)
Postproc #6 [s_tir.meta_schedule.RewriteTensorize]: 0 failure(s)
2026-08-26 16:06:07 [INFO] [evolutionary_search.cc:551] Sample-Init-Population summary:
Trace replay failures: 0 failure(s)
Postproc #0 [s_tir.meta_schedule.DisallowDynamicLoop]: 0 failure(s)
Postproc #1 [s_tir.meta_schedule.RewriteCooperativeFetch]: 0 failure(s)
Postproc #2 [s_tir.meta_schedule.RewriteUnboundBlock]: 0 failure(s)
Postproc #3 [s_tir.meta_schedule.RewriteParallelVectorizeUnroll]: 0 failure(s)
Postproc #4 [s_tir.meta_schedule.RewriteReductionBlock]: 0 failure(s)
Postproc #5 [s_tir.meta_schedule.VerifyGPUCode]: 1634 failure(s)
Postproc #6 [s_tir.meta_schedule.RewriteTensorize]: 0 failure(s)
2026-08-26 16:06:08 [INFO] [evolutionary_search.cc:551] Sample-Init-Population summary:
Trace replay failures: 0 failure(s)
Postproc #0 [s_tir.meta_schedule.DisallowDynamicLoop]: 0 failure(s)
Postproc #1 [s_tir.meta_schedule.RewriteCooperativeFetch]: 0 failure(s)
Postproc #2 [s_tir.meta_schedule.RewriteUnboundBlock]: 0 failure(s)
Postproc #3 [s_tir.meta_schedule.RewriteParallelVectorizeUnroll]: 0 failure(s)
Postproc #4 [s_tir.meta_schedule.RewriteReductionBlock]: 0 failure(s)
Postproc #5 [s_tir.meta_schedule.VerifyGPUCode]: 2041 failure(s)
Postproc #6 [s_tir.meta_schedule.RewriteTensorize]: 0 failure(s)
2026-08-26 16:06:09 [INFO] [evolutionary_search.cc:551] Sample-Init-Population summary:
Trace replay failures: 0 failure(s)
Postproc #0 [s_tir.meta_schedule.DisallowDynamicLoop]: 0 failure(s)
Postproc #1 [s_tir.meta_schedule.RewriteCooperativeFetch]: 0 failure(s)
Postproc #2 [s_tir.meta_schedule.RewriteUnboundBlock]: 0 failure(s)
Postproc #3 [s_tir.meta_schedule.RewriteParallelVectorizeUnroll]: 0 failure(s)
Postproc #4 [s_tir.meta_schedule.RewriteReductionBlock]: 0 failure(s)
Postproc #5 [s_tir.meta_schedule.VerifyGPUCode]: 2446 failure(s)
Postproc #6 [s_tir.meta_schedule.RewriteTensorize]: 0 failure(s)
2026-08-26 16:06:10 [INFO] [evolutionary_search.cc:551] Sample-Init-Population summary:
Trace replay failures: 0 failure(s)
Postproc #0 [s_tir.meta_schedule.DisallowDynamicLoop]: 0 failure(s)
Postproc #1 [s_tir.meta_schedule.RewriteCooperativeFetch]: 0 failure(s)
Postproc #2 [s_tir.meta_schedule.RewriteUnboundBlock]: 0 failure(s)
Postproc #3 [s_tir.meta_schedule.RewriteParallelVectorizeUnroll]: 0 failure(s)
Postproc #4 [s_tir.meta_schedule.RewriteReductionBlock]: 0 failure(s)
Postproc #5 [s_tir.meta_schedule.VerifyGPUCode]: 2852 failure(s)
Postproc #6 [s_tir.meta_schedule.RewriteTensorize]: 0 failure(s)
2026-08-26 16:06:11 [INFO] [evolutionary_search.cc:551] Sample-Init-Population summary:
Trace replay failures: 0 failure(s)
Postproc #0 [s_tir.meta_schedule.DisallowDynamicLoop]: 0 failure(s)
Postproc #1 [s_tir.meta_schedule.RewriteCooperativeFetch]: 0 failure(s)
Postproc #2 [s_tir.meta_schedule.RewriteUnboundBlock]: 0 failure(s)
Postproc #3 [s_tir.meta_schedule.RewriteParallelVectorizeUnroll]: 0 failure(s)
Postproc #4 [s_tir.meta_schedule.RewriteReductionBlock]: 0 failure(s)
Postproc #5 [s_tir.meta_schedule.VerifyGPUCode]: 3260 failure(s)
Postproc #6 [s_tir.meta_schedule.RewriteTensorize]: 0 failure(s)
2026-08-26 16:06:12 [INFO] [evolutionary_search.cc:551] Sample-Init-Population summary:
Trace replay failures: 0 failure(s)
Postproc #0 [s_tir.meta_schedule.DisallowDynamicLoop]: 0 failure(s)
Postproc #1 [s_tir.meta_schedule.RewriteCooperativeFetch]: 0 failure(s)
Postproc #2 [s_tir.meta_schedule.RewriteUnboundBlock]: 0 failure(s)
Postproc #3 [s_tir.meta_schedule.RewriteParallelVectorizeUnroll]: 0 failure(s)
Postproc #4 [s_tir.meta_schedule.RewriteReductionBlock]: 0 failure(s)
Postproc #5 [s_tir.meta_schedule.VerifyGPUCode]: 3666 failure(s)
Postproc #6 [s_tir.meta_schedule.RewriteTensorize]: 0 failure(s)
2026-08-26 16:06:13 [INFO] [evolutionary_search.cc:551] Sample-Init-Population summary:
Trace replay failures: 0 failure(s)
Postproc #0 [s_tir.meta_schedule.DisallowDynamicLoop]: 0 failure(s)
Postproc #1 [s_tir.meta_schedule.RewriteCooperativeFetch]: 0 failure(s)
Postproc #2 [s_tir.meta_schedule.RewriteUnboundBlock]: 0 failure(s)
Postproc #3 [s_tir.meta_schedule.RewriteParallelVectorizeUnroll]: 0 failure(s)
Postproc #4 [s_tir.meta_schedule.RewriteReductionBlock]: 0 failure(s)
Postproc #5 [s_tir.meta_schedule.VerifyGPUCode]: 4072 failure(s)
Postproc #6 [s_tir.meta_schedule.RewriteTensorize]: 0 failure(s)
2026-08-26 16:06:14 [INFO] [evolutionary_search.cc:551] Sample-Init-Population summary:
Trace replay failures: 0 failure(s)
Postproc #0 [s_tir.meta_schedule.DisallowDynamicLoop]: 0 failure(s)
Postproc #1 [s_tir.meta_schedule.RewriteCooperativeFetch]: 0 failure(s)
Postproc #2 [s_tir.meta_schedule.RewriteUnboundBlock]: 0 failure(s)
Postproc #3 [s_tir.meta_schedule.RewriteParallelVectorizeUnroll]: 0 failure(s)
Postproc #4 [s_tir.meta_schedule.RewriteReductionBlock]: 0 failure(s)
Postproc #5 [s_tir.meta_schedule.VerifyGPUCode]: 4482 failure(s)
Postproc #6 [s_tir.meta_schedule.RewriteTensorize]: 0 failure(s)
2026-08-26 16:06:15 [INFO] [evolutionary_search.cc:551] Sample-Init-Population summary:
Trace replay failures: 0 failure(s)
Postproc #0 [s_tir.meta_schedule.DisallowDynamicLoop]: 0 failure(s)
Postproc #1 [s_tir.meta_schedule.RewriteCooperativeFetch]: 0 failure(s)
Postproc #2 [s_tir.meta_schedule.RewriteUnboundBlock]: 0 failure(s)
Postproc #3 [s_tir.meta_schedule.RewriteParallelVectorizeUnroll]: 0 failure(s)
Postproc #4 [s_tir.meta_schedule.RewriteReductionBlock]: 0 failure(s)
Postproc #5 [s_tir.meta_schedule.VerifyGPUCode]: 4890 failure(s)
Postproc #6 [s_tir.meta_schedule.RewriteTensorize]: 0 failure(s)
2026-08-26 16:06:16 [INFO] [evolutionary_search.cc:551] Sample-Init-Population summary:
Trace replay failures: 0 failure(s)
Postproc #0 [s_tir.meta_schedule.DisallowDynamicLoop]: 0 failure(s)
Postproc #1 [s_tir.meta_schedule.RewriteCooperativeFetch]: 0 failure(s)
Postproc #2 [s_tir.meta_schedule.RewriteUnboundBlock]: 0 failure(s)
Postproc #3 [s_tir.meta_schedule.RewriteParallelVectorizeUnroll]: 0 failure(s)
Postproc #4 [s_tir.meta_schedule.RewriteReductionBlock]: 0 failure(s)
Postproc #5 [s_tir.meta_schedule.VerifyGPUCode]: 5297 failure(s)
Postproc #6 [s_tir.meta_schedule.RewriteTensorize]: 0 failure(s)
2026-08-26 16:06:17 [INFO] [evolutionary_search.cc:551] Sample-Init-Population summary:
Trace replay failures: 0 failure(s)
Postproc #0 [s_tir.meta_schedule.DisallowDynamicLoop]: 0 failure(s)
Postproc #1 [s_tir.meta_schedule.RewriteCooperativeFetch]: 0 failure(s)
Postproc #2 [s_tir.meta_schedule.RewriteUnboundBlock]: 0 failure(s)
Postproc #3 [s_tir.meta_schedule.RewriteParallelVectorizeUnroll]: 0 failure(s)
Postproc #4 [s_tir.meta_schedule.RewriteReductionBlock]: 0 failure(s)
Postproc #5 [s_tir.meta_schedule.VerifyGPUCode]: 5704 failure(s)
Postproc #6 [s_tir.meta_schedule.RewriteTensorize]: 0 failure(s)
2026-08-26 16:06:18 [INFO] [evolutionary_search.cc:551] Sample-Init-Population summary:
Trace replay failures: 0 failure(s)
Postproc #0 [s_tir.meta_schedule.DisallowDynamicLoop]: 0 failure(s)
Postproc #1 [s_tir.meta_schedule.RewriteCooperativeFetch]: 0 failure(s)
Postproc #2 [s_tir.meta_schedule.RewriteUnboundBlock]: 0 failure(s)
Postproc #3 [s_tir.meta_schedule.RewriteParallelVectorizeUnroll]: 0 failure(s)
Postproc #4 [s_tir.meta_schedule.RewriteReductionBlock]: 0 failure(s)
Postproc #5 [s_tir.meta_schedule.VerifyGPUCode]: 6110 failure(s)
Postproc #6 [s_tir.meta_schedule.RewriteTensorize]: 0 failure(s)
2026-08-26 16:06:18 [INFO] [evolutionary_search.cc:551] Sample-Init-Population summary:
Trace replay failures: 0 failure(s)
Postproc #0 [s_tir.meta_schedule.DisallowDynamicLoop]: 0 failure(s)
Postproc #1 [s_tir.meta_schedule.RewriteCooperativeFetch]: 0 failure(s)
Postproc #2 [s_tir.meta_schedule.RewriteUnboundBlock]: 0 failure(s)
Postproc #3 [s_tir.meta_schedule.RewriteParallelVectorizeUnroll]: 0 failure(s)
Postproc #4 [s_tir.meta_schedule.RewriteReductionBlock]: 0 failure(s)
Postproc #5 [s_tir.meta_schedule.VerifyGPUCode]: 6517 failure(s)
Postproc #6 [s_tir.meta_schedule.RewriteTensorize]: 0 failure(s)
2026-08-26 16:06:19 [INFO] [evolutionary_search.cc:551] Sample-Init-Population summary:
Trace replay failures: 0 failure(s)
Postproc #0 [s_tir.meta_schedule.DisallowDynamicLoop]: 0 failure(s)
Postproc #1 [s_tir.meta_schedule.RewriteCooperativeFetch]: 0 failure(s)
Postproc #2 [s_tir.meta_schedule.RewriteUnboundBlock]: 0 failure(s)
Postproc #3 [s_tir.meta_schedule.RewriteParallelVectorizeUnroll]: 0 failure(s)
Postproc #4 [s_tir.meta_schedule.RewriteReductionBlock]: 0 failure(s)
Postproc #5 [s_tir.meta_schedule.VerifyGPUCode]: 6924 failure(s)
Postproc #6 [s_tir.meta_schedule.RewriteTensorize]: 0 failure(s)
2026-08-26 16:06:20 [INFO] [evolutionary_search.cc:551] Sample-Init-Population summary:
Trace replay failures: 0 failure(s)
Postproc #0 [s_tir.meta_schedule.DisallowDynamicLoop]: 0 failure(s)
Postproc #1 [s_tir.meta_schedule.RewriteCooperativeFetch]: 0 failure(s)
Postproc #2 [s_tir.meta_schedule.RewriteUnboundBlock]: 0 failure(s)
Postproc #3 [s_tir.meta_schedule.RewriteParallelVectorizeUnroll]: 0 failure(s)
Postproc #4 [s_tir.meta_schedule.RewriteReductionBlock]: 0 failure(s)
Postproc #5 [s_tir.meta_schedule.VerifyGPUCode]: 7331 failure(s)
Postproc #6 [s_tir.meta_schedule.RewriteTensorize]: 0 failure(s)
2026-08-26 16:06:21 [INFO] [evolutionary_search.cc:551] Sample-Init-Population summary:
Trace replay failures: 0 failure(s)
Postproc #0 [s_tir.meta_schedule.DisallowDynamicLoop]: 0 failure(s)
Postproc #1 [s_tir.meta_schedule.RewriteCooperativeFetch]: 0 failure(s)
Postproc #2 [s_tir.meta_schedule.RewriteUnboundBlock]: 0 failure(s)
Postproc #3 [s_tir.meta_schedule.RewriteParallelVectorizeUnroll]: 0 failure(s)
Postproc #4 [s_tir.meta_schedule.RewriteReductionBlock]: 0 failure(s)
Postproc #5 [s_tir.meta_schedule.VerifyGPUCode]: 7740 failure(s)
Postproc #6 [s_tir.meta_schedule.RewriteTensorize]: 0 failure(s)
2026-08-26 16:06:21 [INFO] [evolutionary_search.cc:748] Sampled 50 candidate(s)
2026-08-26 16:06:23 [INFO] [evolutionary_search.cc:645] Evolve iter #0 done. Summary:
Trace replay failures: 0 failure(s)
Postproc #0 [s_tir.meta_schedule.DisallowDynamicLoop]: 0 failure(s)
Postproc #1 [s_tir.meta_schedule.RewriteCooperativeFetch]: 0 failure(s)
Postproc #2 [s_tir.meta_schedule.RewriteUnboundBlock]: 0 failure(s)
Postproc #3 [s_tir.meta_schedule.RewriteParallelVectorizeUnroll]: 0 failure(s)
Postproc #4 [s_tir.meta_schedule.RewriteReductionBlock]: 0 failure(s)
Postproc #5 [s_tir.meta_schedule.VerifyGPUCode]: 34 failure(s)
Postproc #6 [s_tir.meta_schedule.RewriteTensorize]: 0 failure(s)
2026-08-26 16:06:26 [INFO] [evolutionary_search.cc:645] Evolve iter #1 done. Summary:
Trace replay failures: 0 failure(s)
Postproc #0 [s_tir.meta_schedule.DisallowDynamicLoop]: 0 failure(s)
Postproc #1 [s_tir.meta_schedule.RewriteCooperativeFetch]: 0 failure(s)
Postproc #2 [s_tir.meta_schedule.RewriteUnboundBlock]: 0 failure(s)
Postproc #3 [s_tir.meta_schedule.RewriteParallelVectorizeUnroll]: 0 failure(s)
Postproc #4 [s_tir.meta_schedule.RewriteReductionBlock]: 0 failure(s)
Postproc #5 [s_tir.meta_schedule.VerifyGPUCode]: 36 failure(s)
Postproc #6 [s_tir.meta_schedule.RewriteTensorize]: 0 failure(s)
2026-08-26 16:06:29 [INFO] [evolutionary_search.cc:645] Evolve iter #2 done. Summary:
Trace replay failures: 0 failure(s)
Postproc #0 [s_tir.meta_schedule.DisallowDynamicLoop]: 0 failure(s)
Postproc #1 [s_tir.meta_schedule.RewriteCooperativeFetch]: 0 failure(s)
Postproc #2 [s_tir.meta_schedule.RewriteUnboundBlock]: 0 failure(s)
Postproc #3 [s_tir.meta_schedule.RewriteParallelVectorizeUnroll]: 0 failure(s)
Postproc #4 [s_tir.meta_schedule.RewriteReductionBlock]: 0 failure(s)
Postproc #5 [s_tir.meta_schedule.VerifyGPUCode]: 23 failure(s)
Postproc #6 [s_tir.meta_schedule.RewriteTensorize]: 0 failure(s)
2026-08-26 16:06:32 [INFO] [evolutionary_search.cc:645] Evolve iter #3 done. Summary:
Trace replay failures: 0 failure(s)
Postproc #0 [s_tir.meta_schedule.DisallowDynamicLoop]: 0 failure(s)
Postproc #1 [s_tir.meta_schedule.RewriteCooperativeFetch]: 0 failure(s)
Postproc #2 [s_tir.meta_schedule.RewriteUnboundBlock]: 0 failure(s)
Postproc #3 [s_tir.meta_schedule.RewriteParallelVectorizeUnroll]: 0 failure(s)
Postproc #4 [s_tir.meta_schedule.RewriteReductionBlock]: 0 failure(s)
Postproc #5 [s_tir.meta_schedule.VerifyGPUCode]: 31 failure(s)
Postproc #6 [s_tir.meta_schedule.RewriteTensorize]: 0 failure(s)
2026-08-26 16:06:33 [INFO] [evolutionary_search.cc:673] Scores of the best 64 candidates:
[1 : 16]:	1.0298  1.0298  1.0159  1.0159  0.9687  0.9544  0.9544  0.9512  0.9512  0.9452  0.9452  0.9432  0.9432  0.9432  0.9432  0.9376
[17 : 32]:	0.9376  0.9357  0.9341  0.9324  0.9312  0.9309  0.9309  0.9309  0.9309  0.9309  0.9309  0.9229  0.9145  0.9145  0.9129  0.9129
[33 : 48]:	0.9113  0.8996  0.8992  0.8981  0.8981  0.8966  0.8966  0.8966  0.8942  0.8942  0.8942  0.8910  0.8901  0.8892  0.8853  0.8800
[49 : 64]:	0.8754  0.8754  0.8732  0.8732  0.8724  0.8715  0.8708  0.8708  0.8703  0.8620  0.8600  0.8600  0.8560  0.8560  0.8551  0.8550
2026-08-26 16:06:33 [INFO] [evolutionary_search.cc:752] Got 64 candidate(s) with evolutionary search
2026-08-26 16:06:33 [INFO] [evolutionary_search.cc:755] Sending 64 candidates(s) for measurement
2026-08-26 16:07:23 [INFO] [task_scheduler.cc:144] [Task #0: main] Trial #257: GFLOPs: 9587.8237. Time: 342.9698 us. Best GFLOPs: 11032.8397
2026-08-26 16:07:23 [INFO] [task_scheduler.cc:144] [Task #0: main] Trial #258: GFLOPs: 9870.6102. Time: 333.1440 us. Best GFLOPs: 11032.8397
2026-08-26 16:07:23 [INFO] [task_scheduler.cc:144] [Task #0: main] Trial #259: GFLOPs: 9630.2228. Time: 341.4598 us. Best GFLOPs: 11032.8397
2026-08-26 16:07:23 [INFO] [task_scheduler.cc:144] [Task #0: main] Trial #260: GFLOPs: 9588.4330. Time: 342.9480 us. Best GFLOPs: 11032.8397
2026-08-26 16:07:23 [INFO] [task_scheduler.cc:144] [Task #0: main] Trial #261: GFLOPs: 9866.8656. Time: 333.2704 us. Best GFLOPs: 11032.8397
2026-08-26 16:07:23 [INFO] [task_scheduler.cc:144] [Task #0: main] Trial #262: GFLOPs: 9384.6327. Time: 350.3956 us. Best GFLOPs: 11032.8397
2026-08-26 16:07:23 [INFO] [task_scheduler.cc:144] [Task #0: main] Trial #263: GFLOPs: 10182.6845. Time: 322.9339 us. Best GFLOPs: 11032.8397
2026-08-26 16:07:23 [INFO] [task_scheduler.cc:144] [Task #0: main] Trial #264: GFLOPs: 10481.5199. Time: 313.7269 us. Best GFLOPs: 11032.8397
2026-08-26 16:07:23 [INFO] [task_scheduler.cc:144] [Task #0: main] Trial #265: GFLOPs: 10436.6388. Time: 315.0760 us. Best GFLOPs: 11032.8397
2026-08-26 16:07:23 [INFO] [task_scheduler.cc:144] [Task #0: main] Trial #266: GFLOPs: 9198.6580. Time: 357.4798 us. Best GFLOPs: 11032.8397
2026-08-26 16:07:23 [INFO] [task_scheduler.cc:144] [Task #0: main] Trial #267: GFLOPs: 9079.1903. Time: 362.1837 us. Best GFLOPs: 11032.8397
2026-08-26 16:07:23 [INFO] [task_scheduler.cc:144] [Task #0: main] Trial #268: GFLOPs: 10517.6717. Time: 312.6485 us. Best GFLOPs: 11032.8397
2026-08-26 16:07:23 [INFO] [task_scheduler.cc:144] [Task #0: main] Trial #269: GFLOPs: 10003.9356. Time: 328.7041 us. Best GFLOPs: 11032.8397
2026-08-26 16:07:23 [INFO] [task_scheduler.cc:144] [Task #0: main] Trial #270: GFLOPs: 10294.1576. Time: 319.4370 us. Best GFLOPs: 11032.8397
2026-08-26 16:07:23 [INFO] [task_scheduler.cc:144] [Task #0: main] Trial #271: GFLOPs: 10065.1219. Time: 326.7059 us. Best GFLOPs: 11032.8397
2026-08-26 16:07:23 [INFO] [task_scheduler.cc:144] [Task #0: main] Trial #272: GFLOPs: 10600.9945. Time: 310.1911 us. Best GFLOPs: 11032.8397
2026-08-26 16:07:23 [INFO] [task_scheduler.cc:144] [Task #0: main] Trial #273: GFLOPs: 10448.2599. Time: 314.7255 us. Best GFLOPs: 11032.8397
2026-08-26 16:07:23 [INFO] [task_scheduler.cc:144] [Task #0: main] Trial #274: GFLOPs: 10536.0066. Time: 312.1044 us. Best GFLOPs: 11032.8397
2026-08-26 16:07:23 [INFO] [task_scheduler.cc:144] [Task #0: main] Trial #275: GFLOPs: 10001.1721. Time: 328.7949 us. Best GFLOPs: 11032.8397
2026-08-26 16:07:23 [INFO] [task_scheduler.cc:144] [Task #0: main] Trial #276: GFLOPs: 10667.3506. Time: 308.2616 us. Best GFLOPs: 11032.8397
2026-08-26 16:07:23 [INFO] [task_scheduler.cc:144] [Task #0: main] Trial #277: GFLOPs: 8940.6500. Time: 367.7959 us. Best GFLOPs: 11032.8397
2026-08-26 16:07:23 [INFO] [task_scheduler.cc:144] [Task #0: main] Trial #278: GFLOPs: 10409.3328. Time: 315.9025 us. Best GFLOPs: 11032.8397
2026-08-26 16:07:23 [INFO] [task_scheduler.cc:144] [Task #0: main] Trial #279: GFLOPs: 10656.6195. Time: 308.5720 us. Best GFLOPs: 11032.8397
2026-08-26 16:07:23 [INFO] [task_scheduler.cc:144] [Task #0: main] Trial #280: GFLOPs: 10525.2508. Time: 312.4234 us. Best GFLOPs: 11032.8397
2026-08-26 16:07:23 [INFO] [task_scheduler.cc:144] [Task #0: main] Trial #281: GFLOPs: 10619.7198. Time: 309.6442 us. Best GFLOPs: 11032.8397
2026-08-26 16:07:23 [INFO] [task_scheduler.cc:144] [Task #0: main] Trial #282: GFLOPs: 10555.3142. Time: 311.5335 us. Best GFLOPs: 11032.8397
2026-08-26 16:07:23 [INFO] [task_scheduler.cc:144] [Task #0: main] Trial #283: GFLOPs: 10441.2156. Time: 314.9379 us. Best GFLOPs: 11032.8397
2026-08-26 16:07:23 [INFO] [task_scheduler.cc:144] [Task #0: main] Trial #284: GFLOPs: 9393.4824. Time: 350.0655 us. Best GFLOPs: 11032.8397
2026-08-26 16:07:23 [INFO] [task_scheduler.cc:144] [Task #0: main] Trial #285: GFLOPs: 10217.3939. Time: 321.8369 us. Best GFLOPs: 11032.8397
2026-08-26 16:07:23 [INFO] [task_scheduler.cc:144] [Task #0: main] Trial #286: GFLOPs: 10261.6783. Time: 320.4480 us. Best GFLOPs: 11032.8397
2026-08-26 16:07:23 [INFO] [task_scheduler.cc:144] [Task #0: main] Trial #287: GFLOPs: 10071.4848. Time: 326.4995 us. Best GFLOPs: 11032.8397
2026-08-26 16:07:23 [INFO] [task_scheduler.cc:144] [Task #0: main] Trial #288: GFLOPs: 9696.0876. Time: 339.1403 us. Best GFLOPs: 11032.8397
2026-08-26 16:07:23 [INFO] [task_scheduler.cc:144] [Task #0: main] Trial #289: GFLOPs: 9745.7086. Time: 337.4136 us. Best GFLOPs: 11032.8397
2026-08-26 16:07:23 [INFO] [task_scheduler.cc:144] [Task #0: main] Trial #290: GFLOPs: 9675.1738. Time: 339.8734 us. Best GFLOPs: 11032.8397
2026-08-26 16:07:23 [INFO] [task_scheduler.cc:144] [Task #0: main] Trial #291: GFLOPs: 9662.0346. Time: 340.3356 us. Best GFLOPs: 11032.8397
2026-08-26 16:07:23 [INFO] [task_scheduler.cc:144] [Task #0: main] Trial #292: GFLOPs: 10237.4530. Time: 321.2063 us. Best GFLOPs: 11032.8397
2026-08-26 16:07:23 [INFO] [task_scheduler.cc:144] [Task #0: main] Trial #293: GFLOPs: 10515.4297. Time: 312.7152 us. Best GFLOPs: 11032.8397
2026-08-26 16:07:23 [INFO] [task_scheduler.cc:144] [Task #0: main] Trial #294: GFLOPs: 9655.7033. Time: 340.5588 us. Best GFLOPs: 11032.8397
2026-08-26 16:07:23 [INFO] [task_scheduler.cc:144] [Task #0: main] Trial #295: GFLOPs: 9907.7214. Time: 331.8961 us. Best GFLOPs: 11032.8397
2026-08-26 16:07:23 [INFO] [task_scheduler.cc:144] [Task #0: main] Trial #296: GFLOPs: 10148.8178. Time: 324.0116 us. Best GFLOPs: 11032.8397
2026-08-26 16:07:23 [INFO] [task_scheduler.cc:144] [Task #0: main] Trial #297: GFLOPs: 10601.5876. Time: 310.1738 us. Best GFLOPs: 11032.8397
2026-08-26 16:07:23 [INFO] [task_scheduler.cc:144] [Task #0: main] Trial #298: GFLOPs: 10612.5268. Time: 309.8540 us. Best GFLOPs: 11032.8397
2026-08-26 16:07:23 [INFO] [task_scheduler.cc:144] [Task #0: main] Trial #299: GFLOPs: 10697.1651. Time: 307.4024 us. Best GFLOPs: 11032.8397
2026-08-26 16:07:23 [INFO] [task_scheduler.cc:144] [Task #0: main] Trial #300: GFLOPs: 8526.7059. Time: 385.6512 us. Best GFLOPs: 11032.8397
2026-08-26 16:07:23 [INFO] [task_scheduler.cc:144] [Task #0: main] Trial #301: GFLOPs: 9643.3446. Time: 340.9952 us. Best GFLOPs: 11032.8397
2026-08-26 16:07:23 [INFO] [task_scheduler.cc:144] [Task #0: main] Trial #302: GFLOPs: 7243.2891. Time: 453.9836 us. Best GFLOPs: 11032.8397
2026-08-26 16:07:23 [INFO] [task_scheduler.cc:144] [Task #0: main] Trial #303: GFLOPs: 9812.9485. Time: 335.1016 us. Best GFLOPs: 11032.8397
2026-08-26 16:07:23 [INFO] [task_scheduler.cc:144] [Task #0: main] Trial #304: GFLOPs: 5468.2815. Time: 601.3469 us. Best GFLOPs: 11032.8397
2026-08-26 16:07:23 [INFO] [task_scheduler.cc:144] [Task #0: main] Trial #305: GFLOPs: 9326.4231. Time: 352.5826 us. Best GFLOPs: 11032.8397
2026-08-26 16:07:23 [INFO] [task_scheduler.cc:144] [Task #0: main] Trial #306: GFLOPs: 9687.6295. Time: 339.4364 us. Best GFLOPs: 11032.8397
2026-08-26 16:07:23 [INFO] [task_scheduler.cc:144] [Task #0: main] Trial #307: GFLOPs: 9547.9222. Time: 344.4031 us. Best GFLOPs: 11032.8397
2026-08-26 16:07:23 [INFO] [task_scheduler.cc:144] [Task #0: main] Trial #308: GFLOPs: 9828.7212. Time: 334.5638 us. Best GFLOPs: 11032.8397
2026-08-26 16:07:23 [INFO] [task_scheduler.cc:144] [Task #0: main] Trial #309: GFLOPs: 9433.8167. Time: 348.5688 us. Best GFLOPs: 11032.8397
2026-08-26 16:07:23 [INFO] [task_scheduler.cc:144] [Task #0: main] Trial #310: GFLOPs: 8279.7130. Time: 397.1556 us. Best GFLOPs: 11032.8397
2026-08-26 16:07:23 [INFO] [task_scheduler.cc:144] [Task #0: main] Trial #311: GFLOPs: 9426.8956. Time: 348.8247 us. Best GFLOPs: 11032.8397
2026-08-26 16:07:23 [INFO] [task_scheduler.cc:144] [Task #0: main] Trial #312: GFLOPs: 9284.3741. Time: 354.1794 us. Best GFLOPs: 11032.8397
2026-08-26 16:07:23 [INFO] [task_scheduler.cc:144] [Task #0: main] Trial #313: GFLOPs: 10383.2435. Time: 316.6963 us. Best GFLOPs: 11032.8397
2026-08-26 16:07:23 [INFO] [task_scheduler.cc:144] [Task #0: main] Trial #314: GFLOPs: 8027.3820. Time: 409.6397 us. Best GFLOPs: 11032.8397
2026-08-26 16:07:23 [INFO] [task_scheduler.cc:144] [Task #0: main] Trial #315: GFLOPs: 9333.2964. Time: 352.3229 us. Best GFLOPs: 11032.8397
2026-08-26 16:07:23 [INFO] [task_scheduler.cc:144] [Task #0: main] Trial #316: GFLOPs: 9414.3995. Time: 349.2877 us. Best GFLOPs: 11032.8397
2026-08-26 16:07:23 [INFO] [task_scheduler.cc:144] [Task #0: main] Trial #317: GFLOPs: 9478.8296. Time: 346.9135 us. Best GFLOPs: 11032.8397
2026-08-26 16:07:23 [INFO] [task_scheduler.cc:144] [Task #0: main] Trial #318: GFLOPs: 2361.3378. Time: 1392.5726 us. Best GFLOPs: 11032.8397
2026-08-26 16:07:23 [INFO] [task_scheduler.cc:144] [Task #0: main] Trial #319: GFLOPs: 86.3638. Time: 38075.3910 us. Best GFLOPs: 11032.8397
2026-08-26 16:07:23 [INFO] [task_scheduler.cc:144] [Task #0: main] Trial #320: GFLOPs: 2349.8658. Time: 1399.3711 us. Best GFLOPs: 11032.8397
2026-08-26 16:07:23 [INFO] [evolutionary_search.cc:738] Generating candidates......
2026-08-26 16:07:24 [INFO] [evolutionary_search.cc:505] Pick-Best-From-Database summary:
Trace replay failures: 0 failure(s)
Postproc #0 [s_tir.meta_schedule.DisallowDynamicLoop]: 0 failure(s)
Postproc #1 [s_tir.meta_schedule.RewriteCooperativeFetch]: 0 failure(s)
Postproc #2 [s_tir.meta_schedule.RewriteUnboundBlock]: 0 failure(s)
Postproc #3 [s_tir.meta_schedule.RewriteParallelVectorizeUnroll]: 0 failure(s)
Postproc #4 [s_tir.meta_schedule.RewriteReductionBlock]: 0 failure(s)
Postproc #5 [s_tir.meta_schedule.VerifyGPUCode]: 0 failure(s)
Postproc #6 [s_tir.meta_schedule.RewriteTensorize]: 0 failure(s)
2026-08-26 16:07:24 [INFO] [evolutionary_search.cc:740] Picked top 102 candidate(s) from database
2026-08-26 16:07:25 [INFO] [evolutionary_search.cc:551] Sample-Init-Population summary:
Trace replay failures: 0 failure(s)
Postproc #0 [s_tir.meta_schedule.DisallowDynamicLoop]: 0 failure(s)
Postproc #1 [s_tir.meta_schedule.RewriteCooperativeFetch]: 0 failure(s)
Postproc #2 [s_tir.meta_schedule.RewriteUnboundBlock]: 0 failure(s)
Postproc #3 [s_tir.meta_schedule.RewriteParallelVectorizeUnroll]: 0 failure(s)
Postproc #4 [s_tir.meta_schedule.RewriteReductionBlock]: 0 failure(s)
Postproc #5 [s_tir.meta_schedule.VerifyGPUCode]: 408 failure(s)
Postproc #6 [s_tir.meta_schedule.RewriteTensorize]: 0 failure(s)
2026-08-26 16:07:26 [INFO] [evolutionary_search.cc:551] Sample-Init-Population summary:
Trace replay failures: 0 failure(s)
Postproc #0 [s_tir.meta_schedule.DisallowDynamicLoop]: 0 failure(s)
Postproc #1 [s_tir.meta_schedule.RewriteCooperativeFetch]: 0 failure(s)
Postproc #2 [s_tir.meta_schedule.RewriteUnboundBlock]: 0 failure(s)
Postproc #3 [s_tir.meta_schedule.RewriteParallelVectorizeUnroll]: 0 failure(s)
Postproc #4 [s_tir.meta_schedule.RewriteReductionBlock]: 0 failure(s)
Postproc #5 [s_tir.meta_schedule.VerifyGPUCode]: 816 failure(s)
Postproc #6 [s_tir.meta_schedule.RewriteTensorize]: 0 failure(s)
2026-08-26 16:07:26 [INFO] [evolutionary_search.cc:551] Sample-Init-Population summary:
Trace replay failures: 0 failure(s)
Postproc #0 [s_tir.meta_schedule.DisallowDynamicLoop]: 0 failure(s)
Postproc #1 [s_tir.meta_schedule.RewriteCooperativeFetch]: 0 failure(s)
Postproc #2 [s_tir.meta_schedule.RewriteUnboundBlock]: 0 failure(s)
Postproc #3 [s_tir.meta_schedule.RewriteParallelVectorizeUnroll]: 0 failure(s)
Postproc #4 [s_tir.meta_schedule.RewriteReductionBlock]: 0 failure(s)
Postproc #5 [s_tir.meta_schedule.VerifyGPUCode]: 1221 failure(s)
Postproc #6 [s_tir.meta_schedule.RewriteTensorize]: 0 failure(s)
2026-08-26 16:07:27 [INFO] [evolutionary_search.cc:551] Sample-Init-Population summary:
Trace replay failures: 0 failure(s)
Postproc #0 [s_tir.meta_schedule.DisallowDynamicLoop]: 0 failure(s)
Postproc #1 [s_tir.meta_schedule.RewriteCooperativeFetch]: 0 failure(s)
Postproc #2 [s_tir.meta_schedule.RewriteUnboundBlock]: 0 failure(s)
Postproc #3 [s_tir.meta_schedule.RewriteParallelVectorizeUnroll]: 0 failure(s)
Postproc #4 [s_tir.meta_schedule.RewriteReductionBlock]: 0 failure(s)
Postproc #5 [s_tir.meta_schedule.VerifyGPUCode]: 1631 failure(s)
Postproc #6 [s_tir.meta_schedule.RewriteTensorize]: 0 failure(s)
2026-08-26 16:07:28 [INFO] [evolutionary_search.cc:551] Sample-Init-Population summary:
Trace replay failures: 0 failure(s)
Postproc #0 [s_tir.meta_schedule.DisallowDynamicLoop]: 0 failure(s)
Postproc #1 [s_tir.meta_schedule.RewriteCooperativeFetch]: 0 failure(s)
Postproc #2 [s_tir.meta_schedule.RewriteUnboundBlock]: 0 failure(s)
Postproc #3 [s_tir.meta_schedule.RewriteParallelVectorizeUnroll]: 0 failure(s)
Postproc #4 [s_tir.meta_schedule.RewriteReductionBlock]: 0 failure(s)
Postproc #5 [s_tir.meta_schedule.VerifyGPUCode]: 2040 failure(s)
Postproc #6 [s_tir.meta_schedule.RewriteTensorize]: 0 failure(s)
2026-08-26 16:07:29 [INFO] [evolutionary_search.cc:551] Sample-Init-Population summary:
Trace replay failures: 0 failure(s)
Postproc #0 [s_tir.meta_schedule.DisallowDynamicLoop]: 0 failure(s)
Postproc #1 [s_tir.meta_schedule.RewriteCooperativeFetch]: 0 failure(s)
Postproc #2 [s_tir.meta_schedule.RewriteUnboundBlock]: 0 failure(s)
Postproc #3 [s_tir.meta_schedule.RewriteParallelVectorizeUnroll]: 0 failure(s)
Postproc #4 [s_tir.meta_schedule.RewriteReductionBlock]: 0 failure(s)
Postproc #5 [s_tir.meta_schedule.VerifyGPUCode]: 2447 failure(s)
Postproc #6 [s_tir.meta_schedule.RewriteTensorize]: 0 failure(s)
2026-08-26 16:07:30 [INFO] [evolutionary_search.cc:551] Sample-Init-Population summary:
Trace replay failures: 0 failure(s)
Postproc #0 [s_tir.meta_schedule.DisallowDynamicLoop]: 0 failure(s)
Postproc #1 [s_tir.meta_schedule.RewriteCooperativeFetch]: 0 failure(s)
Postproc #2 [s_tir.meta_schedule.RewriteUnboundBlock]: 0 failure(s)
Postproc #3 [s_tir.meta_schedule.RewriteParallelVectorizeUnroll]: 0 failure(s)
Postproc #4 [s_tir.meta_schedule.RewriteReductionBlock]: 0 failure(s)
Postproc #5 [s_tir.meta_schedule.VerifyGPUCode]: 2851 failure(s)
Postproc #6 [s_tir.meta_schedule.RewriteTensorize]: 0 failure(s)
2026-08-26 16:07:31 [INFO] [evolutionary_search.cc:551] Sample-Init-Population summary:
Trace replay failures: 0 failure(s)
Postproc #0 [s_tir.meta_schedule.DisallowDynamicLoop]: 0 failure(s)
Postproc #1 [s_tir.meta_schedule.RewriteCooperativeFetch]: 0 failure(s)
Postproc #2 [s_tir.meta_schedule.RewriteUnboundBlock]: 0 failure(s)
Postproc #3 [s_tir.meta_schedule.RewriteParallelVectorizeUnroll]: 0 failure(s)
Postproc #4 [s_tir.meta_schedule.RewriteReductionBlock]: 0 failure(s)
Postproc #5 [s_tir.meta_schedule.VerifyGPUCode]: 3261 failure(s)
Postproc #6 [s_tir.meta_schedule.RewriteTensorize]: 0 failure(s)
2026-08-26 16:07:32 [INFO] [evolutionary_search.cc:551] Sample-Init-Population summary:
Trace replay failures: 0 failure(s)
Postproc #0 [s_tir.meta_schedule.DisallowDynamicLoop]: 0 failure(s)
Postproc #1 [s_tir.meta_schedule.RewriteCooperativeFetch]: 0 failure(s)
Postproc #2 [s_tir.meta_schedule.RewriteUnboundBlock]: 0 failure(s)
Postproc #3 [s_tir.meta_schedule.RewriteParallelVectorizeUnroll]: 0 failure(s)
Postproc #4 [s_tir.meta_schedule.RewriteReductionBlock]: 0 failure(s)
Postproc #5 [s_tir.meta_schedule.VerifyGPUCode]: 3670 failure(s)
Postproc #6 [s_tir.meta_schedule.RewriteTensorize]: 0 failure(s)
2026-08-26 16:07:33 [INFO] [evolutionary_search.cc:551] Sample-Init-Population summary:
Trace replay failures: 0 failure(s)
Postproc #0 [s_tir.meta_schedule.DisallowDynamicLoop]: 0 failure(s)
Postproc #1 [s_tir.meta_schedule.RewriteCooperativeFetch]: 0 failure(s)
Postproc #2 [s_tir.meta_schedule.RewriteUnboundBlock]: 0 failure(s)
Postproc #3 [s_tir.meta_schedule.RewriteParallelVectorizeUnroll]: 0 failure(s)
Postproc #4 [s_tir.meta_schedule.RewriteReductionBlock]: 0 failure(s)
Postproc #5 [s_tir.meta_schedule.VerifyGPUCode]: 4079 failure(s)
Postproc #6 [s_tir.meta_schedule.RewriteTensorize]: 0 failure(s)
2026-08-26 16:07:34 [INFO] [evolutionary_search.cc:551] Sample-Init-Population summary:
Trace replay failures: 0 failure(s)
Postproc #0 [s_tir.meta_schedule.DisallowDynamicLoop]: 0 failure(s)
Postproc #1 [s_tir.meta_schedule.RewriteCooperativeFetch]: 0 failure(s)
Postproc #2 [s_tir.meta_schedule.RewriteUnboundBlock]: 0 failure(s)
Postproc #3 [s_tir.meta_schedule.RewriteParallelVectorizeUnroll]: 0 failure(s)
Postproc #4 [s_tir.meta_schedule.RewriteReductionBlock]: 0 failure(s)
Postproc #5 [s_tir.meta_schedule.VerifyGPUCode]: 4481 failure(s)
Postproc #6 [s_tir.meta_schedule.RewriteTensorize]: 0 failure(s)
2026-08-26 16:07:35 [INFO] [evolutionary_search.cc:551] Sample-Init-Population summary:
Trace replay failures: 0 failure(s)
Postproc #0 [s_tir.meta_schedule.DisallowDynamicLoop]: 0 failure(s)
Postproc #1 [s_tir.meta_schedule.RewriteCooperativeFetch]: 0 failure(s)
Postproc #2 [s_tir.meta_schedule.RewriteUnboundBlock]: 0 failure(s)
Postproc #3 [s_tir.meta_schedule.RewriteParallelVectorizeUnroll]: 0 failure(s)
Postproc #4 [s_tir.meta_schedule.RewriteReductionBlock]: 0 failure(s)
Postproc #5 [s_tir.meta_schedule.VerifyGPUCode]: 4891 failure(s)
Postproc #6 [s_tir.meta_schedule.RewriteTensorize]: 0 failure(s)
2026-08-26 16:07:36 [INFO] [evolutionary_search.cc:551] Sample-Init-Population summary:
Trace replay failures: 0 failure(s)
Postproc #0 [s_tir.meta_schedule.DisallowDynamicLoop]: 0 failure(s)
Postproc #1 [s_tir.meta_schedule.RewriteCooperativeFetch]: 0 failure(s)
Postproc #2 [s_tir.meta_schedule.RewriteUnboundBlock]: 0 failure(s)
Postproc #3 [s_tir.meta_schedule.RewriteParallelVectorizeUnroll]: 0 failure(s)
Postproc #4 [s_tir.meta_schedule.RewriteReductionBlock]: 0 failure(s)
Postproc #5 [s_tir.meta_schedule.VerifyGPUCode]: 5301 failure(s)
Postproc #6 [s_tir.meta_schedule.RewriteTensorize]: 0 failure(s)
2026-08-26 16:07:37 [INFO] [evolutionary_search.cc:551] Sample-Init-Population summary:
Trace replay failures: 0 failure(s)
Postproc #0 [s_tir.meta_schedule.DisallowDynamicLoop]: 0 failure(s)
Postproc #1 [s_tir.meta_schedule.RewriteCooperativeFetch]: 0 failure(s)
Postproc #2 [s_tir.meta_schedule.RewriteUnboundBlock]: 0 failure(s)
Postproc #3 [s_tir.meta_schedule.RewriteParallelVectorizeUnroll]: 0 failure(s)
Postproc #4 [s_tir.meta_schedule.RewriteReductionBlock]: 0 failure(s)
Postproc #5 [s_tir.meta_schedule.VerifyGPUCode]: 5710 failure(s)
Postproc #6 [s_tir.meta_schedule.RewriteTensorize]: 0 failure(s)
2026-08-26 16:07:38 [INFO] [evolutionary_search.cc:551] Sample-Init-Population summary:
Trace replay failures: 0 failure(s)
Postproc #0 [s_tir.meta_schedule.DisallowDynamicLoop]: 0 failure(s)
Postproc #1 [s_tir.meta_schedule.RewriteCooperativeFetch]: 0 failure(s)
Postproc #2 [s_tir.meta_schedule.RewriteUnboundBlock]: 0 failure(s)
Postproc #3 [s_tir.meta_schedule.RewriteParallelVectorizeUnroll]: 0 failure(s)
Postproc #4 [s_tir.meta_schedule.RewriteReductionBlock]: 0 failure(s)
Postproc #5 [s_tir.meta_schedule.VerifyGPUCode]: 6119 failure(s)
Postproc #6 [s_tir.meta_schedule.RewriteTensorize]: 0 failure(s)
2026-08-26 16:07:38 [INFO] [evolutionary_search.cc:551] Sample-Init-Population summary:
Trace replay failures: 0 failure(s)
Postproc #0 [s_tir.meta_schedule.DisallowDynamicLoop]: 0 failure(s)
Postproc #1 [s_tir.meta_schedule.RewriteCooperativeFetch]: 0 failure(s)
Postproc #2 [s_tir.meta_schedule.RewriteUnboundBlock]: 0 failure(s)
Postproc #3 [s_tir.meta_schedule.RewriteParallelVectorizeUnroll]: 0 failure(s)
Postproc #4 [s_tir.meta_schedule.RewriteReductionBlock]: 0 failure(s)
Postproc #5 [s_tir.meta_schedule.VerifyGPUCode]: 6529 failure(s)
Postproc #6 [s_tir.meta_schedule.RewriteTensorize]: 0 failure(s)
2026-08-26 16:07:38 [WARNING] [evolutionary_search.cc:744] Cannot sample enough initial population, evolutionary search failed.
2026-08-26 16:18:37 [INFO] [task_scheduler.cc:175] Initializing Task #0: "main"
2026-08-26 16:18:37 [INFO] [task_scheduler.cc:47] 
# from tvm.script import ir as I
# from tvm.script import tirx as T
# from tvm.tirx.layout import Axis

@I.ir_module
class Module:
    @T.prim_func(s_tir=True)
    def main(X: T.Buffer((1, 8, 2048, 2048), "float16"), W: T.Buffer((8, 1, 7, 7), "float16"), DepthwiseConv2d: T.Buffer((1, 8, 2048, 2048), "float16")):
        T.func_attr({"tirx.noalias": True})
        # with T.sblock("root"):
        PaddedInput = T.sblock_alloc_buffer((1, 8, 2054, 2054), "float16")
        for i0, i1, i2, i3 in T.grid(1, 8, 2054, 2054):
            with T.sblock("PaddedInput"):
                v_i0, v_i1, v_i2, v_i3 = T.axis.remap("SSSS", [i0, i1, i2, i3])
                T.reads(X[v_i0, v_i1, v_i2 - 3, v_i3 - 3])
                T.writes(PaddedInput[v_i0, v_i1, v_i2, v_i3])
                PaddedInput[v_i0, v_i1, v_i2, v_i3] = T.if_then_else(3 <= v_i2 and v_i2 < 2051 and 3 <= v_i3 and v_i3 < 2051, X[v_i0, v_i1, v_i2 - 3, v_i3 - 3], T.float16(0.0))
        for b, c, i, j, di, dj in T.grid(1, 8, 2048, 2048, 7, 7):
            with T.sblock("DepthwiseConv2d"):
                v_b, v_c, v_i, v_j, v_di, v_dj = T.axis.remap("SSSSRR", [b, c, i, j, di, dj])
                T.reads(PaddedInput[v_b, v_c, v_i + v_di, v_j + v_dj], W[v_c, 0, v_di, v_dj])
                T.writes(DepthwiseConv2d[v_b, v_c, v_i, v_j])
                with T.init():
                    DepthwiseConv2d[v_b, v_c, v_i, v_j] = T.float16(0.0)
                DepthwiseConv2d[v_b, v_c, v_i, v_j] = DepthwiseConv2d[v_b, v_c, v_i, v_j] + PaddedInput[v_b, v_c, v_i + v_di, v_j + v_dj] * W[v_c, 0, v_di, v_dj]
2026-08-26 16:18:37 [INFO] [task_scheduler.cc:179] Total 3 design space(s) generated
2026-08-26 16:18:37 [INFO] [task_scheduler.cc:185] Design space #0:
# from tvm.script import ir as I
# from tvm.script import tirx as T
# from tvm.tirx.layout import Axis

@I.ir_module
class Module:
    @T.prim_func(s_tir=True)
    def main(X: T.Buffer((1, 8, 2048, 2048), "float16"), W: T.Buffer((8, 1, 7, 7), "float16"), DepthwiseConv2d: T.Buffer((1, 8, 2048, 2048), "float16")):
        T.func_attr({"tirx.noalias": True})
        with T.sblock("root"):
            T.reads()
            T.writes()
            T.sblock_attr({"meta_schedule.unroll_explicit": 512})
            DepthwiseConv2d_local = T.sblock_alloc_buffer((1, 8, 2048, 2048), "float16", scope="local")
            PaddedInput_shared = T.sblock_alloc_buffer((1, 8, 2054, 2054), "float16", scope="shared")
            W_shared = T.sblock_alloc_buffer((8, 1, 7, 7), "float16", scope="shared")
            for b_0_c_0_i_0_j_0_fused in T.thread_binding(16, thread="blockIdx.x"):
                for b_1_c_1_i_1_j_1_fused in T.thread_binding(128, thread="vthread.x"):
                    for b_2_c_2_i_2_j_2_fused in T.thread_binding(256, thread="threadIdx.x"):
                        for di_0, dj_0 in T.grid(7, 1):
                            for ax0_ax1_ax2_ax3_fused in range(2121728):
                                with T.sblock("PaddedInput_shared"):
                                    v0 = T.axis.spatial(1, 0)
                                    v1 = T.axis.spatial(8, b_0_c_0_i_0_j_0_fused // 8 * 4 + ax0_ax1_ax2_ax3_fused // 530432)
                                    v2 = T.axis.spatial(2054, di_0 + b_0_c_0_i_0_j_0_fused % 8 // 4 * 1024 + ax0_ax1_ax2_ax3_fused % 530432 // 518)
                                    v3 = T.axis.spatial(2054, b_0_c_0_i_0_j_0_fused % 4 * 512 + ax0_ax1_ax2_ax3_fused % 518)
                                    T.reads(X[v0, v1, v2 - 3, v3 - 3])
                                    T.writes(PaddedInput_shared[v0, v1, v2, v3])
                                    T.sblock_attr({"meta_schedule.cooperative_fetch": 2})
                                    PaddedInput_shared[v0, v1, v2, v3] = T.if_then_else(3 <= v2 and v2 < 2051 and 3 <= v3 and v3 < 2051, X[v0, v1, v2 - 3, v3 - 3], T.float16(0.0))
                            for ax0_ax1_ax2_ax3_fused in range(28):
                                with T.sblock("W_shared"):
                                    v0 = T.axis.spatial(8, b_0_c_0_i_0_j_0_fused // 8 * 4 + ax0_ax1_ax2_ax3_fused // 7)
                                    v1 = T.axis.spatial(1, 0)
                                    v2 = T.axis.spatial(7, di_0)
                                    v3 = T.axis.spatial(7, ax0_ax1_ax2_ax3_fused % 7)
                                    T.reads(W[v0, v1, v2, v3])
                                    T.writes(W_shared[v0, v1, v2, v3])
                                    T.sblock_attr({"meta_schedule.cooperative_fetch": 4})
                                    W_shared[v0, v1, v2, v3] = W[v0, v1, v2, v3]
                            for di_1, dj_1, b_3, c_3, i_3, j_3, di_2, dj_2, b_4, c_4, i_4, j_4 in T.grid(1, 7, 1, 1, 4, 2, 1, 1, 1, 4, 1, 2):
                                with T.sblock("DepthwiseConv2d"):
                                    v_b = T.axis.spatial(1, b_3 + b_4)
                                    v_c = T.axis.spatial(8, b_0_c_0_i_0_j_0_fused // 8 * 4 + c_3 * 4 + c_4)
                                    v_i = T.axis.spatial(2048, b_0_c_0_i_0_j_0_fused % 8 // 4 * 1024 + b_1_c_1_i_1_j_1_fused // 4 * 32 + b_2_c_2_i_2_j_2_fused // 32 * 4 + i_3 + i_4)
                                    v_j = T.axis.spatial(2048, b_0_c_0_i_0_j_0_fused % 4 * 512 + b_1_c_1_i_1_j_1_fused % 4 * 128 + b_2_c_2_i_2_j_2_fused % 32 * 4 + j_3 * 2 + j_4)
                                    v_di = T.axis.reduce(7, di_0 + di_1 + di_2)
                                    v_dj = T.axis.reduce(7, dj_0 * 7 + dj_1 + dj_2)
                                    T.reads(PaddedInput_shared[v_b, v_c, v_i + v_di, v_j + v_dj], W_shared[v_c, 0, v_di, v_dj])
                                    T.writes(DepthwiseConv2d_local[v_b, v_c, v_i, v_j])
                                    T.sblock_attr({"meta_schedule.thread_extent_high_inclusive": 1024, "meta_schedule.thread_extent_low_inclusive": 32, "meta_schedule.tiling_structure": "SSSRRSRS"})
                                    with T.init():
                                        DepthwiseConv2d_local[v_b, v_c, v_i, v_j] = T.float16(0.0)
                                    DepthwiseConv2d_local[v_b, v_c, v_i, v_j] = DepthwiseConv2d_local[v_b, v_c, v_i, v_j] + PaddedInput_shared[v_b, v_c, v_i + v_di, v_j + v_dj] * W_shared[v_c, 0, v_di, v_dj]
                        for ax0, ax1, ax2, ax3 in T.grid(1, 4, 4, 4):
                            with T.sblock("DepthwiseConv2d_local"):
                                v0 = T.axis.spatial(1, ax0)
                                v1 = T.axis.spatial(8, b_0_c_0_i_0_j_0_fused // 8 * 4 + ax1)
                                v2 = T.axis.spatial(2048, b_0_c_0_i_0_j_0_fused % 8 // 4 * 1024 + b_1_c_1_i_1_j_1_fused // 4 * 32 + b_2_c_2_i_2_j_2_fused // 32 * 4 + ax2)
                                v3 = T.axis.spatial(2048, b_0_c_0_i_0_j_0_fused % 4 * 512 + b_1_c_1_i_1_j_1_fused % 4 * 128 + b_2_c_2_i_2_j_2_fused % 32 * 4 + ax3)
                                T.reads(DepthwiseConv2d_local[v0, v1, v2, v3])
                                T.writes(DepthwiseConv2d[v0, v1, v2, v3])
                                DepthwiseConv2d[v0, v1, v2, v3] = DepthwiseConv2d_local[v0, v1, v2, v3]
b0 = sch.get_sblock(name="PaddedInput", func_name="main")
b1 = sch.get_sblock(name="DepthwiseConv2d", func_name="main")
b2 = sch.get_sblock(name="root", func_name="main")
sch.annotate(block_or_loop=b1, ann_key="meta_schedule.tiling_structure", ann_val="SSSRRSRS")
l3, l4, l5, l6, l7, l8 = sch.get_loops(block=b1)
v9, v10, v11, v12, v13 = sch.sample_perfect_tile(loop=l3, n=5, max_innermost_factor=64, decision=[1, 1, 1, 1, 1])
l14, l15, l16, l17, l18 = sch.split(loop=l3, factors=[v9, v10, v11, v12, v13], preserve_unit_iters=True, disable_predication=False)
v19, v20, v21, v22, v23 = sch.sample_perfect_tile(loop=l4, n=5, max_innermost_factor=64, decision=[2, 1, 1, 1, 4])
l24, l25, l26, l27, l28 = sch.split(loop=l4, factors=[v19, v20, v21, v22, v23], preserve_unit_iters=True, disable_predication=False)
v29, v30, v31, v32, v33 = sch.sample_perfect_tile(loop=l5, n=5, max_innermost_factor=64, decision=[2, 32, 8, 4, 1])
l34, l35, l36, l37, l38 = sch.split(loop=l5, factors=[v29, v30, v31, v32, v33], preserve_unit_iters=True, disable_predication=False)
v39, v40, v41, v42, v43 = sch.sample_perfect_tile(loop=l6, n=5, max_innermost_factor=64, decision=[4, 4, 32, 2, 2])
l44, l45, l46, l47, l48 = sch.split(loop=l6, factors=[v39, v40, v41, v42, v43], preserve_unit_iters=True, disable_predication=False)
v49, v50, v51 = sch.sample_perfect_tile(loop=l7, n=3, max_innermost_factor=64, decision=[7, 1, 1])
l52, l53, l54 = sch.split(loop=l7, factors=[v49, v50, v51], preserve_unit_iters=True, disable_predication=False)
v55, v56, v57 = sch.sample_perfect_tile(loop=l8, n=3, max_innermost_factor=64, decision=[1, 7, 1])
l58, l59, l60 = sch.split(loop=l8, factors=[v55, v56, v57], preserve_unit_iters=True, disable_predication=False)
sch.reorder(l14, l24, l34, l44, l15, l25, l35, l45, l16, l26, l36, l46, l52, l58, l53, l59, l17, l27, l37, l47, l54, l60, l18, l28, l38, l48)
l61 = sch.fuse(l14, l24, l34, l44, preserve_unit_iters=True)
sch.bind(loop=l61, thread_axis="blockIdx.x")
l62 = sch.fuse(l15, l25, l35, l45, preserve_unit_iters=True)
sch.bind(loop=l62, thread_axis="vthread.x")
l63 = sch.fuse(l16, l26, l36, l46, preserve_unit_iters=True)
sch.bind(loop=l63, thread_axis="threadIdx.x")
sch.annotate(block_or_loop=b1, ann_key="meta_schedule.thread_extent_low_inclusive", ann_val=32)
sch.annotate(block_or_loop=b1, ann_key="meta_schedule.thread_extent_high_inclusive", ann_val=1024)
b64 = sch.cache_write(block=b1, write_buffer_index=0, storage_scope="local")
sch.reverse_compute_at(block=b64, loop=l63, preserve_unit_loops=True, index=-1)
b65 = sch.cache_read(block=b1, read_buffer_index=0, storage_scope="shared", consumer_blocks=[b1])
sch.compute_at(block=b65, loop=l58, preserve_unit_loops=True, index=-1)
l66, l67, l68, l69, l70, l71, l72, l73, l74 = sch.get_loops(block=b65)
l75 = sch.fuse(l71, l72, l73, l74, preserve_unit_iters=True)
v76 = sch.sample_categorical(candidates=[1, 2, 4, 8], probs=[0.25, 0.25, 0.25, 0.25], decision=1)
sch.annotate(block_or_loop=b65, ann_key="meta_schedule.cooperative_fetch", ann_val=v76)
b77 = sch.cache_read(block=b1, read_buffer_index=1, storage_scope="shared", consumer_blocks=[b1])
sch.compute_at(block=b77, loop=l58, preserve_unit_loops=True, index=-1)
l78, l79, l80, l81, l82, l83, l84, l85, l86 = sch.get_loops(block=b77)
l87 = sch.fuse(l83, l84, l85, l86, preserve_unit_iters=True)
v88 = sch.sample_categorical(candidates=[1, 2, 4, 8], probs=[0.25, 0.25, 0.25, 0.25], decision=2)
sch.annotate(block_or_loop=b77, ann_key="meta_schedule.cooperative_fetch", ann_val=v88)
sch.compute_inline(block=b0)
v89 = sch.sample_categorical(candidates=[0, 16, 32, 64, 128, 256, 512, 1024], probs=[0.125, 0.125, 0.125, 0.125, 0.125, 0.125, 0.125, 0.125], decision=6)
sch.annotate(block_or_loop=b2, ann_key="meta_schedule.unroll_explicit", ann_val=v89)
2026-08-26 16:18:37 [INFO] [task_scheduler.cc:185] Design space #1:
# from tvm.script import ir as I
# from tvm.script import tirx as T
# from tvm.tirx.layout import Axis

@I.ir_module
class Module:
    @T.prim_func(s_tir=True)
    def main(X: T.Buffer((1, 8, 2048, 2048), "float16"), W: T.Buffer((8, 1, 7, 7), "float16"), DepthwiseConv2d: T.Buffer((1, 8, 2048, 2048), "float16")):
        T.func_attr({"tirx.noalias": True})
        with T.sblock("root"):
            T.reads()
            T.writes()
            T.sblock_attr({"meta_schedule.unroll_explicit": 32})
            DepthwiseConv2d_local = T.sblock_alloc_buffer((1, 8, 2048, 2048), "float16", scope="local")
            PaddedInput_shared = T.sblock_alloc_buffer((1, 8, 2054, 2054), "float16", scope="shared")
            W_shared = T.sblock_alloc_buffer((8, 1, 7, 7), "float16", scope="shared")
            for b_0_c_0_i_0_j_0_fused in T.thread_binding(16, thread="blockIdx.x"):
                for b_1_c_1_i_1_j_1_fused in T.thread_binding(128, thread="vthread.x"):
                    for b_2_c_2_i_2_j_2_fused in T.thread_binding(256, thread="threadIdx.x"):
                        for di_0_dj_0_fused in T.serial(7, annotations={"software_pipeline_async_stages": [0], "software_pipeline_order": [0, 1, 2], "software_pipeline_stage": [0, 0, 2]}):
                            for ax0_ax1_ax2_ax3_fused in range(2121728):
                                with T.sblock("PaddedInput_shared"):
                                    v0 = T.axis.spatial(1, 0)
                                    v1 = T.axis.spatial(8, b_0_c_0_i_0_j_0_fused // 8 * 4 + ax0_ax1_ax2_ax3_fused // 530432)
                                    v2 = T.axis.spatial(2054, di_0_dj_0_fused + b_0_c_0_i_0_j_0_fused % 8 // 4 * 1024 + ax0_ax1_ax2_ax3_fused % 530432 // 518)
                                    v3 = T.axis.spatial(2054, b_0_c_0_i_0_j_0_fused % 4 * 512 + ax0_ax1_ax2_ax3_fused % 518)
                                    T.reads(X[v0, v1, v2 - 3, v3 - 3])
                                    T.writes(PaddedInput_shared[v0, v1, v2, v3])
                                    T.sblock_attr({"meta_schedule.cooperative_fetch": 2})
                                    PaddedInput_shared[v0, v1, v2, v3] = T.if_then_else(3 <= v2 and v2 < 2051 and 3 <= v3 and v3 < 2051, X[v0, v1, v2 - 3, v3 - 3], T.float16(0.0))
                            for ax0_ax1_ax2_ax3_fused in range(28):
                                with T.sblock("W_shared"):
                                    v0 = T.axis.spatial(8, b_0_c_0_i_0_j_0_fused // 8 * 4 + ax0_ax1_ax2_ax3_fused // 7)
                                    v1 = T.axis.spatial(1, 0)
                                    v2 = T.axis.spatial(7, di_0_dj_0_fused)
                                    v3 = T.axis.spatial(7, ax0_ax1_ax2_ax3_fused % 7)
                                    T.reads(W[v0, v1, v2, v3])
                                    T.writes(W_shared[v0, v1, v2, v3])
                                    T.sblock_attr({"meta_schedule.cooperative_fetch": 4})
                                    W_shared[v0, v1, v2, v3] = W[v0, v1, v2, v3]
                            for di_1, dj_1, b_3, c_3, i_3, j_3, di_2, dj_2, b_4, c_4, i_4, j_4 in T.grid(1, 7, 1, 1, 4, 2, 1, 1, 1, 4, 1, 2):
                                with T.sblock("DepthwiseConv2d"):
                                    v_b = T.axis.spatial(1, b_3 + b_4)
                                    v_c = T.axis.spatial(8, b_0_c_0_i_0_j_0_fused // 8 * 4 + c_3 * 4 + c_4)
                                    v_i = T.axis.spatial(2048, b_0_c_0_i_0_j_0_fused % 8 // 4 * 1024 + b_1_c_1_i_1_j_1_fused // 4 * 32 + b_2_c_2_i_2_j_2_fused // 32 * 4 + i_3 + i_4)
                                    v_j = T.axis.spatial(2048, b_0_c_0_i_0_j_0_fused % 4 * 512 + b_1_c_1_i_1_j_1_fused % 4 * 128 + b_2_c_2_i_2_j_2_fused % 32 * 4 + j_3 * 2 + j_4)
                                    v_di = T.axis.reduce(7, di_0_dj_0_fused + di_1 + di_2)
                                    v_dj = T.axis.reduce(7, dj_1 + dj_2)
                                    T.reads(PaddedInput_shared[v_b, v_c, v_i + v_di, v_j + v_dj], W_shared[v_c, 0, v_di, v_dj])
                                    T.writes(DepthwiseConv2d_local[v_b, v_c, v_i, v_j])
                                    T.sblock_attr({"meta_schedule.thread_extent_high_inclusive": 1024, "meta_schedule.thread_extent_low_inclusive": 32, "meta_schedule.tiling_structure": "SSSRRSRS"})
                                    with T.init():
                                        DepthwiseConv2d_local[v_b, v_c, v_i, v_j] = T.float16(0.0)
                                    DepthwiseConv2d_local[v_b, v_c, v_i, v_j] = DepthwiseConv2d_local[v_b, v_c, v_i, v_j] + PaddedInput_shared[v_b, v_c, v_i + v_di, v_j + v_dj] * W_shared[v_c, 0, v_di, v_dj]
                        for ax0, ax1, ax2, ax3 in T.grid(1, 4, 4, 4):
                            with T.sblock("DepthwiseConv2d_local"):
                                v0 = T.axis.spatial(1, ax0)
                                v1 = T.axis.spatial(8, b_0_c_0_i_0_j_0_fused // 8 * 4 + ax1)
                                v2 = T.axis.spatial(2048, b_0_c_0_i_0_j_0_fused % 8 // 4 * 1024 + b_1_c_1_i_1_j_1_fused // 4 * 32 + b_2_c_2_i_2_j_2_fused // 32 * 4 + ax2)
                                v3 = T.axis.spatial(2048, b_0_c_0_i_0_j_0_fused % 4 * 512 + b_1_c_1_i_1_j_1_fused % 4 * 128 + b_2_c_2_i_2_j_2_fused % 32 * 4 + ax3)
                                T.reads(DepthwiseConv2d_local[v0, v1, v2, v3])
                                T.writes(DepthwiseConv2d[v0, v1, v2, v3])
                                DepthwiseConv2d[v0, v1, v2, v3] = DepthwiseConv2d_local[v0, v1, v2, v3]
b0 = sch.get_sblock(name="PaddedInput", func_name="main")
b1 = sch.get_sblock(name="DepthwiseConv2d", func_name="main")
b2 = sch.get_sblock(name="root", func_name="main")
sch.annotate(block_or_loop=b1, ann_key="meta_schedule.tiling_structure", ann_val="SSSRRSRS")
l3, l4, l5, l6, l7, l8 = sch.get_loops(block=b1)
v9, v10, v11, v12, v13 = sch.sample_perfect_tile(loop=l3, n=5, max_innermost_factor=64, decision=[1, 1, 1, 1, 1])
l14, l15, l16, l17, l18 = sch.split(loop=l3, factors=[v9, v10, v11, v12, v13], preserve_unit_iters=True, disable_predication=False)
v19, v20, v21, v22, v23 = sch.sample_perfect_tile(loop=l4, n=5, max_innermost_factor=64, decision=[2, 1, 1, 1, 4])
l24, l25, l26, l27, l28 = sch.split(loop=l4, factors=[v19, v20, v21, v22, v23], preserve_unit_iters=True, disable_predication=False)
v29, v30, v31, v32, v33 = sch.sample_perfect_tile(loop=l5, n=5, max_innermost_factor=64, decision=[2, 32, 8, 4, 1])
l34, l35, l36, l37, l38 = sch.split(loop=l5, factors=[v29, v30, v31, v32, v33], preserve_unit_iters=True, disable_predication=False)
v39, v40, v41, v42, v43 = sch.sample_perfect_tile(loop=l6, n=5, max_innermost_factor=64, decision=[4, 4, 32, 2, 2])
l44, l45, l46, l47, l48 = sch.split(loop=l6, factors=[v39, v40, v41, v42, v43], preserve_unit_iters=True, disable_predication=False)
v49, v50, v51 = sch.sample_perfect_tile(loop=l7, n=3, max_innermost_factor=64, decision=[7, 1, 1])
l52, l53, l54 = sch.split(loop=l7, factors=[v49, v50, v51], preserve_unit_iters=True, disable_predication=False)
v55, v56, v57 = sch.sample_perfect_tile(loop=l8, n=3, max_innermost_factor=64, decision=[1, 7, 1])
l58, l59, l60 = sch.split(loop=l8, factors=[v55, v56, v57], preserve_unit_iters=True, disable_predication=False)
sch.reorder(l14, l24, l34, l44, l15, l25, l35, l45, l16, l26, l36, l46, l52, l58, l53, l59, l17, l27, l37, l47, l54, l60, l18, l28, l38, l48)
l61 = sch.fuse(l14, l24, l34, l44, preserve_unit_iters=True)
sch.bind(loop=l61, thread_axis="blockIdx.x")
l62 = sch.fuse(l15, l25, l35, l45, preserve_unit_iters=True)
sch.bind(loop=l62, thread_axis="vthread.x")
l63 = sch.fuse(l16, l26, l36, l46, preserve_unit_iters=True)
sch.bind(loop=l63, thread_axis="threadIdx.x")
sch.annotate(block_or_loop=b1, ann_key="meta_schedule.thread_extent_low_inclusive", ann_val=32)
sch.annotate(block_or_loop=b1, ann_key="meta_schedule.thread_extent_high_inclusive", ann_val=1024)
b64 = sch.cache_write(block=b1, write_buffer_index=0, storage_scope="local")
sch.reverse_compute_at(block=b64, loop=l63, preserve_unit_loops=True, index=-1)
b65 = sch.cache_read(block=b1, read_buffer_index=0, storage_scope="shared", consumer_blocks=[b1])
sch.compute_at(block=b65, loop=l58, preserve_unit_loops=True, index=-1)
l66, l67, l68, l69, l70, l71, l72, l73, l74 = sch.get_loops(block=b65)
l75 = sch.fuse(l71, l72, l73, l74, preserve_unit_iters=True)
v76 = sch.sample_categorical(candidates=[1, 2, 4, 8], probs=[0.25, 0.25, 0.25, 0.25], decision=1)
sch.annotate(block_or_loop=b65, ann_key="meta_schedule.cooperative_fetch", ann_val=v76)
b77 = sch.cache_read(block=b1, read_buffer_index=1, storage_scope="shared", consumer_blocks=[b1])
sch.compute_at(block=b77, loop=l58, preserve_unit_loops=True, index=-1)
l78, l79, l80, l81, l82, l83, l84, l85, l86 = sch.get_loops(block=b77)
l87 = sch.fuse(l83, l84, l85, l86, preserve_unit_iters=True)
v88 = sch.sample_categorical(candidates=[1, 2, 4, 8], probs=[0.25, 0.25, 0.25, 0.25], decision=2)
sch.annotate(block_or_loop=b77, ann_key="meta_schedule.cooperative_fetch", ann_val=v88)
l89 = sch.fuse(l52, l58, preserve_unit_iters=True)
sch.annotate(block_or_loop=l89, ann_key="software_pipeline_stage", ann_val=[0, 0, 2])
sch.annotate(block_or_loop=l89, ann_key="software_pipeline_order", ann_val=[0, 1, 2])
sch.annotate(block_or_loop=l89, ann_key="software_pipeline_async_stages", ann_val=[0])
sch.compute_inline(block=b0)
v90 = sch.sample_categorical(candidates=[0, 16, 32, 64, 128, 256, 512, 1024], probs=[0.125, 0.125, 0.125, 0.125, 0.125, 0.125, 0.125, 0.125], decision=2)
sch.annotate(block_or_loop=b2, ann_key="meta_schedule.unroll_explicit", ann_val=v90)
2026-08-26 16:18:37 [INFO] [task_scheduler.cc:185] Design space #2:
# from tvm.script import ir as I
# from tvm.script import tirx as T
# from tvm.tirx.layout import Axis

@I.ir_module
class Module:
    @T.prim_func(s_tir=True)
    def main(X: T.Buffer((1, 8, 2048, 2048), "float16"), W: T.Buffer((8, 1, 7, 7), "float16"), DepthwiseConv2d: T.Buffer((1, 8, 2048, 2048), "float16")):
        T.func_attr({"tirx.noalias": True})
        with T.sblock("root"):
            T.reads()
            T.writes()
            T.sblock_attr({"meta_schedule.unroll_explicit": 128})
            DepthwiseConv2d_local = T.sblock_alloc_buffer((1, 8, 2048, 2048), "float16", scope="local")
            PaddedInput_shared = T.sblock_alloc_buffer((1, 8, 2054, 2054), "float16", scope="shared")
            W_shared = T.sblock_alloc_buffer((8, 1, 7, 7), "float16", scope="shared")
            for b_0_c_0_i_0_j_0_fused in T.thread_binding(16, thread="blockIdx.x"):
                for b_1_c_1_i_1_j_1_fused in T.thread_binding(128, thread="vthread.x"):
                    for b_2_c_2_i_2_j_2_fused in T.thread_binding(256, thread="threadIdx.x"):
                        for di_0_dj_0_fused in T.serial(7, annotations={"software_pipeline_async_stages": [0], "software_pipeline_order": [0, 1, 2], "software_pipeline_stage": [0, 0, 3]}):
                            for ax0_ax1_ax2_ax3_fused in range(2121728):
                                with T.sblock("PaddedInput_shared"):
                                    v0 = T.axis.spatial(1, 0)
                                    v1 = T.axis.spatial(8, b_0_c_0_i_0_j_0_fused // 8 * 4 + ax0_ax1_ax2_ax3_fused // 530432)
                                    v2 = T.axis.spatial(2054, di_0_dj_0_fused + b_0_c_0_i_0_j_0_fused % 8 // 4 * 1024 + ax0_ax1_ax2_ax3_fused % 530432 // 518)
                                    v3 = T.axis.spatial(2054, b_0_c_0_i_0_j_0_fused % 4 * 512 + ax0_ax1_ax2_ax3_fused % 518)
                                    T.reads(X[v0, v1, v2 - 3, v3 - 3])
                                    T.writes(PaddedInput_shared[v0, v1, v2, v3])
                                    T.sblock_attr({"meta_schedule.cooperative_fetch": 2})
                                    PaddedInput_shared[v0, v1, v2, v3] = T.if_then_else(3 <= v2 and v2 < 2051 and 3 <= v3 and v3 < 2051, X[v0, v1, v2 - 3, v3 - 3], T.float16(0.0))
                            for ax0_ax1_ax2_ax3_fused in range(28):
                                with T.sblock("W_shared"):
                                    v0 = T.axis.spatial(8, b_0_c_0_i_0_j_0_fused // 8 * 4 + ax0_ax1_ax2_ax3_fused // 7)
                                    v1 = T.axis.spatial(1, 0)
                                    v2 = T.axis.spatial(7, di_0_dj_0_fused)
                                    v3 = T.axis.spatial(7, ax0_ax1_ax2_ax3_fused % 7)
                                    T.reads(W[v0, v1, v2, v3])
                                    T.writes(W_shared[v0, v1, v2, v3])
                                    T.sblock_attr({"meta_schedule.cooperative_fetch": 4})
                                    W_shared[v0, v1, v2, v3] = W[v0, v1, v2, v3]
                            for di_1, dj_1, b_3, c_3, i_3, j_3, di_2, dj_2, b_4, c_4, i_4, j_4 in T.grid(1, 7, 1, 1, 4, 2, 1, 1, 1, 4, 1, 2):
                                with T.sblock("DepthwiseConv2d"):
                                    v_b = T.axis.spatial(1, b_3 + b_4)
                                    v_c = T.axis.spatial(8, b_0_c_0_i_0_j_0_fused // 8 * 4 + c_3 * 4 + c_4)
                                    v_i = T.axis.spatial(2048, b_0_c_0_i_0_j_0_fused % 8 // 4 * 1024 + b_1_c_1_i_1_j_1_fused // 4 * 32 + b_2_c_2_i_2_j_2_fused // 32 * 4 + i_3 + i_4)
                                    v_j = T.axis.spatial(2048, b_0_c_0_i_0_j_0_fused % 4 * 512 + b_1_c_1_i_1_j_1_fused % 4 * 128 + b_2_c_2_i_2_j_2_fused % 32 * 4 + j_3 * 2 + j_4)
                                    v_di = T.axis.reduce(7, di_0_dj_0_fused + di_1 + di_2)
                                    v_dj = T.axis.reduce(7, dj_1 + dj_2)
                                    T.reads(PaddedInput_shared[v_b, v_c, v_i + v_di, v_j + v_dj], W_shared[v_c, 0, v_di, v_dj])
                                    T.writes(DepthwiseConv2d_local[v_b, v_c, v_i, v_j])
                                    T.sblock_attr({"meta_schedule.thread_extent_high_inclusive": 1024, "meta_schedule.thread_extent_low_inclusive": 32, "meta_schedule.tiling_structure": "SSSRRSRS"})
                                    with T.init():
                                        DepthwiseConv2d_local[v_b, v_c, v_i, v_j] = T.float16(0.0)
                                    DepthwiseConv2d_local[v_b, v_c, v_i, v_j] = DepthwiseConv2d_local[v_b, v_c, v_i, v_j] + PaddedInput_shared[v_b, v_c, v_i + v_di, v_j + v_dj] * W_shared[v_c, 0, v_di, v_dj]
                        for ax0, ax1, ax2, ax3 in T.grid(1, 4, 4, 4):
                            with T.sblock("DepthwiseConv2d_local"):
                                v0 = T.axis.spatial(1, ax0)
                                v1 = T.axis.spatial(8, b_0_c_0_i_0_j_0_fused // 8 * 4 + ax1)
                                v2 = T.axis.spatial(2048, b_0_c_0_i_0_j_0_fused % 8 // 4 * 1024 + b_1_c_1_i_1_j_1_fused // 4 * 32 + b_2_c_2_i_2_j_2_fused // 32 * 4 + ax2)
                                v3 = T.axis.spatial(2048, b_0_c_0_i_0_j_0_fused % 4 * 512 + b_1_c_1_i_1_j_1_fused % 4 * 128 + b_2_c_2_i_2_j_2_fused % 32 * 4 + ax3)
                                T.reads(DepthwiseConv2d_local[v0, v1, v2, v3])
                                T.writes(DepthwiseConv2d[v0, v1, v2, v3])
                                DepthwiseConv2d[v0, v1, v2, v3] = DepthwiseConv2d_local[v0, v1, v2, v3]
b0 = sch.get_sblock(name="PaddedInput", func_name="main")
b1 = sch.get_sblock(name="DepthwiseConv2d", func_name="main")
b2 = sch.get_sblock(name="root", func_name="main")
sch.annotate(block_or_loop=b1, ann_key="meta_schedule.tiling_structure", ann_val="SSSRRSRS")
l3, l4, l5, l6, l7, l8 = sch.get_loops(block=b1)
v9, v10, v11, v12, v13 = sch.sample_perfect_tile(loop=l3, n=5, max_innermost_factor=64, decision=[1, 1, 1, 1, 1])
l14, l15, l16, l17, l18 = sch.split(loop=l3, factors=[v9, v10, v11, v12, v13], preserve_unit_iters=True, disable_predication=False)
v19, v20, v21, v22, v23 = sch.sample_perfect_tile(loop=l4, n=5, max_innermost_factor=64, decision=[2, 1, 1, 1, 4])
l24, l25, l26, l27, l28 = sch.split(loop=l4, factors=[v19, v20, v21, v22, v23], preserve_unit_iters=True, disable_predication=False)
v29, v30, v31, v32, v33 = sch.sample_perfect_tile(loop=l5, n=5, max_innermost_factor=64, decision=[2, 32, 8, 4, 1])
l34, l35, l36, l37, l38 = sch.split(loop=l5, factors=[v29, v30, v31, v32, v33], preserve_unit_iters=True, disable_predication=False)
v39, v40, v41, v42, v43 = sch.sample_perfect_tile(loop=l6, n=5, max_innermost_factor=64, decision=[4, 4, 32, 2, 2])
l44, l45, l46, l47, l48 = sch.split(loop=l6, factors=[v39, v40, v41, v42, v43], preserve_unit_iters=True, disable_predication=False)
v49, v50, v51 = sch.sample_perfect_tile(loop=l7, n=3, max_innermost_factor=64, decision=[7, 1, 1])
l52, l53, l54 = sch.split(loop=l7, factors=[v49, v50, v51], preserve_unit_iters=True, disable_predication=False)
v55, v56, v57 = sch.sample_perfect_tile(loop=l8, n=3, max_innermost_factor=64, decision=[1, 7, 1])
l58, l59, l60 = sch.split(loop=l8, factors=[v55, v56, v57], preserve_unit_iters=True, disable_predication=False)
sch.reorder(l14, l24, l34, l44, l15, l25, l35, l45, l16, l26, l36, l46, l52, l58, l53, l59, l17, l27, l37, l47, l54, l60, l18, l28, l38, l48)
l61 = sch.fuse(l14, l24, l34, l44, preserve_unit_iters=True)
sch.bind(loop=l61, thread_axis="blockIdx.x")
l62 = sch.fuse(l15, l25, l35, l45, preserve_unit_iters=True)
sch.bind(loop=l62, thread_axis="vthread.x")
l63 = sch.fuse(l16, l26, l36, l46, preserve_unit_iters=True)
sch.bind(loop=l63, thread_axis="threadIdx.x")
sch.annotate(block_or_loop=b1, ann_key="meta_schedule.thread_extent_low_inclusive", ann_val=32)
sch.annotate(block_or_loop=b1, ann_key="meta_schedule.thread_extent_high_inclusive", ann_val=1024)
b64 = sch.cache_write(block=b1, write_buffer_index=0, storage_scope="local")
sch.reverse_compute_at(block=b64, loop=l63, preserve_unit_loops=True, index=-1)
b65 = sch.cache_read(block=b1, read_buffer_index=0, storage_scope="shared", consumer_blocks=[b1])
sch.compute_at(block=b65, loop=l58, preserve_unit_loops=True, index=-1)
l66, l67, l68, l69, l70, l71, l72, l73, l74 = sch.get_loops(block=b65)
l75 = sch.fuse(l71, l72, l73, l74, preserve_unit_iters=True)
v76 = sch.sample_categorical(candidates=[1, 2, 4, 8], probs=[0.25, 0.25, 0.25, 0.25], decision=1)
sch.annotate(block_or_loop=b65, ann_key="meta_schedule.cooperative_fetch", ann_val=v76)
b77 = sch.cache_read(block=b1, read_buffer_index=1, storage_scope="shared", consumer_blocks=[b1])
sch.compute_at(block=b77, loop=l58, preserve_unit_loops=True, index=-1)
l78, l79, l80, l81, l82, l83, l84, l85, l86 = sch.get_loops(block=b77)
l87 = sch.fuse(l83, l84, l85, l86, preserve_unit_iters=True)
v88 = sch.sample_categorical(candidates=[1, 2, 4, 8], probs=[0.25, 0.25, 0.25, 0.25], decision=2)
sch.annotate(block_or_loop=b77, ann_key="meta_schedule.cooperative_fetch", ann_val=v88)
l89 = sch.fuse(l52, l58, preserve_unit_iters=True)
sch.annotate(block_or_loop=l89, ann_key="software_pipeline_stage", ann_val=[0, 0, 3])
sch.annotate(block_or_loop=l89, ann_key="software_pipeline_order", ann_val=[0, 1, 2])
sch.annotate(block_or_loop=l89, ann_key="software_pipeline_async_stages", ann_val=[0])
sch.compute_inline(block=b0)
v90 = sch.sample_categorical(candidates=[0, 16, 32, 64, 128, 256, 512, 1024], probs=[0.125, 0.125, 0.125, 0.125, 0.125, 0.125, 0.125, 0.125], decision=4)
sch.annotate(block_or_loop=b2, ann_key="meta_schedule.unroll_explicit", ann_val=v90)
2026-08-26 16:18:37 [INFO] [evolutionary_search.cc:738] Generating candidates......
2026-08-26 16:18:37 [INFO] [evolutionary_search.cc:505] Pick-Best-From-Database summary:
Trace replay failures: 0 failure(s)
Postproc #0 [s_tir.meta_schedule.DisallowDynamicLoop]: 0 failure(s)
Postproc #1 [s_tir.meta_schedule.RewriteCooperativeFetch]: 0 failure(s)
Postproc #2 [s_tir.meta_schedule.RewriteUnboundBlock]: 0 failure(s)
Postproc #3 [s_tir.meta_schedule.RewriteParallelVectorizeUnroll]: 0 failure(s)
Postproc #4 [s_tir.meta_schedule.RewriteReductionBlock]: 0 failure(s)
Postproc #5 [s_tir.meta_schedule.VerifyGPUCode]: 0 failure(s)
Postproc #6 [s_tir.meta_schedule.RewriteTensorize]: 0 failure(s)
2026-08-26 16:18:37 [INFO] [evolutionary_search.cc:740] Picked top 102 candidate(s) from database
2026-08-26 16:18:38 [INFO] [evolutionary_search.cc:551] Sample-Init-Population summary:
Trace replay failures: 0 failure(s)
Postproc #0 [s_tir.meta_schedule.DisallowDynamicLoop]: 0 failure(s)
Postproc #1 [s_tir.meta_schedule.RewriteCooperativeFetch]: 0 failure(s)
Postproc #2 [s_tir.meta_schedule.RewriteUnboundBlock]: 0 failure(s)
Postproc #3 [s_tir.meta_schedule.RewriteParallelVectorizeUnroll]: 0 failure(s)
Postproc #4 [s_tir.meta_schedule.RewriteReductionBlock]: 0 failure(s)
Postproc #5 [s_tir.meta_schedule.VerifyGPUCode]: 408 failure(s)
Postproc #6 [s_tir.meta_schedule.RewriteTensorize]: 0 failure(s)
2026-08-26 16:18:39 [INFO] [evolutionary_search.cc:551] Sample-Init-Population summary:
Trace replay failures: 0 failure(s)
Postproc #0 [s_tir.meta_schedule.DisallowDynamicLoop]: 0 failure(s)
Postproc #1 [s_tir.meta_schedule.RewriteCooperativeFetch]: 0 failure(s)
Postproc #2 [s_tir.meta_schedule.RewriteUnboundBlock]: 0 failure(s)
Postproc #3 [s_tir.meta_schedule.RewriteParallelVectorizeUnroll]: 0 failure(s)
Postproc #4 [s_tir.meta_schedule.RewriteReductionBlock]: 0 failure(s)
Postproc #5 [s_tir.meta_schedule.VerifyGPUCode]: 815 failure(s)
Postproc #6 [s_tir.meta_schedule.RewriteTensorize]: 0 failure(s)
2026-08-26 16:18:40 [INFO] [evolutionary_search.cc:551] Sample-Init-Population summary:
Trace replay failures: 0 failure(s)
Postproc #0 [s_tir.meta_schedule.DisallowDynamicLoop]: 0 failure(s)
Postproc #1 [s_tir.meta_schedule.RewriteCooperativeFetch]: 0 failure(s)
Postproc #2 [s_tir.meta_schedule.RewriteUnboundBlock]: 0 failure(s)
Postproc #3 [s_tir.meta_schedule.RewriteParallelVectorizeUnroll]: 0 failure(s)
Postproc #4 [s_tir.meta_schedule.RewriteReductionBlock]: 0 failure(s)
Postproc #5 [s_tir.meta_schedule.VerifyGPUCode]: 1222 failure(s)
Postproc #6 [s_tir.meta_schedule.RewriteTensorize]: 0 failure(s)
2026-08-26 16:18:41 [INFO] [evolutionary_search.cc:551] Sample-Init-Population summary:
Trace replay failures: 0 failure(s)
Postproc #0 [s_tir.meta_schedule.DisallowDynamicLoop]: 0 failure(s)
Postproc #1 [s_tir.meta_schedule.RewriteCooperativeFetch]: 0 failure(s)
Postproc #2 [s_tir.meta_schedule.RewriteUnboundBlock]: 0 failure(s)
Postproc #3 [s_tir.meta_schedule.RewriteParallelVectorizeUnroll]: 0 failure(s)
Postproc #4 [s_tir.meta_schedule.RewriteReductionBlock]: 0 failure(s)
Postproc #5 [s_tir.meta_schedule.VerifyGPUCode]: 1626 failure(s)
Postproc #6 [s_tir.meta_schedule.RewriteTensorize]: 0 failure(s)
2026-08-26 16:18:42 [INFO] [evolutionary_search.cc:551] Sample-Init-Population summary:
Trace replay failures: 0 failure(s)
Postproc #0 [s_tir.meta_schedule.DisallowDynamicLoop]: 0 failure(s)
Postproc #1 [s_tir.meta_schedule.RewriteCooperativeFetch]: 0 failure(s)
Postproc #2 [s_tir.meta_schedule.RewriteUnboundBlock]: 0 failure(s)
Postproc #3 [s_tir.meta_schedule.RewriteParallelVectorizeUnroll]: 0 failure(s)
Postproc #4 [s_tir.meta_schedule.RewriteReductionBlock]: 0 failure(s)
Postproc #5 [s_tir.meta_schedule.VerifyGPUCode]: 2029 failure(s)
Postproc #6 [s_tir.meta_schedule.RewriteTensorize]: 0 failure(s)
2026-08-26 16:18:43 [INFO] [evolutionary_search.cc:551] Sample-Init-Population summary:
Trace replay failures: 0 failure(s)
Postproc #0 [s_tir.meta_schedule.DisallowDynamicLoop]: 0 failure(s)
Postproc #1 [s_tir.meta_schedule.RewriteCooperativeFetch]: 0 failure(s)
Postproc #2 [s_tir.meta_schedule.RewriteUnboundBlock]: 0 failure(s)
Postproc #3 [s_tir.meta_schedule.RewriteParallelVectorizeUnroll]: 0 failure(s)
Postproc #4 [s_tir.meta_schedule.RewriteReductionBlock]: 0 failure(s)
Postproc #5 [s_tir.meta_schedule.VerifyGPUCode]: 2435 failure(s)
Postproc #6 [s_tir.meta_schedule.RewriteTensorize]: 0 failure(s)
2026-08-26 16:18:44 [INFO] [evolutionary_search.cc:551] Sample-Init-Population summary:
Trace replay failures: 0 failure(s)
Postproc #0 [s_tir.meta_schedule.DisallowDynamicLoop]: 0 failure(s)
Postproc #1 [s_tir.meta_schedule.RewriteCooperativeFetch]: 0 failure(s)
Postproc #2 [s_tir.meta_schedule.RewriteUnboundBlock]: 0 failure(s)
Postproc #3 [s_tir.meta_schedule.RewriteParallelVectorizeUnroll]: 0 failure(s)
Postproc #4 [s_tir.meta_schedule.RewriteReductionBlock]: 0 failure(s)
Postproc #5 [s_tir.meta_schedule.VerifyGPUCode]: 2841 failure(s)
Postproc #6 [s_tir.meta_schedule.RewriteTensorize]: 0 failure(s)
2026-08-26 16:18:44 [INFO] [evolutionary_search.cc:551] Sample-Init-Population summary:
Trace replay failures: 0 failure(s)
Postproc #0 [s_tir.meta_schedule.DisallowDynamicLoop]: 0 failure(s)
Postproc #1 [s_tir.meta_schedule.RewriteCooperativeFetch]: 0 failure(s)
Postproc #2 [s_tir.meta_schedule.RewriteUnboundBlock]: 0 failure(s)
Postproc #3 [s_tir.meta_schedule.RewriteParallelVectorizeUnroll]: 0 failure(s)
Postproc #4 [s_tir.meta_schedule.RewriteReductionBlock]: 0 failure(s)
Postproc #5 [s_tir.meta_schedule.VerifyGPUCode]: 3246 failure(s)
Postproc #6 [s_tir.meta_schedule.RewriteTensorize]: 0 failure(s)
2026-08-26 16:18:45 [INFO] [evolutionary_search.cc:551] Sample-Init-Population summary:
Trace replay failures: 0 failure(s)
Postproc #0 [s_tir.meta_schedule.DisallowDynamicLoop]: 0 failure(s)
Postproc #1 [s_tir.meta_schedule.RewriteCooperativeFetch]: 0 failure(s)
Postproc #2 [s_tir.meta_schedule.RewriteUnboundBlock]: 0 failure(s)
Postproc #3 [s_tir.meta_schedule.RewriteParallelVectorizeUnroll]: 0 failure(s)
Postproc #4 [s_tir.meta_schedule.RewriteReductionBlock]: 0 failure(s)
Postproc #5 [s_tir.meta_schedule.VerifyGPUCode]: 3655 failure(s)
Postproc #6 [s_tir.meta_schedule.RewriteTensorize]: 0 failure(s)
2026-08-26 16:18:46 [INFO] [evolutionary_search.cc:551] Sample-Init-Population summary:
Trace replay failures: 0 failure(s)
Postproc #0 [s_tir.meta_schedule.DisallowDynamicLoop]: 0 failure(s)
Postproc #1 [s_tir.meta_schedule.RewriteCooperativeFetch]: 0 failure(s)
Postproc #2 [s_tir.meta_schedule.RewriteUnboundBlock]: 0 failure(s)
Postproc #3 [s_tir.meta_schedule.RewriteParallelVectorizeUnroll]: 0 failure(s)
Postproc #4 [s_tir.meta_schedule.RewriteReductionBlock]: 0 failure(s)
Postproc #5 [s_tir.meta_schedule.VerifyGPUCode]: 4064 failure(s)
Postproc #6 [s_tir.meta_schedule.RewriteTensorize]: 0 failure(s)
2026-08-26 16:18:47 [INFO] [evolutionary_search.cc:551] Sample-Init-Population summary:
Trace replay failures: 0 failure(s)
Postproc #0 [s_tir.meta_schedule.DisallowDynamicLoop]: 0 failure(s)
Postproc #1 [s_tir.meta_schedule.RewriteCooperativeFetch]: 0 failure(s)
Postproc #2 [s_tir.meta_schedule.RewriteUnboundBlock]: 0 failure(s)
Postproc #3 [s_tir.meta_schedule.RewriteParallelVectorizeUnroll]: 0 failure(s)
Postproc #4 [s_tir.meta_schedule.RewriteReductionBlock]: 0 failure(s)
Postproc #5 [s_tir.meta_schedule.VerifyGPUCode]: 4468 failure(s)
Postproc #6 [s_tir.meta_schedule.RewriteTensorize]: 0 failure(s)
2026-08-26 16:18:48 [INFO] [evolutionary_search.cc:551] Sample-Init-Population summary:
Trace replay failures: 0 failure(s)
Postproc #0 [s_tir.meta_schedule.DisallowDynamicLoop]: 0 failure(s)
Postproc #1 [s_tir.meta_schedule.RewriteCooperativeFetch]: 0 failure(s)
Postproc #2 [s_tir.meta_schedule.RewriteUnboundBlock]: 0 failure(s)
Postproc #3 [s_tir.meta_schedule.RewriteParallelVectorizeUnroll]: 0 failure(s)
Postproc #4 [s_tir.meta_schedule.RewriteReductionBlock]: 0 failure(s)
Postproc #5 [s_tir.meta_schedule.VerifyGPUCode]: 4875 failure(s)
Postproc #6 [s_tir.meta_schedule.RewriteTensorize]: 0 failure(s)
2026-08-26 16:18:49 [INFO] [evolutionary_search.cc:551] Sample-Init-Population summary:
Trace replay failures: 0 failure(s)
Postproc #0 [s_tir.meta_schedule.DisallowDynamicLoop]: 0 failure(s)
Postproc #1 [s_tir.meta_schedule.RewriteCooperativeFetch]: 0 failure(s)
Postproc #2 [s_tir.meta_schedule.RewriteUnboundBlock]: 0 failure(s)
Postproc #3 [s_tir.meta_schedule.RewriteParallelVectorizeUnroll]: 0 failure(s)
Postproc #4 [s_tir.meta_schedule.RewriteReductionBlock]: 0 failure(s)
Postproc #5 [s_tir.meta_schedule.VerifyGPUCode]: 5284 failure(s)
Postproc #6 [s_tir.meta_schedule.RewriteTensorize]: 0 failure(s)
2026-08-26 16:18:50 [INFO] [evolutionary_search.cc:551] Sample-Init-Population summary:
Trace replay failures: 0 failure(s)
Postproc #0 [s_tir.meta_schedule.DisallowDynamicLoop]: 0 failure(s)
Postproc #1 [s_tir.meta_schedule.RewriteCooperativeFetch]: 0 failure(s)
Postproc #2 [s_tir.meta_schedule.RewriteUnboundBlock]: 0 failure(s)
Postproc #3 [s_tir.meta_schedule.RewriteParallelVectorizeUnroll]: 0 failure(s)
Postproc #4 [s_tir.meta_schedule.RewriteReductionBlock]: 0 failure(s)
Postproc #5 [s_tir.meta_schedule.VerifyGPUCode]: 5688 failure(s)
Postproc #6 [s_tir.meta_schedule.RewriteTensorize]: 0 failure(s)
2026-08-26 16:18:50 [INFO] [evolutionary_search.cc:748] Sampled 52 candidate(s)
2026-08-26 16:18:51 [INFO] [evolutionary_search.cc:645] Evolve iter #0 done. Summary:
Trace replay failures: 0 failure(s)
Postproc #0 [s_tir.meta_schedule.DisallowDynamicLoop]: 0 failure(s)
Postproc #1 [s_tir.meta_schedule.RewriteCooperativeFetch]: 0 failure(s)
Postproc #2 [s_tir.meta_schedule.RewriteUnboundBlock]: 0 failure(s)
Postproc #3 [s_tir.meta_schedule.RewriteParallelVectorizeUnroll]: 0 failure(s)
Postproc #4 [s_tir.meta_schedule.RewriteReductionBlock]: 0 failure(s)
Postproc #5 [s_tir.meta_schedule.VerifyGPUCode]: 41 failure(s)
Postproc #6 [s_tir.meta_schedule.RewriteTensorize]: 0 failure(s)
2026-08-26 16:18:53 [INFO] [evolutionary_search.cc:645] Evolve iter #1 done. Summary:
Trace replay failures: 0 failure(s)
Postproc #0 [s_tir.meta_schedule.DisallowDynamicLoop]: 0 failure(s)
Postproc #1 [s_tir.meta_schedule.RewriteCooperativeFetch]: 0 failure(s)
Postproc #2 [s_tir.meta_schedule.RewriteUnboundBlock]: 0 failure(s)
Postproc #3 [s_tir.meta_schedule.RewriteParallelVectorizeUnroll]: 0 failure(s)
Postproc #4 [s_tir.meta_schedule.RewriteReductionBlock]: 0 failure(s)
Postproc #5 [s_tir.meta_schedule.VerifyGPUCode]: 53 failure(s)
Postproc #6 [s_tir.meta_schedule.RewriteTensorize]: 0 failure(s)
2026-08-26 16:18:55 [INFO] [evolutionary_search.cc:645] Evolve iter #2 done. Summary:
Trace replay failures: 0 failure(s)
Postproc #0 [s_tir.meta_schedule.DisallowDynamicLoop]: 0 failure(s)
Postproc #1 [s_tir.meta_schedule.RewriteCooperativeFetch]: 0 failure(s)
Postproc #2 [s_tir.meta_schedule.RewriteUnboundBlock]: 0 failure(s)
Postproc #3 [s_tir.meta_schedule.RewriteParallelVectorizeUnroll]: 0 failure(s)
Postproc #4 [s_tir.meta_schedule.RewriteReductionBlock]: 0 failure(s)
Postproc #5 [s_tir.meta_schedule.VerifyGPUCode]: 57 failure(s)
Postproc #6 [s_tir.meta_schedule.RewriteTensorize]: 0 failure(s)
2026-08-26 16:18:56 [INFO] [evolutionary_search.cc:645] Evolve iter #3 done. Summary:
Trace replay failures: 0 failure(s)
Postproc #0 [s_tir.meta_schedule.DisallowDynamicLoop]: 0 failure(s)
Postproc #1 [s_tir.meta_schedule.RewriteCooperativeFetch]: 0 failure(s)
Postproc #2 [s_tir.meta_schedule.RewriteUnboundBlock]: 0 failure(s)
Postproc #3 [s_tir.meta_schedule.RewriteParallelVectorizeUnroll]: 0 failure(s)
Postproc #4 [s_tir.meta_schedule.RewriteReductionBlock]: 0 failure(s)
Postproc #5 [s_tir.meta_schedule.VerifyGPUCode]: 41 failure(s)
Postproc #6 [s_tir.meta_schedule.RewriteTensorize]: 0 failure(s)
2026-08-26 16:18:57 [INFO] [evolutionary_search.cc:673] Scores of the best 64 candidates:
[1 : 16]:	0.9997  0.9997  0.9997  0.9993  0.9977  0.9974  0.9961  0.9961  0.9950  0.9944  0.9940  0.9936  0.9933  0.9927  0.9927  0.9919
[17 : 32]:	0.9918  0.9914  0.9907  0.9906  0.9903  0.9892  0.9884  0.9870  0.9866  0.9865  0.9865  0.9843  0.9837  0.9835  0.9831  0.9823
[33 : 48]:	0.9814  0.9805  0.9792  0.9789  0.9789  0.9787  0.9780  0.9773  0.9769  0.9758  0.9757  0.9756  0.9754  0.9752  0.9745  0.9745
[49 : 64]:	0.9741  0.9739  0.9733  0.9725  0.9720  0.9714  0.9700  0.9688  0.9686  0.9685  0.9680  0.9664  0.9660  0.9659  0.9658  0.9657
2026-08-26 16:18:57 [INFO] [evolutionary_search.cc:752] Got 64 candidate(s) with evolutionary search
2026-08-26 16:18:57 [INFO] [evolutionary_search.cc:755] Sending 64 candidates(s) for measurement
2026-08-26 16:19:50 [INFO] [task_scheduler.cc:144] [Task #0: main] Trial #1: GFLOPs: 5190.5075. Time: 633.5285 us. Best GFLOPs: 5190.5075
2026-08-26 16:19:50 [INFO] [task_scheduler.cc:144] [Task #0: main] Trial #2: GFLOPs: 4241.2159. Time: 775.3282 us. Best GFLOPs: 5190.5075
2026-08-26 16:19:50 [INFO] [task_scheduler.cc:144] [Task #0: main] Trial #3: GFLOPs: 9996.7643. Time: 328.9399 us. Best GFLOPs: 9996.7643
2026-08-26 16:19:50 [INFO] [task_scheduler.cc:144] [Task #0: main] Trial #4: GFLOPs: 11028.9736. Time: 298.1542 us. Best GFLOPs: 11028.9736
2026-08-26 16:19:50 [INFO] [task_scheduler.cc:144] [Task #0: main] Trial #5: GFLOPs: 4105.6803. Time: 800.9231 us. Best GFLOPs: 11028.9736
2026-08-26 16:19:50 [INFO] [task_scheduler.cc:144] [Task #0: main] Trial #6: GFLOPs: 1611.5206. Time: 2040.5165 us. Best GFLOPs: 11028.9736
2026-08-26 16:19:50 [INFO] [task_scheduler.cc:144] [Task #0: main] Trial #7: GFLOPs: 5608.6264. Time: 586.2994 us. Best GFLOPs: 11028.9736
2026-08-26 16:19:50 [INFO] [task_scheduler.cc:144] [Task #0: main] Trial #8: GFLOPs: 7528.1741. Time: 436.8037 us. Best GFLOPs: 11028.9736
2026-08-26 16:19:50 [INFO] [task_scheduler.cc:144] [Task #0: main] Trial #9: GFLOPs: 3375.4051. Time: 974.2044 us. Best GFLOPs: 11028.9736
2026-08-26 16:19:50 [INFO] [task_scheduler.cc:144] [Task #0: main] Trial #10: GFLOPs: 10585.9728. Time: 310.6313 us. Best GFLOPs: 11028.9736
2026-08-26 16:19:50 [INFO] [task_scheduler.cc:144] [Task #0: main] Trial #11: GFLOPs: 2957.9085. Time: 1111.7093 us. Best GFLOPs: 11028.9736
2026-08-26 16:19:50 [INFO] [task_scheduler.cc:144] [Task #0: main] Trial #12: GFLOPs: 2131.7285. Time: 1542.5671 us. Best GFLOPs: 11028.9736
2026-08-26 16:19:50 [INFO] [task_scheduler.cc:144] [Task #0: main] Trial #13: GFLOPs: 2285.3680. Time: 1438.8643 us. Best GFLOPs: 11028.9736
2026-08-26 16:19:50 [INFO] [task_scheduler.cc:144] [Task #0: main] Trial #14: GFLOPs: 5313.3827. Time: 618.8777 us. Best GFLOPs: 11028.9736
2026-08-26 16:19:50 [INFO] [task_scheduler.cc:144] [Task #0: main] Trial #15: GFLOPs: 7378.9539. Time: 445.6369 us. Best GFLOPs: 11028.9736
2026-08-26 16:19:50 [INFO] [task_scheduler.cc:144] [Task #0: main] Trial #16: GFLOPs: 5768.0737. Time: 570.0923 us. Best GFLOPs: 11028.9736
2026-08-26 16:19:50 [INFO] [task_scheduler.cc:144] [Task #0: main] Trial #17: GFLOPs: 1971.7327. Time: 1667.7384 us. Best GFLOPs: 11028.9736
2026-08-26 16:19:50 [INFO] [task_scheduler.cc:144] [Task #0: main] Trial #18: GFLOPs: 5743.4494. Time: 572.5365 us. Best GFLOPs: 11028.9736
2026-08-26 16:19:50 [INFO] [task_scheduler.cc:144] [Task #0: main] Trial #19: GFLOPs: 6024.2909. Time: 545.8459 us. Best GFLOPs: 11028.9736
2026-08-26 16:19:50 [INFO] [task_scheduler.cc:144] [Task #0: main] Trial #20: GFLOPs: 6213.5288. Time: 529.2217 us. Best GFLOPs: 11028.9736
2026-08-26 16:19:50 [INFO] [task_scheduler.cc:144] [Task #0: main] Trial #21: GFLOPs: 5391.4561. Time: 609.9158 us. Best GFLOPs: 11028.9736
2026-08-26 16:19:50 [INFO] [task_scheduler.cc:144] [Task #0: main] Trial #22: GFLOPs: 859.6653. Time: 3825.1331 us. Best GFLOPs: 11028.9736
2026-08-26 16:19:50 [INFO] [task_scheduler.cc:144] [Task #0: main] Trial #23: GFLOPs: 3244.8148. Time: 1013.4120 us. Best GFLOPs: 11028.9736
2026-08-26 16:19:50 [INFO] [task_scheduler.cc:144] [Task #0: main] Trial #24: GFLOPs: 3194.8785. Time: 1029.2518 us. Best GFLOPs: 11028.9736
2026-08-26 16:19:50 [INFO] [task_scheduler.cc:144] [Task #0: main] Trial #25: GFLOPs: 6736.8152. Time: 488.1141 us. Best GFLOPs: 11028.9736
2026-08-26 16:19:50 [INFO] [task_scheduler.cc:144] [Task #0: main] Trial #26: GFLOPs: 6403.6964. Time: 513.5057 us. Best GFLOPs: 11028.9736
2026-08-26 16:19:50 [INFO] [task_scheduler.cc:144] [Task #0: main] Trial #27: GFLOPs: 3718.1628. Time: 884.3976 us. Best GFLOPs: 11028.9736
2026-08-26 16:19:50 [INFO] [task_scheduler.cc:144] [Task #0: main] Trial #28: GFLOPs: 679.8043. Time: 4837.1778 us. Best GFLOPs: 11028.9736
2026-08-26 16:19:50 [INFO] [task_scheduler.cc:144] [Task #0: main] Trial #29: GFLOPs: 481.9658. Time: 6822.7539 us. Best GFLOPs: 11028.9736
2026-08-26 16:19:50 [INFO] [task_scheduler.cc:144] [Task #0: main] Trial #30: GFLOPs: 4234.3506. Time: 776.5853 us. Best GFLOPs: 11028.9736
2026-08-26 16:19:50 [INFO] [task_scheduler.cc:144] [Task #0: main] Trial #31: GFLOPs: 6156.9536. Time: 534.0846 us. Best GFLOPs: 11028.9736
2026-08-26 16:19:50 [INFO] [task_scheduler.cc:144] [Task #0: main] Trial #32: GFLOPs: 350.0285. Time: 9394.4757 us. Best GFLOPs: 11028.9736
2026-08-26 16:19:50 [INFO] [task_scheduler.cc:144] [Task #0: main] Trial #33: GFLOPs: 10996.6136. Time: 299.0315 us. Best GFLOPs: 11028.9736
2026-08-26 16:19:50 [INFO] [task_scheduler.cc:144] [Task #0: main] Trial #34: GFLOPs: 9364.9714. Time: 351.1313 us. Best GFLOPs: 11028.9736
2026-08-26 16:19:50 [INFO] [task_scheduler.cc:144] [Task #0: main] Trial #35: GFLOPs: 4833.2751. Time: 680.3532 us. Best GFLOPs: 11028.9736
2026-08-26 16:19:50 [INFO] [task_scheduler.cc:144] [Task #0: main] Trial #36: GFLOPs: 8607.5719. Time: 382.0281 us. Best GFLOPs: 11028.9736
2026-08-26 16:19:50 [INFO] [task_scheduler.cc:144] [Task #0: main] Trial #37: GFLOPs: 4708.3145. Time: 698.4101 us. Best GFLOPs: 11028.9736
2026-08-26 16:19:50 [INFO] [task_scheduler.cc:144] [Task #0: main] Trial #38: GFLOPs: 5761.7992. Time: 570.7131 us. Best GFLOPs: 11028.9736
2026-08-26 16:19:50 [INFO] [task_scheduler.cc:144] [Task #0: main] Trial #39: GFLOPs: 3453.3160. Time: 952.2251 us. Best GFLOPs: 11028.9736
2026-08-26 16:19:50 [INFO] [task_scheduler.cc:144] [Task #0: main] Trial #40: GFLOPs: 5469.6483. Time: 601.1967 us. Best GFLOPs: 11028.9736
2026-08-26 16:19:50 [INFO] [task_scheduler.cc:144] [Task #0: main] Trial #41: GFLOPs: 1202.2585. Time: 2735.1309 us. Best GFLOPs: 11028.9736
2026-08-26 16:19:50 [INFO] [task_scheduler.cc:144] [Task #0: main] Trial #42: GFLOPs: 9822.1189. Time: 334.7887 us. Best GFLOPs: 11028.9736
2026-08-26 16:19:50 [INFO] [task_scheduler.cc:144] [Task #0: main] Trial #43: GFLOPs: 5716.5823. Time: 575.2273 us. Best GFLOPs: 11028.9736
2026-08-26 16:19:50 [INFO] [task_scheduler.cc:144] [Task #0: main] Trial #44: GFLOPs: 3201.3078. Time: 1027.1847 us. Best GFLOPs: 11028.9736
2026-08-26 16:19:50 [INFO] [task_scheduler.cc:144] [Task #0: main] Trial #45: GFLOPs: 1271.2492. Time: 2586.6953 us. Best GFLOPs: 11028.9736
2026-08-26 16:19:50 [INFO] [task_scheduler.cc:144] [Task #0: main] Trial #46: GFLOPs: 868.3066. Time: 3787.0661 us. Best GFLOPs: 11028.9736
2026-08-26 16:19:50 [INFO] [task_scheduler.cc:144] [Task #0: main] Trial #47: GFLOPs: 3031.7326. Time: 1084.6387 us. Best GFLOPs: 11028.9736
2026-08-26 16:19:50 [INFO] [task_scheduler.cc:144] [Task #0: main] Trial #48: GFLOPs: 9767.4823. Time: 336.6614 us. Best GFLOPs: 11028.9736
2026-08-26 16:19:50 [INFO] [task_scheduler.cc:144] [Task #0: main] Trial #49: GFLOPs: 2894.6067. Time: 1136.0211 us. Best GFLOPs: 11028.9736
2026-08-26 16:19:50 [INFO] [task_scheduler.cc:144] [Task #0: main] Trial #50: GFLOPs: 3746.1307. Time: 877.7949 us. Best GFLOPs: 11028.9736
2026-08-26 16:19:50 [INFO] [task_scheduler.cc:144] [Task #0: main] Trial #51: GFLOPs: 7687.8509. Time: 427.7313 us. Best GFLOPs: 11028.9736
2026-08-26 16:19:50 [INFO] [task_scheduler.cc:144] [Task #0: main] Trial #52: GFLOPs: 6039.5219. Time: 544.4693 us. Best GFLOPs: 11028.9736
2026-08-26 16:19:50 [INFO] [task_scheduler.cc:144] [Task #0: main] Trial #53: GFLOPs: 9896.5611. Time: 332.2704 us. Best GFLOPs: 11028.9736
2026-08-26 16:19:50 [INFO] [task_scheduler.cc:144] [Task #0: main] Trial #54: GFLOPs: 6009.2874. Time: 547.2087 us. Best GFLOPs: 11028.9736
2026-08-26 16:19:50 [INFO] [task_scheduler.cc:144] [Task #0: main] Trial #55: GFLOPs: 1955.3535. Time: 1681.7084 us. Best GFLOPs: 11028.9736
2026-08-26 16:19:50 [INFO] [task_scheduler.cc:144] [Task #0: main] Trial #56: GFLOPs: 10525.1180. Time: 312.4273 us. Best GFLOPs: 11028.9736
2026-08-26 16:19:50 [INFO] [task_scheduler.cc:144] [Task #0: main] Trial #57: GFLOPs: 9994.0659. Time: 329.0287 us. Best GFLOPs: 11028.9736
2026-08-26 16:19:50 [INFO] [task_scheduler.cc:144] [Task #0: main] Trial #58: GFLOPs: 10717.4019. Time: 306.8220 us. Best GFLOPs: 11028.9736
2026-08-26 16:19:50 [INFO] [task_scheduler.cc:144] [Task #0: main] Trial #59: GFLOPs: 8615.4587. Time: 381.6784 us. Best GFLOPs: 11028.9736
2026-08-26 16:19:50 [INFO] [task_scheduler.cc:144] [Task #0: main] Trial #60: GFLOPs: 8792.6684. Time: 373.9859 us. Best GFLOPs: 11028.9736
2026-08-26 16:19:50 [INFO] [task_scheduler.cc:144] [Task #0: main] Trial #61: GFLOPs: 6842.5013. Time: 480.5749 us. Best GFLOPs: 11028.9736
2026-08-26 16:19:50 [INFO] [task_scheduler.cc:144] [Task #0: main] Trial #62: GFLOPs: 557.9327. Time: 5893.7826 us. Best GFLOPs: 11028.9736
2026-08-26 16:19:50 [INFO] [task_scheduler.cc:144] [Task #0: main] Trial #63: GFLOPs: 235.8136. Time: 13944.6315 us. Best GFLOPs: 11028.9736
2026-08-26 16:19:50 [INFO] [task_scheduler.cc:144] [Task #0: main] Trial #64: GFLOPs: 1665.5373. Time: 1974.3385 us. Best GFLOPs: 11028.9736
2026-08-26 16:19:50 [INFO] [evolutionary_search.cc:738] Generating candidates......
2026-08-26 16:19:50 [INFO] [evolutionary_search.cc:505] Pick-Best-From-Database summary:
Trace replay failures: 0 failure(s)
Postproc #0 [s_tir.meta_schedule.DisallowDynamicLoop]: 0 failure(s)
Postproc #1 [s_tir.meta_schedule.RewriteCooperativeFetch]: 0 failure(s)
Postproc #2 [s_tir.meta_schedule.RewriteUnboundBlock]: 0 failure(s)
Postproc #3 [s_tir.meta_schedule.RewriteParallelVectorizeUnroll]: 0 failure(s)
Postproc #4 [s_tir.meta_schedule.RewriteReductionBlock]: 0 failure(s)
Postproc #5 [s_tir.meta_schedule.VerifyGPUCode]: 0 failure(s)
Postproc #6 [s_tir.meta_schedule.RewriteTensorize]: 0 failure(s)
2026-08-26 16:19:50 [INFO] [evolutionary_search.cc:740] Picked top 102 candidate(s) from database
2026-08-26 16:19:51 [INFO] [evolutionary_search.cc:551] Sample-Init-Population summary:
Trace replay failures: 0 failure(s)
Postproc #0 [s_tir.meta_schedule.DisallowDynamicLoop]: 0 failure(s)
Postproc #1 [s_tir.meta_schedule.RewriteCooperativeFetch]: 0 failure(s)
Postproc #2 [s_tir.meta_schedule.RewriteUnboundBlock]: 0 failure(s)
Postproc #3 [s_tir.meta_schedule.RewriteParallelVectorizeUnroll]: 0 failure(s)
Postproc #4 [s_tir.meta_schedule.RewriteReductionBlock]: 0 failure(s)
Postproc #5 [s_tir.meta_schedule.VerifyGPUCode]: 407 failure(s)
Postproc #6 [s_tir.meta_schedule.RewriteTensorize]: 0 failure(s)
2026-08-26 16:19:52 [INFO] [evolutionary_search.cc:551] Sample-Init-Population summary:
Trace replay failures: 0 failure(s)
Postproc #0 [s_tir.meta_schedule.DisallowDynamicLoop]: 0 failure(s)
Postproc #1 [s_tir.meta_schedule.RewriteCooperativeFetch]: 0 failure(s)
Postproc #2 [s_tir.meta_schedule.RewriteUnboundBlock]: 0 failure(s)
Postproc #3 [s_tir.meta_schedule.RewriteParallelVectorizeUnroll]: 0 failure(s)
Postproc #4 [s_tir.meta_schedule.RewriteReductionBlock]: 0 failure(s)
Postproc #5 [s_tir.meta_schedule.VerifyGPUCode]: 813 failure(s)
Postproc #6 [s_tir.meta_schedule.RewriteTensorize]: 0 failure(s)
2026-08-26 16:19:53 [INFO] [evolutionary_search.cc:551] Sample-Init-Population summary:
Trace replay failures: 0 failure(s)
Postproc #0 [s_tir.meta_schedule.DisallowDynamicLoop]: 0 failure(s)
Postproc #1 [s_tir.meta_schedule.RewriteCooperativeFetch]: 0 failure(s)
Postproc #2 [s_tir.meta_schedule.RewriteUnboundBlock]: 0 failure(s)
Postproc #3 [s_tir.meta_schedule.RewriteParallelVectorizeUnroll]: 0 failure(s)
Postproc #4 [s_tir.meta_schedule.RewriteReductionBlock]: 0 failure(s)
Postproc #5 [s_tir.meta_schedule.VerifyGPUCode]: 1221 failure(s)
Postproc #6 [s_tir.meta_schedule.RewriteTensorize]: 0 failure(s)
2026-08-26 16:19:54 [INFO] [evolutionary_search.cc:551] Sample-Init-Population summary:
Trace replay failures: 0 failure(s)
Postproc #0 [s_tir.meta_schedule.DisallowDynamicLoop]: 0 failure(s)
Postproc #1 [s_tir.meta_schedule.RewriteCooperativeFetch]: 0 failure(s)
Postproc #2 [s_tir.meta_schedule.RewriteUnboundBlock]: 0 failure(s)
Postproc #3 [s_tir.meta_schedule.RewriteParallelVectorizeUnroll]: 0 failure(s)
Postproc #4 [s_tir.meta_schedule.RewriteReductionBlock]: 0 failure(s)
Postproc #5 [s_tir.meta_schedule.VerifyGPUCode]: 1630 failure(s)
Postproc #6 [s_tir.meta_schedule.RewriteTensorize]: 0 failure(s)
2026-08-26 16:19:54 [INFO] [evolutionary_search.cc:551] Sample-Init-Population summary:
Trace replay failures: 0 failure(s)
Postproc #0 [s_tir.meta_schedule.DisallowDynamicLoop]: 0 failure(s)
Postproc #1 [s_tir.meta_schedule.RewriteCooperativeFetch]: 0 failure(s)
Postproc #2 [s_tir.meta_schedule.RewriteUnboundBlock]: 0 failure(s)
Postproc #3 [s_tir.meta_schedule.RewriteParallelVectorizeUnroll]: 0 failure(s)
Postproc #4 [s_tir.meta_schedule.RewriteReductionBlock]: 0 failure(s)
Postproc #5 [s_tir.meta_schedule.VerifyGPUCode]: 2032 failure(s)
Postproc #6 [s_tir.meta_schedule.RewriteTensorize]: 0 failure(s)
2026-08-26 16:19:55 [INFO] [evolutionary_search.cc:551] Sample-Init-Population summary:
Trace replay failures: 0 failure(s)
Postproc #0 [s_tir.meta_schedule.DisallowDynamicLoop]: 0 failure(s)
Postproc #1 [s_tir.meta_schedule.RewriteCooperativeFetch]: 0 failure(s)
Postproc #2 [s_tir.meta_schedule.RewriteUnboundBlock]: 0 failure(s)
Postproc #3 [s_tir.meta_schedule.RewriteParallelVectorizeUnroll]: 0 failure(s)
Postproc #4 [s_tir.meta_schedule.RewriteReductionBlock]: 0 failure(s)
Postproc #5 [s_tir.meta_schedule.VerifyGPUCode]: 2442 failure(s)
Postproc #6 [s_tir.meta_schedule.RewriteTensorize]: 0 failure(s)
2026-08-26 16:19:56 [INFO] [evolutionary_search.cc:551] Sample-Init-Population summary:
Trace replay failures: 0 failure(s)
Postproc #0 [s_tir.meta_schedule.DisallowDynamicLoop]: 0 failure(s)
Postproc #1 [s_tir.meta_schedule.RewriteCooperativeFetch]: 0 failure(s)
Postproc #2 [s_tir.meta_schedule.RewriteUnboundBlock]: 0 failure(s)
Postproc #3 [s_tir.meta_schedule.RewriteParallelVectorizeUnroll]: 0 failure(s)
Postproc #4 [s_tir.meta_schedule.RewriteReductionBlock]: 0 failure(s)
Postproc #5 [s_tir.meta_schedule.VerifyGPUCode]: 2848 failure(s)
Postproc #6 [s_tir.meta_schedule.RewriteTensorize]: 0 failure(s)
2026-08-26 16:19:57 [INFO] [evolutionary_search.cc:551] Sample-Init-Population summary:
Trace replay failures: 0 failure(s)
Postproc #0 [s_tir.meta_schedule.DisallowDynamicLoop]: 0 failure(s)
Postproc #1 [s_tir.meta_schedule.RewriteCooperativeFetch]: 0 failure(s)
Postproc #2 [s_tir.meta_schedule.RewriteUnboundBlock]: 0 failure(s)
Postproc #3 [s_tir.meta_schedule.RewriteParallelVectorizeUnroll]: 0 failure(s)
Postproc #4 [s_tir.meta_schedule.RewriteReductionBlock]: 0 failure(s)
Postproc #5 [s_tir.meta_schedule.VerifyGPUCode]: 3257 failure(s)
Postproc #6 [s_tir.meta_schedule.RewriteTensorize]: 0 failure(s)
2026-08-26 16:19:58 [INFO] [evolutionary_search.cc:551] Sample-Init-Population summary:
Trace replay failures: 0 failure(s)
Postproc #0 [s_tir.meta_schedule.DisallowDynamicLoop]: 0 failure(s)
Postproc #1 [s_tir.meta_schedule.RewriteCooperativeFetch]: 0 failure(s)
Postproc #2 [s_tir.meta_schedule.RewriteUnboundBlock]: 0 failure(s)
Postproc #3 [s_tir.meta_schedule.RewriteParallelVectorizeUnroll]: 0 failure(s)
Postproc #4 [s_tir.meta_schedule.RewriteReductionBlock]: 0 failure(s)
Postproc #5 [s_tir.meta_schedule.VerifyGPUCode]: 3665 failure(s)
Postproc #6 [s_tir.meta_schedule.RewriteTensorize]: 0 failure(s)
2026-08-26 16:19:59 [INFO] [evolutionary_search.cc:551] Sample-Init-Population summary:
Trace replay failures: 0 failure(s)
Postproc #0 [s_tir.meta_schedule.DisallowDynamicLoop]: 0 failure(s)
Postproc #1 [s_tir.meta_schedule.RewriteCooperativeFetch]: 0 failure(s)
Postproc #2 [s_tir.meta_schedule.RewriteUnboundBlock]: 0 failure(s)
Postproc #3 [s_tir.meta_schedule.RewriteParallelVectorizeUnroll]: 0 failure(s)
Postproc #4 [s_tir.meta_schedule.RewriteReductionBlock]: 0 failure(s)
Postproc #5 [s_tir.meta_schedule.VerifyGPUCode]: 4072 failure(s)
Postproc #6 [s_tir.meta_schedule.RewriteTensorize]: 0 failure(s)
2026-08-26 16:20:00 [INFO] [evolutionary_search.cc:551] Sample-Init-Population summary:
Trace replay failures: 0 failure(s)
Postproc #0 [s_tir.meta_schedule.DisallowDynamicLoop]: 0 failure(s)
Postproc #1 [s_tir.meta_schedule.RewriteCooperativeFetch]: 0 failure(s)
Postproc #2 [s_tir.meta_schedule.RewriteUnboundBlock]: 0 failure(s)
Postproc #3 [s_tir.meta_schedule.RewriteParallelVectorizeUnroll]: 0 failure(s)
Postproc #4 [s_tir.meta_schedule.RewriteReductionBlock]: 0 failure(s)
Postproc #5 [s_tir.meta_schedule.VerifyGPUCode]: 4479 failure(s)
Postproc #6 [s_tir.meta_schedule.RewriteTensorize]: 0 failure(s)
2026-08-26 16:20:01 [INFO] [evolutionary_search.cc:551] Sample-Init-Population summary:
Trace replay failures: 0 failure(s)
Postproc #0 [s_tir.meta_schedule.DisallowDynamicLoop]: 0 failure(s)
Postproc #1 [s_tir.meta_schedule.RewriteCooperativeFetch]: 0 failure(s)
Postproc #2 [s_tir.meta_schedule.RewriteUnboundBlock]: 0 failure(s)
Postproc #3 [s_tir.meta_schedule.RewriteParallelVectorizeUnroll]: 0 failure(s)
Postproc #4 [s_tir.meta_schedule.RewriteReductionBlock]: 0 failure(s)
Postproc #5 [s_tir.meta_schedule.VerifyGPUCode]: 4887 failure(s)
Postproc #6 [s_tir.meta_schedule.RewriteTensorize]: 0 failure(s)
2026-08-26 16:20:02 [INFO] [evolutionary_search.cc:551] Sample-Init-Population summary:
Trace replay failures: 0 failure(s)
Postproc #0 [s_tir.meta_schedule.DisallowDynamicLoop]: 0 failure(s)
Postproc #1 [s_tir.meta_schedule.RewriteCooperativeFetch]: 0 failure(s)
Postproc #2 [s_tir.meta_schedule.RewriteUnboundBlock]: 0 failure(s)
Postproc #3 [s_tir.meta_schedule.RewriteParallelVectorizeUnroll]: 0 failure(s)
Postproc #4 [s_tir.meta_schedule.RewriteReductionBlock]: 0 failure(s)
Postproc #5 [s_tir.meta_schedule.VerifyGPUCode]: 5296 failure(s)
Postproc #6 [s_tir.meta_schedule.RewriteTensorize]: 0 failure(s)
2026-08-26 16:20:02 [INFO] [evolutionary_search.cc:551] Sample-Init-Population summary:
Trace replay failures: 0 failure(s)
Postproc #0 [s_tir.meta_schedule.DisallowDynamicLoop]: 0 failure(s)
Postproc #1 [s_tir.meta_schedule.RewriteCooperativeFetch]: 0 failure(s)
Postproc #2 [s_tir.meta_schedule.RewriteUnboundBlock]: 0 failure(s)
Postproc #3 [s_tir.meta_schedule.RewriteParallelVectorizeUnroll]: 0 failure(s)
Postproc #4 [s_tir.meta_schedule.RewriteReductionBlock]: 0 failure(s)
Postproc #5 [s_tir.meta_schedule.VerifyGPUCode]: 5703 failure(s)
Postproc #6 [s_tir.meta_schedule.RewriteTensorize]: 0 failure(s)
2026-08-26 16:20:03 [INFO] [evolutionary_search.cc:551] Sample-Init-Population summary:
Trace replay failures: 0 failure(s)
Postproc #0 [s_tir.meta_schedule.DisallowDynamicLoop]: 0 failure(s)
Postproc #1 [s_tir.meta_schedule.RewriteCooperativeFetch]: 0 failure(s)
Postproc #2 [s_tir.meta_schedule.RewriteUnboundBlock]: 0 failure(s)
Postproc #3 [s_tir.meta_schedule.RewriteParallelVectorizeUnroll]: 0 failure(s)
Postproc #4 [s_tir.meta_schedule.RewriteReductionBlock]: 0 failure(s)
Postproc #5 [s_tir.meta_schedule.VerifyGPUCode]: 6108 failure(s)
Postproc #6 [s_tir.meta_schedule.RewriteTensorize]: 0 failure(s)
2026-08-26 16:20:04 [INFO] [evolutionary_search.cc:551] Sample-Init-Population summary:
Trace replay failures: 0 failure(s)
Postproc #0 [s_tir.meta_schedule.DisallowDynamicLoop]: 0 failure(s)
Postproc #1 [s_tir.meta_schedule.RewriteCooperativeFetch]: 0 failure(s)
Postproc #2 [s_tir.meta_schedule.RewriteUnboundBlock]: 0 failure(s)
Postproc #3 [s_tir.meta_schedule.RewriteParallelVectorizeUnroll]: 0 failure(s)
Postproc #4 [s_tir.meta_schedule.RewriteReductionBlock]: 0 failure(s)
Postproc #5 [s_tir.meta_schedule.VerifyGPUCode]: 6515 failure(s)
Postproc #6 [s_tir.meta_schedule.RewriteTensorize]: 0 failure(s)
2026-08-26 16:20:05 [INFO] [evolutionary_search.cc:551] Sample-Init-Population summary:
Trace replay failures: 0 failure(s)
Postproc #0 [s_tir.meta_schedule.DisallowDynamicLoop]: 0 failure(s)
Postproc #1 [s_tir.meta_schedule.RewriteCooperativeFetch]: 0 failure(s)
Postproc #2 [s_tir.meta_schedule.RewriteUnboundBlock]: 0 failure(s)
Postproc #3 [s_tir.meta_schedule.RewriteParallelVectorizeUnroll]: 0 failure(s)
Postproc #4 [s_tir.meta_schedule.RewriteReductionBlock]: 0 failure(s)
Postproc #5 [s_tir.meta_schedule.VerifyGPUCode]: 6924 failure(s)
Postproc #6 [s_tir.meta_schedule.RewriteTensorize]: 0 failure(s)
2026-08-26 16:20:06 [INFO] [evolutionary_search.cc:551] Sample-Init-Population summary:
Trace replay failures: 0 failure(s)
Postproc #0 [s_tir.meta_schedule.DisallowDynamicLoop]: 0 failure(s)
Postproc #1 [s_tir.meta_schedule.RewriteCooperativeFetch]: 0 failure(s)
Postproc #2 [s_tir.meta_schedule.RewriteUnboundBlock]: 0 failure(s)
Postproc #3 [s_tir.meta_schedule.RewriteParallelVectorizeUnroll]: 0 failure(s)
Postproc #4 [s_tir.meta_schedule.RewriteReductionBlock]: 0 failure(s)
Postproc #5 [s_tir.meta_schedule.VerifyGPUCode]: 7329 failure(s)
Postproc #6 [s_tir.meta_schedule.RewriteTensorize]: 0 failure(s)
2026-08-26 16:20:06 [INFO] [evolutionary_search.cc:748] Sampled 51 candidate(s)
2026-08-26 16:20:08 [INFO] [evolutionary_search.cc:645] Evolve iter #0 done. Summary:
Trace replay failures: 0 failure(s)
Postproc #0 [s_tir.meta_schedule.DisallowDynamicLoop]: 0 failure(s)
Postproc #1 [s_tir.meta_schedule.RewriteCooperativeFetch]: 0 failure(s)
Postproc #2 [s_tir.meta_schedule.RewriteUnboundBlock]: 0 failure(s)
Postproc #3 [s_tir.meta_schedule.RewriteParallelVectorizeUnroll]: 0 failure(s)
Postproc #4 [s_tir.meta_schedule.RewriteReductionBlock]: 0 failure(s)
Postproc #5 [s_tir.meta_schedule.VerifyGPUCode]: 48 failure(s)
Postproc #6 [s_tir.meta_schedule.RewriteTensorize]: 0 failure(s)
2026-08-26 16:20:09 [INFO] [evolutionary_search.cc:645] Evolve iter #1 done. Summary:
Trace replay failures: 0 failure(s)
Postproc #0 [s_tir.meta_schedule.DisallowDynamicLoop]: 0 failure(s)
Postproc #1 [s_tir.meta_schedule.RewriteCooperativeFetch]: 0 failure(s)
Postproc #2 [s_tir.meta_schedule.RewriteUnboundBlock]: 0 failure(s)
Postproc #3 [s_tir.meta_schedule.RewriteParallelVectorizeUnroll]: 0 failure(s)
Postproc #4 [s_tir.meta_schedule.RewriteReductionBlock]: 0 failure(s)
Postproc #5 [s_tir.meta_schedule.VerifyGPUCode]: 61 failure(s)
Postproc #6 [s_tir.meta_schedule.RewriteTensorize]: 0 failure(s)
2026-08-26 16:20:11 [INFO] [evolutionary_search.cc:645] Evolve iter #2 done. Summary:
Trace replay failures: 0 failure(s)
Postproc #0 [s_tir.meta_schedule.DisallowDynamicLoop]: 0 failure(s)
Postproc #1 [s_tir.meta_schedule.RewriteCooperativeFetch]: 0 failure(s)
Postproc #2 [s_tir.meta_schedule.RewriteUnboundBlock]: 0 failure(s)
Postproc #3 [s_tir.meta_schedule.RewriteParallelVectorizeUnroll]: 0 failure(s)
Postproc #4 [s_tir.meta_schedule.RewriteReductionBlock]: 0 failure(s)
Postproc #5 [s_tir.meta_schedule.VerifyGPUCode]: 56 failure(s)
Postproc #6 [s_tir.meta_schedule.RewriteTensorize]: 0 failure(s)
2026-08-26 16:20:13 [INFO] [evolutionary_search.cc:645] Evolve iter #3 done. Summary:
Trace replay failures: 0 failure(s)
Postproc #0 [s_tir.meta_schedule.DisallowDynamicLoop]: 0 failure(s)
Postproc #1 [s_tir.meta_schedule.RewriteCooperativeFetch]: 0 failure(s)
Postproc #2 [s_tir.meta_schedule.RewriteUnboundBlock]: 0 failure(s)
Postproc #3 [s_tir.meta_schedule.RewriteParallelVectorizeUnroll]: 0 failure(s)
Postproc #4 [s_tir.meta_schedule.RewriteReductionBlock]: 0 failure(s)
Postproc #5 [s_tir.meta_schedule.VerifyGPUCode]: 56 failure(s)
Postproc #6 [s_tir.meta_schedule.RewriteTensorize]: 0 failure(s)
2026-08-26 16:20:13 [INFO] [evolutionary_search.cc:673] Scores of the best 64 candidates:
[1 : 16]:	0.9997  0.9994  0.9987  0.9987  0.9981  0.9965  0.9963  0.9961  0.9961  0.9948  0.9920  0.9920  0.9909  0.9909  0.9909  0.9906
[17 : 32]:	0.9902  0.9891  0.9891  0.9887  0.9876  0.9874  0.9849  0.9847  0.9842  0.9838  0.9830  0.9827  0.9819  0.9818  0.9817  0.9815
[33 : 48]:	0.9810  0.9803  0.9796  0.9792  0.9791  0.9787  0.9785  0.9778  0.9778  0.9734  0.9723  0.9717  0.9716  0.9712  0.9711  0.9709
[49 : 64]:	0.9703  0.9692  0.9684  0.9681  0.9676  0.9676  0.9670  0.9661  0.9652  0.9647  0.9630  0.9624  0.9621  0.9605  0.9597  0.9563
2026-08-26 16:20:13 [INFO] [evolutionary_search.cc:752] Got 64 candidate(s) with evolutionary search
2026-08-26 16:20:13 [INFO] [evolutionary_search.cc:755] Sending 64 candidates(s) for measurement
